:020000040800F2
:10000000303200208D220108E91B0108EB1B01089A
:10001000ED1B0108EF1B0108F11B010800000000A7
:10002000000000000000000000000000F31B0108B9
:10003000F51B010800000000F71B0108F91B01086F
:100040001127010815270108192701081D27010894
:100050002127010825270108292701082D27010844
:100060003127010835270108392701083D270108F4
:1000700041270108491C010845270108531C0108B4
:10008000492701084D270108512701085527010874
:10009000592701085D270108612701086527010824
:1000A000692701086D2701087127010875270108D4
:1000B0007927010800000000000000007D270108EA
:1000C0008127010885270108892701088D27010854
:1000D000912701085D1C010895270108671C01088C
:1000E00099270108711C01080000000000000000B1
:1000F0000000000000000000000000000000000000
:10010000000000009D27010800000000A127010851
:100110000000000000000000A5270108A927010831
:10012000AD270108B1270108B5270108B927010843
:10013000BD270108000000000000000000000000D2
:10014000C1270108C5270108C9270108CD270108D3
:10015000D12701087B1C0108851C0108D52701084F
:10016000D9270108DD270108E12701080000000068
:10017000E5270108E9270108ED2701080000000034
:10018000F1270108F5270108F927010880B5514832
:100190000078012806D0022807D0042808D00828B3
:1001A00009D00BE000F0A2F808E001F049FB05E0FF
:1001B00001F0D2FD02E002F069F8FFE701BD2DE990
:1001C000F0470024444D2888002804D02888401E89
:1001D000288000207CE03F4E307A002877D1202113
:1001E0003E4802F0B9FE002801D1012700E00027B7
:1001F000DFF8EC800421404602F0AEFE002802D178
:100200005FF0010901E05FF000090221404602F0C1
:10021000A3FE002802D15FF0010A01E05FF0000AAE
:100220000121404602F098FE002801D1012000E0A3
:10023000002057EA490757EA8A073C0054EAC004FD
:100240002000C0B2012805D0022803D0042801D024
:10025000082834D17068401C7060706850282DD315
:100260003470012030721F490868142801D2192007
:1002700028801D4822000378D2B29A4219D10A6818
:10028000521C0A600A681E2A02D20021716014E022
:100290000A68B42A02D2412171600EE00A68F02A8D
:1002A00002D24621716008E04E227260F0220A609C
:1002B00003E00022726000220A60047007E0002060
:1002C00009490870282070600020064908603078CD
:1002D000BDE8F087242D00200C2E002000080048E7
:1002E00000040048BC2D00201A2E0020F8B52DED8A
:1002F000028B84B0DFF8584AA078002823D0012868
:1003000046D0022876D0032800F00781042800F0A8
:100310008B81052800F0BC81062800F0A582072803
:1003200000F04983082800F02D84092800F0148586
:100330000A2800F097850B2800F062860D2800F04F
:10034000658701F074BADFF8D45B0020E860DFF85D
:10035000046A0A220021300002F084FE302030704E
:10036000302070703020B0703020F070E8680001EC
:10037000801CC0B2039002960520019004200090DA
:10038000052300220121A01C03F0F3FD01F04FBA68
:10039000DFF8880BC168491CC160C16804291EDBF5
:1003A000DFF8B00903F000FE012815D1A51C0622D4
:1003B000290014F1080002F0A3FEF12003900020B0
:1003C00002900C20019007200090072300220221B8
:1003D000280003F0CEFD0BE00020A07008E0C0680C
:1003E0000001801C0200D2B20021A01C03F09EFD7F
:1003F00001F01DBA207907280AD0C0F08C800928A6
:1004000032D01BD30B285BD044D30C286ED082E0B3
:10041000A51C0622290014F1080002F071FEF1204B
:100420000390002002900F2001900E2000900E23D8
:1004300000220321280003F09CFD6CE0A51C06228D
:10044000290014F1080002F05BFEF1200390002067
:10045000029012200190112000901123002204210B
:10046000280003F086FD56E0A51C0622290014F1A1
:10047000080002F045FEF120039000200290342095
:10048000019033200090332300220921280003F03B
:1004900070FD40E0A51C0622290014F1080002F0BE
:1004A0002FFEF1200390002002903820019036208A
:1004B0000090362300220A21280003F05AFD2AE08A
:1004C000A51C0622290014F1080002F019FEF120F3
:1004D0000390002002903D2001903A2000903A23A2
:1004E00000220B21280003F044FD14E0A51C062285
:1004F000290014F1080002F003FE00200390002000
:1005000002904020019040200090402300220C21C6
:10051000280003F02EFD01F08AB920790E2802D0C0
:100520000F2840D07EE0E078002802D001281FD0BC
:1005300038E0A61C0622310014F1080002F0E0FDAC
:10054000DFF8D859F220039015F10C0002900F202B
:1005500001900E2000900E23E278521CD2B20321AB
:10056000300003F006FDDFF8380D4078E86019E050
:10057000A51C0622290014F1080002F0C1FDF0209C
:1005800003900020029043200190432000904323D9
:1005900000220D21280003F0ECFC0120DFF8001DF3
:1005A0000870FFE73EE0E078002802D001281FD065
:1005B00038E0A61C0622310014F1080002F0A0FD6C
:1005C000DFF85859F220039015F10C0002900F202B
:1005D00001900F2000900F23E278521CD2B2032129
:1005E000300003F0C6FCDFF8B80C4068E86019E0A2
:1005F000A51C0622290014F1080002F081FDF0205C
:100600000390002002904320019043200090432358
:1006100000220D21280003F0ACFC0120DFF8801C33
:100620000870FFE701F003B92079112802D01228E1
:1006300016D02BE0A51C0622290014F1080002F0B8
:100640005FFDF1200390002002901A2001901720F6
:100650000090172300220521280003F08AFC15E0F2
:10066000A51C0622290014F1080002F049FDF12022
:10067000039000200290292001902620009026233C
:1006800000220721280003F074FCFFE701F0CFB837
:100690002079172808D0C0F0E58019286FD029D319
:1006A0001A2800F0AC80DDE0A51C0622290014F118
:1006B000080002F025FDF020039000200290432066
:1006C000019043200090432300220D21280003F0D5
:1006D00050FCDFF8D00B5FF07E510160DFF8C81BE3
:1006E00000220A60D1ED000A90ED000A062004F015
:1006F000E5FBB7E0E078002802D0012824D03DE0F7
:10070000A61C0622310014F1080002F0F9FCDFF803
:100710000C58F220039015F10C0002901A20019061
:10072000172000901823E278521CD2B20521300025
:1007300003F01FFCDFF8680B006DE860E868002834
:1007400001D10120E86019E0A51C0622290014F15E
:10075000080002F0D5FCF020039000200290432016
:10076000019043200090432300220D21280003F034
:1007700000FC0120DFF8281B0870FFE772E0E0783A
:10078000002802D001281FD038E0A61C0622310024
:1007900014F1080002F0B4FCDFF88057F220039057
:1007A00015F10C0002901A200190172000901923D7
:1007B000E278521CD2B20521300003F0DAFBDFF8F8
:1007C000E00A406DE86019E0A51C0622290014F13A
:1007D000080002F095FCF0200390002002904320D6
:1007E000019043200090432300220D21280003F0B4
:1007F000C0FB0120DFF8A81A0870FFE732E0A51C53
:100800000622290014F1080002F07AFCF02003907F
:1008100000200290432001904320009043230022B7
:100820000D21280003F0A5FBDFF8784A5FF07E5029
:100830002060DFF8745A00202860DFF8702C29004F
:100840002000D2ED031A92ED021AD2ED010A92EDC8
:10085000000A04F0EDFBD5ED000A94ED000A062035
:1008600004F02CFB00F0E3BF20791F2806D0C0F075
:10087000A080212800F0848041D39AE0E07800280D
:1008800002D0012820D039E0A61C0622310014F144
:10089000080002F035FCDFF88456F220039015F1D1
:1008A0000C000290212001901F2000901F23E2786D
:1008B000521CD2B20621300003F05BFBDFF8E009E6
:1008C000D0F88000E86019E0A51C0622290014F188
:1008D000080002F015FCF020039000200290432055
:1008E000019043200090432300220D21280003F0B3
:1008F00040FB0120DFF8A8190870FFE759E0E07815
:10090000002802D0012820D039E0A61C06223100A0
:1009100014F1080002F0F4FBDFF80056F220039017
:1009200015F10C000290212001901F20009020233F
:10093000E278521CD2B20621300003F01AFBDFF835
:100940006009D0F88400E86019E0A51C062229009F
:1009500014F1080002F0D4FBF02003900020029074
:100960004320019043200090432300220D212800C2
:1009700003F0FFFA0120DFF828190870FFE718E0FC
:10098000A51C0622290014F1080002F0B9FBF02092
:1009900003900020029043200190432000904323C5
:1009A00000220D21280003F0E4FA0120DFF8F018FE
:1009B000087000F03CBF2079262808D0C0F0E08005
:1009C00028286AD029D3292800F0A780D8E0A51CC0
:1009D0000622290014F1080002F092FBF020039097
:1009E00000200290432001904320009043230022E6
:1009F0000D21280003F0BDFADFF8A8085FF07E5152
:100A00000160DFF8A41800220A60D1ED000A90ED21
:100A1000000A072004F052FAB2E0E078002802D081
:100A200001281FD038E0A61C0622310014F108006E
:100A300002F066FBDFF8E454F220039015F10C009D
:100A4000029029200190262000902723E278521C52
:100A5000D2B20721300003F08CFADFF84408406E70
:100A6000E86019E0A51C0622290014F1080002F034
:100A700047FBF02003900020029043200190432088
:100A80000090432300220D21280003F072FA012078
:100A9000DFF80C180870FFE772E0E078002802D059
:100AA00001281FD038E0A61C0622310014F10800EE
:100AB00002F026FBDFF86454F220039015F10C00DD
:100AC000029029200190262000902823E278521CD1
:100AD000D2B20721300003F04CFADFF8C407806E71
:100AE000E86019E0A51C0622290014F1080002F0B4
:100AF00007FBF02003900020029043200190432048
:100B00000090432300220D21280003F032FA012037
:100B1000DFF88C170870FFE732E0A51C06222900D9
:100B200014F1080002F0ECFAF0200390002002908B
:100B30004320019043200090432300220D212800F0
:100B400003F017FADFF85C475FF07E502060DFF8B3
:100B5000585700202860DFF8542929002000D2EDE2
:100B6000071A92ED061AD2ED050A92ED040A04F076
:100B700043FAD5ED000A94ED000A072004F09EF92F
:100B800000F055BE20792E2808D0C0F0DE80302835
:100B900069D029D3312800F0A580D6E0A51C062213
:100BA000290014F1080002F0ABFAF02003900020B5
:100BB00002904320019043200090432300220D2106
:100BC000280003F0D6F9DFF8DC065FF07E51016003
:100BD000DFF8D41600220A60D1ED000A90ED000A79
:100BE000082004F06BF9B0E0E078002802D001287A
:100BF0001ED037E0A61C0622310014F1080002F0D6
:100C00007FFAC64DF220039015F10C0002903120BE
:100C100001902E2000902F23E278521CD2B208219E
:100C2000300003F0A6F9DFF87806806FE86019E07D
:100C3000A51C0622290014F1080002F061FAF02038
:100C40000390002002904320019043200090432312
:100C500000220D21280003F08CF90120DFF8401656
:100C60000870FFE771E0E078002802D001281ED06C
:100C700037E0A61C0622310014F1080002F040FA09
:100C8000A64DF220039015F10C0002903120019046
:100C90002E2000903023E278521CD2B2082130007E
:100CA00003F067F9DFF8F805C06FE86019E0A51CEC
:100CB0000622290014F1080002F022FAF020039025
:100CC0000020029043200190432000904323002203
:100CD0000D21280003F04DF90120DFF8C41508703C
:100CE000FFE732E0A51C0622290014F1080002F0FB
:100CF00007FAF02003900020029043200190432047
:100D00000090432300220D21280003F032F9DFF880
:100D100094455FF07E502060DFF88C5500202860FD
:100D2000DFF8882729002000D2ED0B1A92ED0A1A6D
:100D3000D2ED090A92ED080A04F05EF9D5ED000A39
:100D400094ED000A082004F0B9F800F070BD00BF6F
:100D50006C2D0020000000202079332802D0342898
:100D60003FD07DE0E078002802D001281ED037E097
:100D7000A61C0622310014F1080002F0C1F9674DEB
:100D8000F220039015F10C000290342001903320E2
:100D900000903323E278521CD2B20921300003F0D4
:100DA000E8F8DFF8FC04006AE86019E0A51C0622F8
:100DB000290014F1080002F0A3F9F02003900020AC
:100DC00002904320019043200090432300220D21F4
:100DD000280003F0CEF80120DFF8C4140870FFE704
:100DE0003EE0E078002802D001281ED037E0A61CA3
:100DF0000622310014F1080002F082F9474DF2207A
:100E0000039015F10C0002903420019033200090E3
:100E10003423E278521CD2B20921300003F0A9F841
:100E2000DFF87C04406AE86019E0A51C062229006E
:100E300014F1080002F064F9F02003900020029001
:100E40004320019043200090432300220D212800DD
:100E500003F08FF80120DFF848140870FFE7FFE780
:100E600000F0E5BC2079362806D0C0F0C7803828CD
:100E700000F0868042D3C1E0E078002802D001284B
:100E800021D03AE0A71C0622390014F1080002F034
:100E900037F9224D15F10C06F22003900296382006
:100EA0000190362000903623E278521CD2B20A21FB
:100EB000380003F05EF8DFF880090078E860DFF8BA
:100EC000E003066319E0A51C0622290014F10800BE
:100ED00002F016F9F02003900020029043200190C8
:100EE00043200090432300220D21280003F041F805
:100EF0000120DFF8AC130870FFE77FE0E0780028FE
:100F000002D0012822D03AE0A61C0622310014F1BA
:100F1000080002F0F5F8014D02E000BF242D00208A
:100F2000F220039015F10C00029038200190362039
:100F300000903723E278521CD2B20A21300003F02D
:100F400018F8DFF85C03806AE86018E0A51C062248
:100F5000290014F1080002F0D3F8F02003900020DB
:100F600002904320019043200090432300220D2152
:100F7000280002F0FEFF0120C9490870FFE73DE0AC
:100F8000E078002802D001281ED036E0A61C0622F8
:100F9000310014F1080002F0B3F8DFF8A058F22095
:100FA000039015F10C00029038200190362000903B
:100FB0003823E278521CD2B20A21300002F0D9FF65
:100FC000B748C06AE86018E0A51C0622290014F1A1
:100FD000080002F095F8F0200390002002904320D2
:100FE000019043200090432300220D21280002F0AD
:100FF000C0FF0120AA490870FFE7FFE700F017BC17
:1010000020793A2809D0C0F000813C2800F0818086
:1010100041D33D2800F0BB80F7E0E078002802D003
:1010200001281ED036E0A61C0622310014F108006B
:1010300002F066F8DFF80458F220039015F10C0076
:1010400002903D2001903A2000903A23E278521C11
:10105000D2B20B21300002F08CFF9148406BE86067
:1010600018E0A51C0622290014F1080002F048F837
:10107000F020039000200290432001904320009034
:10108000432300220D21280002F073FF0120844930
:101090000870FFE7B9E0E078002802D001281ED0F0
:1010A00036E0A61C0622310014F1080002F028F8F0
:1010B000DFF88857F220039015F10C0002903D20D4
:1010C00001903A2000903B23E278521CD2B20B21CF
:1010D000300002F04EFF7248806BE86018E0A51CFB
:1010E0000622290014F1080002F00AF8F02003900B
:1010F00000200290432001904320009043230022CF
:101100000D21280002F035FF012065490870FFE736
:101110007BE0E078002802D001281ED036E0A61C33
:101120000622310014F1080001F0EAFFDFF80C5745
:10113000F220039015F10C0002903D2001903A201E
:1011400000903C23E278521CD2B20B21300002F016
:1011500010FF5348C06BE86018E0A51C0622290068
:1011600014F1080001F0CCFFF02003900020029061
:101170004320019043200090432300220D212800AA
:1011800002F0F7FE012046490870FFE73DE0E078F5
:10119000002802D001281ED036E0A61C062231000D
:1011A00014F1080001F0ACFFDFF89056F220039034
:1011B00015F10C0002903D2001903A2000903D2353
:1011C000E278521CD2B20B21300002F0D2FE344839
:1011D000006CE86018E0A51C0622290014F1080044
:1011E00001F08EFFF0200390002002904320019038
:1011F00043200090432300220D21280002F0B9FE75
:10120000012027490870FFE7FFE710E3207A032851
:1012100013D0052800F04D81062800F00982072828
:1012200000F06282082800F0B08209283FD00A2826
:1012300077D00B2800F0C080F8E2322002F023FAC9
:10124000032017490870A07A0E2802D00F280AD070
:101250002CE0DFF8E80A4178DFF8E005C068C0B2AA
:1012600005F0CFFF22E000200100C9B20B2910DAFF
:10127000DFF8CC1A0200D2B251F82210DFF8BC25F8
:10128000D268914203D1DFF8B41A487001E0401CE3
:10129000EAE7DFF8A80A4178007805F0B2FF05E038
:1012A0007C000020C02D0020C42D0020BEE2DFF80D
:1012B000945A03202870322002F0E5F9A07A3328EE
:1012C00002D0342816D02BE0287A06F0ABF900EED5
:1012D000100ADFF8740AD0ED0A0ADFF8600590ED15
:1012E000031AB8EEC11AB8EE400A81EE000A03F004
:1012F00029FF15E0687A06F095F900EE100ADFF88C
:101300003C05D0ED030AF8EEE00AB8EE400AC0EE64
:10131000800ADFF8340A90ED090A03F013FFFFE7B3
:1013200084E2DFF8205A03202870322002F0ABF963
:10133000A07A362804D03ED3382825D00DD33AE001
:10134000DFF8F404D0ED020A90ED010ADFF8EC04B6
:10135000C068C0B203F0A2FF2DE0A87A06F062F9DF
:1013600000EE100ADFF8D004DFF8D014D1ED030A44
:10137000F8EEE00AB8EE400AC0EE800A90ED010AED
:10138000007803F08BFF16E0A87A06F04BF900EE28
:10139000100ADFF8A404D0ED020ADFF8A01491EDE2
:1013A000031AB8EEC11AB8EE400A81EE000A0078BE
:1013B00003F074FFFFE739E2DFF888590320287053
:1013C000322002F060F9A07A3A2806D070D33C2887
:1013D00037D01CD33D284ED06AE0E87A06F022F9D7
:1013E00000EE100ADFF86409D0ED031A90ED021A3E
:1013F000D0ED010ADFF8440490ED032AB8EEC22ACA
:10140000B8EE400A82EE000A04F00AF850E0E87AEA
:1014100006F008F900EE100ADFF83009D0ED031AE3
:1014200090ED021ADFF81414D1ED030AF8EEE00A89
:10143000B8EE400AC0EE800A90ED000A03F0F0FF1B
:1014400036E0E87A06F0EEF800EE100ADFF8FC0865
:10145000D0ED031ADFF8E413D1ED030AF8EEE00A49
:10146000B8EE400A80EE801AD0ED010A90ED000A35
:1014700003F0D6FF1CE0E87A06F0D4F800EE100A7C
:10148000DFF8C808DFF8B413D1ED030AF8EEE00A7C
:10149000B8EE400AC0EE801A90ED021AD0ED010AB3
:1014A00090ED000A03F0BCFF02E000BF382C0020E2
:1014B000BCE1A07A172808D0C0F0B980192865D0FF
:1014C00026D31A2800F0A080B1E0DFED860A9FED58
:1014D000850A0021002004F09BFCDFED820A9FEDCD
:1014E000810A0021012004F093FCDFED7E0A9FEDCC
:1014F0007D0A0021022004F08BFCDFED7A0A9FEDCB
:10150000790A0021032004F083FC03F0C1FC8EE083
:10151000DFF8305803202870322002F0B4F8287A1F
:1015200006F080F800EE100AC44CD4ED030AF8EE81
:10153000E00AB8EE400A80EE800A002004F0BEF80F
:10154000DFF8040890ED010A012004F0B7F8287ACA
:1015500006F068F808EE100A287A06F063F800EE44
:10156000100AD4ED030AF8EEE00AB8EE481AC0EE0D
:10157000810A94ED031AB8EEC11AB8EE400A81EE62
:10158000000A0121002004F043FC50E0DFF8B457CA
:1015900003202870322002F076F8287A06F042F80C
:1015A00000EE100AA54CD4ED030AF8EEE00AB8EEFE
:1015B000400A80EE800A022004F080F8DFF88807F5
:1015C00090ED010A032004F079F8287A06F02AF851
:1015D00008EE100A287A06F025F800EE100AD4ED7D
:1015E000030AF8EEE00AB8EE481AC0EE810A94ED5C
:1015F000031AB8EEC11AB8EE400A81EE000A0121C2
:10160000032004F005FC12E0DFED360A9FED350AF9
:101610000021012004F0FCFBDFED320A9FED310ACE
:101620000021022004F0F4FB03F032FCFFE7FDE0B0
:10163000DFF8140790F8450000284ED1322002F060
:1016400022F8DFF8000703210170A17A1F2904D0D6
:1016500042D321292FD017D33EE0007A05F0E2FFD4
:1016600000EE100A7548D0ED030AF8EEE00AB8EE75
:10167000400AC0EE800ADFF8D80690ED000A01218A
:10168000012004F0C5FB2CE0007A05F0CBFF00EE52
:10169000100A6A48D0ED030AF8EEE00AB8EE400AF4
:1016A000C0EE800ADFF8A80690ED000A01210220B2
:1016B00004F0AEFB15E0DFED0B0A9FED0A0A0021F6
:1016C000012004F0A5FBDFED070A9FED060A0021CB
:1016D000022004F09DFB04E003E00420DFF8641620
:1016E0000870A3E000000000A07A262806D04BD3A3
:1016F000282826D005D3292843D045E003F0C8FB8D
:1017000042E0DFF8404603202070322001F0BBFFAA
:10171000207A05F087FF00EE100A4848D0ED030A52
:10172000F8EEE00AB8EE400A80EE800A042003F0EA
:10173000C5FFDFF8140690ED020A052003F0BEFF96
:1017400022E0DFF8004603202070322001F09BFFEA
:10175000207A05F067FF00EE100A3848D0ED030A42
:10176000F8EEE00AB8EE400A80EE800A062003F0A8
:10177000A5FFDFF8D40590ED020A072003F09EFFD5
:1017800002E003F085FBFFE750E0A07A2E2806D0A8
:101790004BD3302826D005D3312843D045E003F081
:1017A00077FB42E0DFF89C4503202070322001F0F7
:1017B0006AFF207A05F036FF00EE100A1F48D0EDD0
:1017C000030AF8EEE00AB8EE400A80EE800A08202C
:1017D00003F074FFDFF8700590ED030A092003F0B1
:1017E0006DFF22E0DFF85C4503202070322001F01D
:1017F0004AFF207A05F016FF00EE100A0F48D0EDE0
:10180000030AF8EEE00AB8EE400A80EE800A0A20E9
:1018100003F054FFDFF8300590ED030A0B2003F0CE
:101820004DFF02E003F034FBFFE7FFE7FFE704B002
:10183000BDEC028BF1BD0000A42D0020242D002062
:101840001FB5DFF81045A078002818D0022828D04E
:1018500016D3042800F0808030D3062800F0F480EE
:10186000C0F0BA80082800F06B81C0F031810A28EE
:1018700000F09E817DD30B2800F0F0815DE25CE2F8
:10188000DFF8F809DFF8F819CA68825C521CCB68E7
:10189000C254CA68825C3A2A02DB3022C9684254C8
:1018A0004BE260792179884202D22079401E207172
:1018B000F1220021A01C02F039FB3EE2E078002872
:1018C0000CD160792179884202D22079401E2071A2
:1018D000F1220021A01C02F029FB3CE020790E2817
:1018E00002D00F2812D036E0E078002802D001287C
:1018F00001D00AE009E0DFF88809C168B1F5807F0E
:1019000002DAC168491CC160FFE724E0E0780028E2
:1019100002D0012801D01EE01DE000210800C0B265
:101920000B2817DADFF81824DFF854090B00DBB2B4
:1019300052F82330C468A3420AD10B00DBB20A2B51
:1019400006DA0B00DBB202EB83025268C26001E0F0
:10195000491CE3E7FFE7F0E160792179884202D290
:101960002079401E2071F1220021A01C02F0DEFA35
:10197000E3E1E07800280CD160792179884202D235
:101980002079401E2071F1220021A01C02F0CEFA25
:1019900021E02079332802D034280ED01BE0E078F3
:1019A000002802D0012801D006E005E0DFF8D008C9
:1019B000C168491CC160FFE70DE0E078002802D053
:1019C000012801D006E005E0DFF8B408C168491C31
:1019D000C160FFE7FFE7B0E1E07800280CD1607953
:1019E0002179884202D22079401E2071F122002103
:1019F000A01C02F09BFA26E02079172806D022D3FB
:101A0000192812D003D31A281DD01CE01BE0E0785F
:101A1000002802D0012801D006E005E0DFF86008C8
:101A2000C168491CC160FFE70DE0E078002802D0E2
:101A3000012801D006E005E0DFF84408C168491C30
:101A4000C160FFE7FFE778E1E07800281BD160790B
:101A50002179884208D22079401E2071F12200218C
:101A6000A01C02F063FA32E0F12003900020029003
:101A70001A200190172000901A2300220521A01C93
:101A800002F077FA23E020791F2804D01FD3212801
:101A90001DD00ED31BE0E078002802D0012801D031
:101AA00006E005E0DFF8D807C168491CC160FFE720
:101AB0000DE0E078002802D0012801D006E005E022
:101AC000DFF8BC07C168491CC160FFE7FFE734E1EC
:101AD000E07800280CD160792179884202D22079FF
:101AE000401E2071F1220021A01C02F01FFA26E006
:101AF0002079262806D022D3282812D003D32928DB
:101B00001DD01CE01BE0E078002802D0012801D0A5
:101B100006E005E0DFF86807C168491CC160FFE71F
:101B20000DE0E078002802D0012801D006E005E0B1
:101B3000DFF84C07C168491CC160FFE7FFE7FCE024
:101B4000E07800280CD160792179884202D220798E
:101B5000401E2071F1220021A01C02F0E7F926E0CE
:101B600020792E2806D022D3302812D003D3312852
:101B70001DD01CE01BE0E078002802D0012801D035
:101B800006E005E0DFF8F806C168491CC160FFE720
:101B90000DE0E078002802D0012801D006E005E041
:101BA000DFF8DC06C168491CC160FFE7FFE7C4E05D
:101BB000E07800280CD160792179884202D220791E
:101BC000401E2071F1220021A01C02F0AFF944E078
:101BD0002079362804D040D338282BD013D33CE0CA
:101BE000E078002802D0012801D00BE00AE0DFF8FD
:101BF0009016C868002802D10120C86001E00020CA
:101C0000C860FFE729E0E078002802D0012801D071
:101C10000FE00EE04B48807A05F004FDDFF8602607
:101C2000D368C8214843834202D2D068401CD060A8
:101C3000FFE712E0E078002802D0012801D00BE095
:101C40000AE0DFF83C06C1683E4A926A914202DA35
:101C5000C168491CC160FFE7FFE76EE0E07800283B
:101C60000CD160792179884202D22079401E2071FE
:101C7000F1220021A01C02F059F95DE020793A28F8
:101C800006D059D33C282DD019D33D2841D053E05C
:101C9000E078002802D0012801D00FE00EE02948AA
:101CA000C07A05F0BFFCDFF8D825D368C8214843C7
:101CB000834202D2D068401CD060FFE73CE0E0786D
:101CC000002802D0012801D00BE00AE0DFF8B005BF
:101CD000C1681C4A526B914202DAC168491CC1605A
:101CE000FFE729E0E078002802D0012801D00FE0CA
:101CF0000EE01448C07A05F095FCDFF88425D3681F
:101D000050214843834202D2D068401CD060FFE794
:101D100012E0E078002802D0012801D00BE00AE0B0
:101D2000DFF85C05C168074AD26B914202DAC168EC
:101D3000491CC160FFE7FFE7FFE71FBD3C0F002024
:101D4000B40900207C000020B82B00207C2D00204E
:101D5000002C00206C2D00201FB5DFF82845A0784E
:101D6000002818D0022828D016D3042800F080803C
:101D700030D3062800F00981C0F0BA80082800F0AE
:101D80007B81C0F03D810A2800F0B2817DD30B2811
:101D900000F0038270E26FE2DFF8E004DFF8E014A5
:101DA000CA68825C521ECB68C254CA68825C302A00
:101DB00002DA3922C96842545EE22079A179884268
:101DC00002D22079401C2071F1220021A01C02F0D7
:101DD000ADF851E2E07800280CD12079A179884251
:101DE00002D22079401C2071F1220021A01C02F0B7
:101DF0009DF83CE020790E2802D00F2811D036E063
:101E0000E078002802D0012801D009E008E0DFF8DE
:101E10007004C168012902DBC168491EC160FFE787
:101E200025E0E078002802D0012801D01FE01EE064
:101E30000A221000C0B2002818D0DFF84C34DFF8B6
:101E400040141000C0B253F82000CC68A0420BD15F
:101E50001000C0B2002807D01000C0B203EB800011
:101E600050F8040CC86001E0521EE2E7FFE703E20D
:101E70002079A179884202D22079401C2071F12278
:101E80000021A01C02F052F8F6E1E07800280CD105
:101E90002079A179884202D22079401C2071F12258
:101EA0000021A01C02F042F821E02079332802D062
:101EB00034280ED01BE0E078002802D0012801D0A1
:101EC00006E005E0DFF8B803C168491EC160FFE71E
:101ED0000DE0E078002802D0012801D006E005E0FE
:101EE000DFF89C03C168491EC160FFE7FFE7C3E15B
:101EF000E07800281BD12079A17988420ED1F12009
:101F0000039000200290212001901F2000901F23A9
:101F100000220621A01C02F02CF835E02079401C9C
:101F20002071F1220021A01C02F000F82CE02079A1
:101F3000172806D028D3192815D003D31A2823D060
:101F400022E021E0E078002802D0012801D009E059
:101F500008E0DFF82C03C168012902DBC168491ED3
:101F6000C160FFE710E0E078002802D0012801D02E
:101F700009E008E0DFF80803C168012902DBC16855
:101F8000491EC160FFE7FFE776E1E07800280CD149
:101F90002079A179884202D22079401C2071F12257
:101FA0000021A01C01F0C2FF29E020791F2804D0E5
:101FB00025D3212823D011D321E0E078002802D0B6
:101FC000012801D009E008E0DFF8B402C168012966
:101FD00002DBC168491EC160FFE710E0E07800281D
:101FE00002D0012801D009E008E0DFF89402C168BE
:101FF000012902DBC168491EC160FFE7FFE73BE141
:10200000E07800280CD12079A179884202D2207989
:10201000401C2071F1220021A01C01F087FF2AE062
:102020002079262806D026D3282814D003D329289F
:1020300021D020E01FE0E078002802D0012801D064
:1020400008E007E08E48C168012902DBC168491E2B
:10205000C160FFE70FE0E078002802D0012801D03E
:1020600008E007E08648C168012902DBC168491E13
:10207000C160FFE7FFE7FFE0E07800280CD120799E
:10208000A179884202D22079401C2071F1220021DE
:10209000A01C01F04BFF2AE020792E2806D026D381
:1020A000302814D003D3312821D020E01FE0E0787D
:1020B000002802D0012801D008E007E07048C1687C
:1020C000012902DBC168491EC160FFE70FE0E0782B
:1020D000002802D0012801D008E007E06848C16864
:1020E000012902DBC168491EC160FFE7FFE7C3E0C9
:1020F000E07800280CD12079A179884202D2207999
:10210000401C2071F1220021A01C01F00FFF43E0D0
:102110002079362804D03FD3382826D012D33BE08C
:10212000E078002802D0012801D00AE009E05449F3
:10213000C868002802D10120C86001E00020C86002
:10214000FFE729E0E078002802D0012801D00BE069
:102150000AE04B48DFF88C1AC96AC268914202DA79
:10216000C168491EC160FFE716E0E078002802D090
:10217000012801D00FE00EE0DFF8680A807A05F050
:1021800051FA3F4A00214843D168884202D2D068C0
:10219000401ED060FFE7FFE76EE0E07800280CD13A
:1021A0002079A179884202D22079401C2071F12245
:1021B0000021A01C01F0BAFE5DE020793A2806D08B
:1021C00059D33C282DD015D33D283DD053E0E0789D
:1021D000002802D0012801D00BE00AE02848DFF8EF
:1021E000041A896BC268914202DAC168491EC16053
:1021F000FFE740E0E078002802D0012801D00FE09E
:102200000EE0DFF8E009C07A05F00CFA1C4A002164
:102210004843D168884202D2D068401ED060FFE7B0
:1022200029E0E078002802D0012801D00BE00AE084
:102230001348DFF8B019096CC268914202DAC1682C
:10224000491EC160FFE716E0E078002802D00128AF
:1022500001D00FE00EE0DFF88C09C07A05F0E2F95A
:10226000074A00214843D168884202D2D068401E04
:10227000D060FFE7FFE7FFE71FBD00000000002080
:10228000242D00206C2D0020B40900207FB5DFF83C
:102290005849A078002822D0012822D0022824D032
:1022A000032826D0042800F09880052800F0B0808C
:1022B000062800F05281072800F0DB81092800F091
:1022C0007D820A2800F0ED820B2800F095830C280F
:1022D00000F073840D2800F0778400F082BC00F0D9
:1022E00080BC0020A07000F07CBC0020A07000F03A
:1022F00078BC20790E2802D00F2836D06BE0E07829
:10230000002802D0012816D02EE0A51CF120039051
:10231000002002900C20019007200090072300224B
:102320000221280001F025FE0622290014F10800F0
:1023300000F0E6FE18E0A51C0622290014F10800B2
:1023400000F0DEFEF1200390DFF8A00802900F20DD
:1023500001900E2000900E23E078421ED2B203219D
:10236000280001F006FEFFE735E0E078002802D003
:10237000012816D02EE0A51CF12003900020029029
:102380000C20019007200090072300220221280042
:1023900001F0EFFD0622290014F1080000F0B0FE64
:1023A00018E0A51C0622290014F1080000F0A8FE80
:1023B000F1200390DFF8380802900F2001900E20E2
:1023C00000900F23E078421ED2B20321280001F0D2
:1023D000D0FDFFE7FFE700F004BC207911380128A9
:1023E00015D8A51CF1200390002002900C2001902C
:1023F00007200090082300220221280001F0B9FDE7
:102400000622290014F1080000F07AFEFFE7E8E355
:102410002079172808D0C0F09F80192850D019D3F0
:102420001A2800F0838097E0A51CF120039000207B
:10243000029012200190112000901123002204210B
:10244000280001F096FD0622290014F1080000F092
:1024500057FE81E0E078002802D0012816D02EE057
:10246000A51CF12003900020029012200190112061
:102470000090112300220421280001F07AFD062299
:10248000290014F1080000F03BFE18E0A51C06220C
:10249000290014F1080000F033FEF1200390DFF86A
:1024A000540702901A200190172000901823E0781A
:1024B000421ED2B20521280001F05BFDFFE74BE090
:1024C000E078002802D0012816D02EE0A51CF120CB
:1024D00003900020029012200190112000901123FF
:1024E00000220421280001F044FD0622290014F1F5
:1024F000080000F005FE18E0A51C0622290014F1D2
:10250000080000F0FDFDF1200390DFF8EC060290DA
:102510001A200190172000901923E078421ED2B2B1
:102520000521280001F025FDFFE715E0A51CF1209D
:10253000039000200290122001901120009011239E
:1025400000220421280001F014FD0622290014F1C4
:10255000080000F0D5FDFFE743E320791F2805D0F0
:10256000C0F0868021286DD036D381E0E078002845
:1025700002D0012816D02EE0A51CF12003900020E7
:1025800002901220019011200090112300220421BA
:10259000280001F0EEFC0622290014F1080000F0EA
:1025A000AFFD18E0A51C0622290014F1080000F078
:1025B000A7FDF1200390DFF844060290212001904E
:1025C0001F2000901F23E078421ED2B2062128006F
:1025D00001F0CFFCFFE74BE0E078002802D00128B3
:1025E00016D02EE0A51CF1200390002002901220AE
:1025F000019011200090112300220421280001F0F5
:10260000B8FC0622290014F1080000F079FD18E05A
:10261000A51C0622290014F1080000F071FDF1202C
:102620000390DFF8DC050290212001901F2000902C
:102630002023E078421ED2B20621280001F099FC46
:10264000FFE715E0A51CF120039000200290122066
:10265000019011200090112300220421280001F094
:1026600088FC0622290014F1080000F049FDFFE76C
:10267000B7E22079262808D0C0F09F80282850D0C3
:1026800019D3292800F0838097E0A51CF12003903E
:1026900000200290122001901120009012230022AD
:1026A0000421280001F065FC0622290014F108002D
:1026B00000F026FD81E0E078002802D0012816D045
:1026C0002EE0A51CF1200390002002901220019022
:1026D00011200090122300220421280001F049FC5F
:1026E0000622290014F1080000F00AFD18E0A51CDC
:1026F0000622290014F1080000F002FDF1200390E9
:10270000DFF8000502902920019026200090272361
:10271000E078421ED2B20721280001F02AFCFFE730
:102720004BE0E078002802D0012816D02EE0A51C4E
:10273000F1200390002002901220019011200090BF
:10274000122300220421280001F013FC0622290094
:1027500014F1080000F0D4FC18E0A51C06222900A2
:1027600014F1080000F0CCFCF1200390DFF898048D
:10277000029029200190262000902823E078421E14
:10278000D2B20721280001F0F4FBFFE715E0A51CF9
:10279000F12003900020029012200190112000905F
:1027A000122300220421280001F0E3FB0622290065
:1027B00014F1080000F0A4FCFFE712E220793328AE
:1027C00002D0342836D06BE0E078002802D001280F
:1027D00016D02EE0A51CF1200390002002900C20C2
:1027E000019007200090092300220221280001F017
:1027F000C0FB0622290014F1080000F081FC18E05B
:10280000A51C0622290014F1080000F079FCF12033
:102810000390DFF8F80302903420019033200090F9
:102820003323E078421ED2B20921280001F0A1FB37
:10283000FFE735E0E078002802D0012816D02EE02E
:10284000A51CF1200390002002900C20019007208D
:102850000090092300220221280001F08AFB0622B1
:10286000290014F1080000F04BFC18E0A51C06221A
:10287000290014F1080000F043FCF1200390DFF878
:102880009003029034200190332000903423E078AC
:10289000421ED2B20921280001F06BFBFFE7FFE7DF
:1028A0009FE12079362805D0C0F0A58038286DD06A
:1028B00037D3A0E0E078002802D0012816D02FE01E
:1028C000A51CF1200390002002900C20019007200D
:1028D00000900A2300220221280001F04AFB062270
:1028E000290014F1080000F00BFC19E0A51C0622D9
:1028F000290014F1080000F003FCC64EF1200390FB
:10290000029638200190362000903623E078421E4F
:10291000D2B20A21280001F02CFBB2480663FFE77F
:1029200069E0E078002802D0012816D02DE0A51C2F
:10293000F1200390002002900C20019007200090CD
:102940000A2300220221280001F013FB062229009D
:1029500014F1080000F0D4FB17E0A51C06222900A2
:1029600014F1080000F0CCFBF1200390AA4802907B
:1029700038200190362000903723E078421ED2B2F2
:102980000A21280001F0F5FAFFE734E0E07800289A
:1029900002D0012816D02DE0A51CF12003900020C4
:1029A00002900C200190072000900A2300220221AF
:1029B000280001F0DEFA0622290014F1080000F0D8
:1029C0009FFB17E0A51C0622290014F1080000F067
:1029D00097FBF12003909148029038200190362017
:1029E00000903823E078421ED2B20A21280001F07C
:1029F000C0FAFFE7FFE7F4E020793A2808D0C0F0FA
:102A0000DB803C286ED038D33D2800F0A080D3E096
:102A1000E078002802D0012816D02DE0A51CF12076
:102A20000390002002900C200190072000900B23BF
:102A300000220221280001F09CFA0622290014F14C
:102A4000080000F05DFB17E0A51C0622290014F128
:102A5000080000F055FBF1200390714802903D20E2
:102A600001903A2000903A23E078421ED2B20B2126
:102A7000280001F07EFAFFE79EE0E078002802D00F
:102A8000012816D02DE0A51CF12003900020029013
:102A90000C200190072000900B2300220221280027
:102AA00001F067FA0622290014F1080000F028FB63
:102AB00017E0A51C0622290014F1080000F020FBF5
:102AC000F1200390574802903D2001903A20009059
:102AD0003B23E078421ED2B20B21280001F049FAD4
:102AE000FFE769E0E078002802D0012816D02DE049
:102AF000A51CF1200390002002900C2001900720DB
:102B000000900B2300220221280001F032FA062255
:102B1000290014F1080000F0F3FA17E0A51C0622C2
:102B2000290014F1080000F0EBFAF12003903E4870
:102B300002903D2001903A2000903C23E078421E14
:102B4000D2B20B21280001F014FAFFE734E0E0785C
:102B5000002802D0012816D02DE0A51CF1200390FA
:102B6000002002900C200190072000900B230022EF
:102B70000221280001F0FDF90622290014F10800C5
:102B800000F0BEFA17E0A51C0622290014F1080087
:102B900000F0B6FAF1200390244802903D20019005
:102BA0003A2000903D23E078421ED2B20B2128004B
:102BB00001F0DFF9FFE7FFE713E0062214F1080157
:102BC000A01C00F09DFA0CE0064D2878022807D0E2
:102BD000062214F10801A01C00F092FA00202870CF
:102BE000FFE77FBD7C0000206C2D00207D000020D1
:102BF00080000020CC000020D0000020FC0000203D
:102C000000010020E0000020E40000209C000020E3
:102C1000A0000020A42D0020A4000020A800002077
:102C2000B0000020B4000020B8000020BC0000204C
:102C3000F8B4030000250868E840002800F0D780B9
:102C400001260F6816FA05F007403A00002A00F046
:102C5000CC80087910F00300012804D0087910F026
:102C6000030002281DD19F685FF0030C2800C0B24A
:102C700040001CFA00FC37EA0C07D1F80CC0280011
:102C8000C0B240001CFA00FC5CEA07079F6058686D
:102C9000AE40B0434E68C6F30016AE403043040069
:102CA0005C60087910F0030003280ED0DE6803276B
:102CB0002800C0B240008740BE438F682800C0B2E1
:102CC000400087403E433400DC60087910F0030088
:102CD000022818D12800C00803EB8000066A0F27DD
:102CE00015F00700C0B280008740BE430F6915F0A1
:102CF0000700C0B2800087403E4334002800C0086F
:102D000003EB800004621E6803272800C0B2400065
:102D10008740BE430F7917F003072800C0B2400078
:102D200087403E4334001C60486810F4403F5CD04C
:102D30009548066856F001060660006810F001002C
:102D400000900098914F2800800857F820605FF0AD
:102D50000F0C15F00300C0B280001CFA00FC36EA2C
:102D60000C06B3F1904F01D1002414E0884883424F
:102D700001D101240FE08748834201D102240AE0F7
:102D80008548834201D1032405E08448834201D170
:102D9000042400E0072415F00300C0B28000844042
:102DA00026432800800847F820607D4C2068904327
:102DB0004F68FF0200D5104320607A4E3468944378
:102DC0004F68BF0200D514433460774E306890439B
:102DD0004F68BF0300D510433060744E346894438D
:102DE0004F68FF0300D5144334606D1C23E7F1BC2A
:102DF00070472DE9F041030000250800E840002855
:102E000000F0A880012616FA05F008400200002A0A
:102E100000F09E80DFF874C1280080085CF8200074
:102E20000F2715F0030E5FFA8EFE5FEA8E0E17FA7B
:102E30000EFE1EEA00000400B3F1904F02D15FF0D5
:102E4000000E19E05248834202D15FF0010E13E0F8
:102E50005048834202D15FF0020E0DE04E4883429B
:102E600002D15FF0030E07E04C48834202D15FF0CD
:102E7000040E01E05FF0070E15F00300C0B2800001
:102E80001EFA00FE74452CD14848D0F800E03EEA16
:102E9000020EC0F800E04448D0F800E03EEA020E1E
:102EA000C0F800E03F48D0F800E03EEA020EC0F86B
:102EB00000E03B48D0F800E03EEA020EC0F800E037
:102EC00015F00300C0B2800017FA00F004002800DB
:102ED00080085CF82000A043AE465FEA9E0E4CF8E6
:102EE0002E005FF0030C1868AE465FFA8EFE5FEAB4
:102EF0004E0E1CFA0EFE5EEA000018602800C008A4
:102F000003EB800E2800C00803EB8000D0F820807F
:102F100015F00700C0B28000874038EA0707CEF8F6
:102F2000207098682F00FFB27F001CFA07F7B843A3
:102F300098605868AE4030EA06065E60DE68280099
:102F4000C0B240001CFA00FC36EA0C0CC3F80CC0FE
:102F50006D1C52E7BDE8F081020010690B009BB2C6
:102F6000184201D0012000E00020C0B270471300D9
:102F7000DBB2002B03D00B009BB2836102E00B009D
:102F80009BB283627047000060100240080001405D
:102F90000004004800080048000C004800100048E9
:102FA000080401400C0401400404014000040140F5
:102FB00038B504000D00DFF8FC010168200000F0C6
:102FC00006F8A84201D3012000E0002032BD814272
:102FD00004D25FF0FF32101A081800E0081A704798
:102FE00038B52DED048B08EE100A0C001500DFED4E
:102FF000438A2800C0B2FB2810DBB8EEC89A28002C
:10300000C0B24042C0B200F08BF829EE009A002115
:103010002000B0EE490A00F0B1F80EE0B8EEC89A10
:103020002800C0B200F07CF889EE009A2900C9B2ED
:103030002000B0EE490A00F0A1F8BDEC048B31BDD0
:1030400010B400210A00838892B29A4206D200226C
:1030500003680C00A4B21A55491CF3E700228280D1
:1030600010BC704710B4040013005A1E9BB2002B12
:1030700002D02170641CF7E710BC704770B50400E3
:103080000D001600DFF8240100782100C9B2884243
:1030900009D3DFF824211068002804D0310089B258
:1030A00028001268904770BD38B504000D00280054
:1030B00004F0BEFC020092B229002000C0B2FFF76B
:1030C000DDFF31BD70B504000D00280004F0B0FC38
:1030D000020092B229002000C0B2FFF7CFFFDFF854
:1030E000DC603068002807D0280004F0A1FC010053
:1030F00089B228003268904770BD000000000000CF
:1031000030B404000D0013005A1E9BB2002B04D0F3
:103110002B7823706D1C641CF5E730BC70470000F1
:1031200010B504002000C0B2FB2816DB2000C0B29E
:10313000D0F5807004F0B4FC41EC110B9FED200B36
:1031400004F0CDFC53EC102B0020194904F0D0FC06
:1031500004F0F2FD00EE100A0FE02000C0B204F00F
:103160001FFE41EC110B9FED160B04F0B8FC51EC67
:10317000100B04F0E1FD00EE100A10BD38B52DED86
:10318000028B82B0B0EE408A04000D0018EE100AE7
:1031900004F014FECDE900012A000B49200004F0E0
:1031A00031FE02B0BDEC028B31BD0000400F0020AB
:1031B0000000F03FFC2D0020042E0020002E0020F7
:1031C0000000000000002440EC26010838B5002271
:1031D0004FF40071DFF83C0CFFF7C9FE00224FF4FA
:1031E00000715FF09040FFF7C2FE04F02BFEDFF8A5
:1031F000280CDFF8D81C0163DFF8D41C421CC1F88E
:103200005821021DC1F8702110F114020A62027ADD
:1032100081F8252010F11C028A63427A81F83D2052
:1032200010F12002C1F8D024027A81F8D52410F1DF
:103230002402C1F8E824427A81F8ED2410F1280232
:10324000C1F83025827A81F8352510F12C02C1F8B9
:103250004825827A81F84D2510F13402C1F878258D
:10326000C27A81F87D2510F13802C1F89025C27A22
:1032700081F8952510F13C02C1F8A825C27A81F8A1
:10328000AD2510F14002C1F8C025C27A81F8C525EC
:10329000DFF8942C1268C1F80826DFF8842D126834
:1032A000C1F8382610F14402C1F8E821037A81F808
:1032B000ED3110F14803C1F80032047A81F805427B
:1032C00010F14C04C1F81842057A81F81D5210F132
:1032D0005005C1F84852057A81F84D5210F1540555
:1032E000C1F86052057A81F86552C1F8A822027AC5
:1032F00081F8AD22C1F8C032027A81F8C522C1F846
:10330000D842027A81F8DD2210F18002C1F8F02261
:10331000027A81F8F52210F18402C1F80823027ABA
:1033200081F80D2310F15802C1F85023027A81F878
:10333000552310F15C02C1F86823027A81F86D23ED
:1033400010F16002C1F88023027A81F8852310F120
:103350006402C1F8B023027A81F8B52310F1680243
:10336000C1F8C823027A81F8CD2310F16C02C1F8AC
:103370001024027A81F8152410F17002C1F8282473
:10338000027A81F82D2410F17402C1F84024027AE7
:1033900081F8452410F17802C1F87024027A81F88E
:1033A000752410F17C02C1F88824007A81F88D041C
:1033B00031BD38B5002000242000C0B2072835DA1E
:1033C000DFF8C05C2000C0B200012844407801282A
:1033D0002AD12000C0B200012844406800280ED045
:1033E00004F088FD2100C9B2090129444968401A46
:1033F0002100C9B2090129448968884214D30020F8
:103400002100C9B209012944487004F073FD21006C
:10341000C9B20901294448602000C0B22100C9B2E4
:1034200009012944C9688847641CC5E7002032BDEA
:1034300038B50400DFF8EC5B687800281FD1002263
:103440004FF40071DFF8CC09FFF791FD00224FF433
:1034500000715FF09040FFF78AFD04F0F3FC8920D3
:103460000090202307220521DFF81C0C04F048FD02
:10347000012068700221DFF80C0C04F089FE0120A5
:1034800032BD7CB50400DFF8045C2878002803D046
:10349000022823D003D33DE004F0A4FE3AE004F078
:1034A00017FF89200090202307220521DFF8D80B81
:1034B00004F026FDDFF8D82B03212C2004F03AFE7F
:1034C000DFF8D02B0421082004F034FE04F05DFF67
:1034D00041F28830DFF8AC1B88611BE00120DFF887
:1034E000441B487089200090202307220521DFF823
:1034F000980B04F005FDDFF88C6B0221300004F01E
:1035000047FE0321300004F043FE0421300004F0A4
:103510003FFEFFE72878401C28702100C9B2DFF881
:10352000640B04F044FE012076BD70B5040000F089
:10353000BCF8DFF8F05A6878012803D1A87800F0C9
:10354000C9FC04E00021DFF83C0B04F021FEDFF8A9
:10355000480BA9780278914207D0A9780170DFF86A
:10356000400B0068DFF83C1B0860A8780E2812D1D9
:10357000DFF8306B4FF4FA613068FFF719FD01286E
:1035800009D1DFF81C0B00683060062215F1080134
:10359000A81CFFF7B5FD2100C9B2DFF8E80A04F066
:1035A00006FE012070BD10B50400DFF8001BDFF837
:1035B000000B0069FFF7FCFC012827D1DFF8F40AB3
:1035C0000178012905D1002101700020DFF8541A8B
:1035D0008870DFF8E40A0188491C018042F210710A
:1035E000DFF8A02A2300DBB21B011A449268B1FB6A
:1035F000F2F102888A420DD300210180DFF8241AFB
:103600008878002806D00020887003E00120DFF8C9
:10361000A41A08702100C9B2DFF8680A04F0C7FDD7
:10362000012010BD38B50400FCF7C9FDDFF8805A51
:10363000287A012808D10521DFF8480A04F0A8FDFE
:10364000DFF85C0A006828612100C9B2DFF8340A9B
:1036500004F0ADFD012032BD10B50400FCF796FD6D
:10366000DFF84C0A0021017000210172012010BD19
:1036700010B5040000224FF40051DFF89807FFF75F
:1036800076FC012010BD10B5040001224FF400515A
:10369000DFF88007FFF76BFCDFF8E809210089B24B
:1036A0008166062104F083FD10BD70B5DFF8684720
:1036B000DFF8080A216B097850F82100DFF81018AC
:1036C000C1F81805DFF8F80901786170DFF8F4191E
:1036D000407851F820006060207A03F0A3FF00EEEC
:1036E000100ADFF8E459B8EE400AD5ED020A20EEE0
:1036F000200ABDEEC00A84ED030A607A03F092FF4F
:1037000000EE100AB8EE400AD5ED040A20EE200AB9
:10371000BDEEC00A84ED040A207A03F083FF00EEB8
:10372000100AB8EE400AD5ED050A20EE200ABDEEDB
:10373000C00A84ED050A207A03F074FF00EE100A37
:10374000B8EE400AD5ED060A20EE200ABDEEC00A0A
:1037500084ED060A607A03F065FF00EE100AB8EE09
:10376000400AD5ED080A20EE200ABDEEC00A84ED1D
:10377000070A207A03F056FF00EE100AB8EE400A5E
:10378000D5ED090A20EE200ABDEEC00A84ED080A34
:10379000607A03F047FF00EE100AB8EE400AD5ED5C
:1037A0000A0A20EE200ABDEEC00A84ED090AA07ABA
:1037B00003F038FF00EE100ADFF81067B8EE400A99
:1037C000D6ED020A20EE200ABDEEC00A84ED0A0AF8
:1037D000A07A03F027FF00EE100AB8EE400AD6EDFB
:1037E000010A20EE200ABDEEC00A84ED0B0AE07A41
:1037F00003F018FF00EE100ADFF8D068B8EE400AB8
:10380000D6ED000A20EE200ABDEEC00A84ED0D0AB6
:10381000E07A03F007FF00EE100AB8EE400AD6ED9A
:10382000010A20EE200ABDEEC00A84ED0E0AE07AFD
:1038300003F0F8FE00EE100AB8EE400AD6ED020AD8
:1038400020EE200ABDEEC00A84ED0F0AE07A03F0F4
:10385000E9FE00EE100AB8EE400AD6ED030A20EEAB
:10386000200ABDEEC00A84ED100A207A03F0DAFEC9
:1038700000EE100AB8EE400AD5ED010A20EE200A4B
:10388000BDEEC00A84ED110A207A03F0CBFE00EEF3
:10389000100AB8EE400AD5ED0B0A20EE200ABDEE64
:1038A000C00A84ED120A207A03F0BCFE00EE100A72
:1038B000B8EE400AD5ED0C0A20EE200ABDEEC00A93
:1038C00084ED130A207A03F0ADFE00EE100ADFF853
:1038D0000068B8EE400AD6ED000A20EE200ABDEEE0
:1038E000C00A84ED140A207A03F09CFE00EE100A50
:1038F000B8EE400AD6ED020A20EE200ABDEEC00A5C
:1039000084ED150A207A03F08DFE00EE100AB8EE61
:10391000400AD5ED020A20EE200ABDEEC00A84ED71
:10392000160A207A03F07EFE00EE100AB8EE400A76
:10393000D5ED0D0A20EE200ABDEEC00A84ED170A6F
:10394000207A03F06FFE00EE100AB8EE400AD5EDC3
:103950000E0A20EE200ABDEEC00A84ED180A207A75
:1039600003F060FE00EE100AB8EE400AD6ED040A3D
:1039700020EE200ABDEEC00A84ED190A207A03F079
:1039800051FE00EE100AB8EE400AD6ED060A20EE0F
:10399000200ABDEEC00A84ED1A0A207A03F042FE26
:1039A00000EE100AB8EE400AD5ED030A20EE200A18
:1039B000BDEEC00A84ED1B0A207A03F033FE00EE50
:1039C000100AB8EE400AD5ED0F0A20EE200ABDEE2F
:1039D000C00A84ED1C0A207A03F024FE00EE100ACF
:1039E000B8EE400AD5ED100A20EE200ABDEEC00A5E
:1039F00084ED1D0A207A03F015FE00EE100AB8EEE1
:103A0000400AD6ED080A20EE200ABDEEC00A84ED79
:103A10001E0A207A03F006FE00EE100AB8EE400AF5
:103A2000D6ED0A0A20EE200ABDEEC00A84ED1F0A78
:103A3000207A03F0F7FD00EE100ADFF89856B8EE92
:103A4000400AD5ED070A20EE200ABDEEC00A84ED3B
:103A5000200A207A03F0E6FD00EE100AB8EE400AD4
:103A6000D5ED0A0A20EE200ABDEEC00A84ED210A37
:103A700070BD2DE9F84F8AB006002021002202AC6B
:103A8000200004F0EFFC0024002500208DF8050044
:103A900000208DF806001827DFF834843000C0B20B
:103AA0007843404490F815903000C0B278434044C9
:103AB0004068002842D001213000C0B200F0AEF9C9
:103AC00000280ED13000C0B2784340444268300034
:103AD000C0B278434044017D4846C0B204F02AFB9E
:103AE0001EE05FF0000A3000C0B2784340444068F6
:103AF00003F09EFF5146C9B2814207D2202002A99D
:103B00005246D2B288541AF1010AECE702AA3000F8
:103B1000C0B278434044017D4846C0B204F00AFB7D
:103B20003000C0B278434044406803F081FFDFF8C2
:103B3000A8150979491C484310FA89F93000C0B228
:103B4000784340448068002800F03A813000C0B2D9
:103B500078434044007B00280BD002281ED012D3AB
:103B6000042830D024D3062845D036D307283ED0A9
:103B700044E03000C0B278434044806800780021BF
:103B800004000D003AE03000C0B278434044806841
:103B900090F90000C11704000D002FE03000C0B202
:103BA0007843404480680088002104000D0025E02F
:103BB0003000C0B2784340448068B0F90000C117BB
:103BC00004000D001AE03000C0B278434044806821
:103BD0000068002104000D0010E03000C0B27843FE
:103BE000404480680068C11704000D0006E0012011
:103BF0008DF8050002E002208DF805009DF8050013
:103C000000280CD13000C0B278434044407B404291
:103C10000200D2B202A92000FFF7E2F926E09DF8E7
:103C2000050001281AD13000C0B2784340448068B2
:103C300003F0FEFE202819D23000C0B27843404481
:103C4000806803F0F5FE020092B23000C0B2784303
:103C50004044816802A8FFF753FA07E03000C0B281
:103C600078434044806800788DF8080002213000D5
:103C7000C0B200F0D3F8012823D13000C0B278439D
:103C80004044807DC0B200098DF806009DF8060012
:103C90000F2805D0202002A99DF80620885410E0A6
:103CA0005FF0000A02A803F0C3FE5146C9B2814288
:103CB00007D2202002A95246D2B288541AF1010A32
:103CC000F0E73000C0B201285ED15FF0000A0020AA
:103CD0008DF804003000C0B278434044407B002897
:103CE00002D009208DF80400392000902E231522DF
:103CF0000F21DFF8E80304F0E9FB02A803F098FEC7
:103D00008346DFF8D4030079401C00FB0BFB5846C8
:103D1000C0B2022190FBF1F01F280BDA5846C0B266
:103D2000022190FBF1F0D0F140009DF8041050FA10
:103D300081FA07E05846C0B2D0F15F009DF8041048
:103D400050FA81FA02AA3000C0B278434044007DA4
:103D5000401CC0B2DFF880134979D1EBC001491E85
:103D6000C9B25046C0B204F05BFD5AFA8BF09DF820
:103D70000490B0EB09098920009020230722052137
:103D8000C14804F0BDF81BE08920009020230722E1
:103D90000521BD4804F0B4F802AA3000C0B278434F
:103DA0004044017D4846C0B204F0C4F902A803F0C3
:103DB0003FFEC9490979491C484310FA89F08146F8
:103DC0003000C0B278434044006900281ED0300063
:103DD000C0B2784340448068002817D03000C0B299
:103DE000784340448068BE4988420FD03000C0B25A
:103DF0007843404402693000C0B207FB00F708EB8B
:103E00000700017D4846C0B204F094F90BB0BDE84C
:103E1000F08F0000000800487C000020F8B5040086
:103E20000D002B492200D2B21820424301EB0200C0
:103E3000817D2800C0B201402800C0B2814230D14B
:103E40004FF48A76A74F4FF496712800C0B27043A2
:103E500038442200D2B250F82200FFF7A9F8012816
:103E60002AD12800C0B206FB00F607EB06002100AD
:103E7000C9B28B4A126840F8212045209A492A008D
:103E8000D2B242430A442300DBB22E00F6B200FB5A
:103E900006F008442100C9B2405CD0F10100D054C2
:103EA0000AE091492A00D2B24520424301EB0200C8
:103EB0002100C9B2002242548B49EDB2452045434E
:103EC00001EB0500E4B2005DF2BD0000A42D00206E
:103ED0006801002070B50400002604F0F9F900F034
:103EE0007AF82000C0B200F080F82000C0B200F0E4
:103EF0009BF80025280080B2452811DA7B492A006A
:103F000092B21820424301EB0200C07D2100C9B2E9
:103F1000884203D12800C0B2FFF7ABFD6D1CE9E772
:103F200004F033FA70BD000078080020F0B442714C
:103F3000C47803792500EDB2AB420AD3F0256B4E6D
:103F40002700FFB218235F4306EB07039D75641C2F
:103F5000EFE71823654C85785D4325444679AE75B7
:103F6000002904D0857803FB05F323449960F0BC55
:103F700070472DE9F84F0700884691469A460A9EF9
:103F80000B9DDDF830B00D9C87F8008087F801901C
:103F900087F802A0FE703D712200D2B25946380067
:103FA000FFF7C4FFBDE8F18F10B40100002210003C
:103FB000C0B204280CD21000C0B2085C4C4B1400F4
:103FC000E4B21B5D984201D0002002E0521CEEE7F3
:103FD000012010BC704780B50120009008237F228B
:103FE0000821002004F0A0FC01BD10B50400200051
:103FF000C0B2002812D134480078002807D127A287
:104000003A4890F84410782004F094F806E026A28C
:10401000364890F84410782004F08CF810BD000069
:10402000040100206C2D00200100C9B20D2924D10B
:1040300030490978002906D002290ED008D3042976
:1040400015D00FD318E02C49284AC2F8501618E0B2
:104050002A49264AC2F8501613E02949234AC2F8D1
:1040600050160EE02749214AC2F8501609E02649A9
:104070001E4AC2F8501604E003E01F491B4AC2F86A
:10408000501670470C000020A81801081B2E0020B5
:10409000E4230108501F01081C2E0020200000000E
:1040A000FC2D0020D42D00204E00000080EE3600B4
:1040B000242D00201D2E00200E2E00206001002047
:1040C0003C0F0020B4090020B82B00207C2D0020DC
:1040D000382C0020002C00208C2D00208016010898
:1040E0003E0F0020F41B0020302500206801002036
:1040F0000C0100207C000020100100202001002085
:1041000030010020400100205001002010B50400C3
:104110000121DFF83C0A04F04AF8012010BD30B557
:1041200087B004001421002202AD280004F09AF99F
:10413000DFF8200AD0E90023CDE9002302A800908F
:10414000DFF8145A2978684600F016FA2878687063
:10415000BDF80410009800F02CFFDFF8000A80780A
:10416000002809D12878022803DA2878401C287012
:1041700001E00020287008E02878052803DA287874
:10418000401C287001E000202870DFF8C45902218B
:10419000280003F0FDFF0321280004F008F82100A7
:1041A000C9B2280004F003F8012007B030BD10B5F3
:1041B0000400DFF8AC198888002810D0DFF8A409C3
:1041C00002888B889A4208D1002101800321DFF800
:1041D000800903F0DDFF012008E0898801802100CB
:1041E000C9B2DFF86C0903F0E2FF012010BD2DE930
:1041F000F041040000250026DFF86479B888032820
:104200003DDB3868B988084410F8010C3968BA8871
:10421000114411F8021C51EA00210E00B988891ED0
:10422000386804F01BFC05002800310080B289B218
:1042300088421DD10721DFF8180903F0B8FF38685C
:10424000007802280DD1DFF81089012198F80100CB
:1042500000F0ABF998F80120D7E9000100F095F9DA
:1042600013E00021DFF8F008407800F09EF90CE040
:104270000021DFF8E408407800F097F905E000211C
:10428000DFF8D408407800F090F9DFF8CC084078E7
:1042900000F0F8F80221DFF8B80803F09AFF0120D7
:1042A000BDE8F0810100DFF8940C0278032A01D008
:1042B000042202700120704701000120704710B5F0
:1042C0000400DFF8EC0B0178012936D1DFF8E41B9C
:1042D000C978012931D1DFF8E01B91ED060AD0ED54
:1042E000020AB4EE600AF1EE10FA08DA91ED060A5D
:1042F000D0ED010AB4EE600AF1EE10FA0ED50122FB
:104300004FF400615FF09040FEF731FE01224FF460
:1043100080515FF09040FEF72AFE1CE000224FF42F
:1043200000615FF09040FEF722FE00224FF48051C2
:104330005FF09040FEF71BFE0DE000224FF400619D
:104340005FF09040FEF713FE00224FF480515FF0C3
:104350009040FEF70CFEDFF8F8074FF47A718166A3
:104360002100C9B203F023FF012010BD38B50400BD
:10437000DFF8CC1B087800281FD101200870DFF877
:10438000C45B012210212800FEF7F1FD0022082164
:104390002800FEF7ECFD00220421DFF8AC0BFEF74D
:1043A000E6FD4FF4FA60DFF8A817886704F038FDDF
:1043B00004F0E1FE04F0D0FE12E0002008700122BB
:1043C0000821DFF8800BFEF7D2FD01220421DFF87F
:1043D000780BFEF7CCFD4EF66020DFF87417886787
:1043E0002100C9B2DFF8680703F0E1FE012032BD09
:1043F00010B50400DFF8C01A0878002803D10020A7
:1044000081F8440023E0DFF854078278052A17D0AA
:1044100082780D2A02D1027A052A11D08278062AE2
:104420000ED082780D2A02D1027A062A08D082782C
:10443000072A05D082780D2A06D1007A072803D1F1
:10444000032081F8440002E0022081F84400DFF8F4
:10445000640AC078012806D1012081F845000120B6
:1044600081F8460005E0002081F84500002081F831
:1044700046002100C9B2DFF8D80603F098FE0120FB
:1044800010BD000070B52DED028B04009FED948AE5
:104490002000C0B200286CD1DFF81C5ADFF8540BA2
:1044A0000068686095ED010ADFED8E0A20EE200AB3
:1044B000BDEEC00A10EE100A00F050FA85ED010AB8
:1044C000DFF8786C6868306096ED000A00F04CFB0D
:1044D00086ED010A7068686095ED010A00F0ACFA9B
:1044E00085ED050A95ED040A00F006FB85ED080A46
:1044F000A868A86195ED080AD5ED0A0A30EE200AF1
:10450000DFF83C0CD0ED020AF4EE400AF1EE10FAAE
:1045100002D5D0ED020A0BE0D0ED030AB4EE600A3A
:10452000F1EE10FA02D5D0ED030A01E0F0EE400AF8
:10453000C5ED080AD5ED050A95ED091A30EE818A18
:10454000D0ED000AF4EE480AF1EE10FA02D590ED33
:10455000000A0BE090ED010AB4EE408AF1EE10FA89
:1045600002D590ED010A01E0B0EE480A85ED050A9A
:10457000FFE7BDEC028B70BD38B504000D002900CB
:10458000C9B2200000F01BF831BD70B504000D0069
:10459000160020000078C0B2022805D13200D2B245
:1045A0002000290000F0A0F870BD38B504000D000F
:1045B0002900C9B22000C0B200F03FF931BD3EB5BC
:1045C00004000D002800C0B200280CD002281ED024
:1045D00013D304282FD024D3062840D035D308285D
:1045E00067D051D37AE0062000904FF42053032285
:1045F0000221200004F050FA70E0042000904FF4F3
:10460000185303220221200004F046FA66E002203B
:1046100000904FF4105303220221200004F03CFAD2
:104620005CE0042000904FF4585303220221200044
:1046300004F032FA52E0042000904FF48853032231
:104640000221200004F028FA48E0042000904FF4F2
:10465000545303220221200004F01EFA3EE0DFF84A
:10466000340C818808290ED10168019180880221CB
:1046700090FBF1F080B200904FF4585310220221C9
:10468000200004F057FA29E0DFF8080C8188082997
:104690000ED1016801918088022190FBF1F080B277
:1046A00000904FF4885310220221200004F042FAB7
:1046B00014E0DFF8E00B818808290ED10168019130
:1046C0008088022190FBF1F080B200904FF45453A7
:1046D00010220221200004F02DFAFFE737BD000070
:1046E000000000000000C8422DE9F84304000D005E
:1046F00016000020ADF8000000273000C0B20028EE
:104700000FD0022831D01BD3042859D03CD306281F
:1047100000F08E8070D3082800F08A80C0F0888076
:1047200089E00320ADF8000004226946200000F073
:104730000DFC0700DFF8601B380003F08FF87AE00B
:104740000320ADF8000004226946200000F0FEFBC3
:10475000804604226946200000F0F8FB0700DFF8DD
:10476000101C380003F07AF865E00320ADF8000073
:1047700004226946200000F0E9FB0700DFF8F41B83
:10478000380003F06BF856E00320ADF80000042277
:104790006946200000F0DAFB8046DFF81C9719F12B
:1047A0002C01404603F05AF804226946200000F02C
:1047B000CDFB070019F13001380003F04FF83AE063
:1047C0000320ADF8000004226946200000F0BEFB83
:1047D0008046DFF8E49619F13401404603F03EF8D4
:1047E00004226946200000F0B1FB070019F13801EE
:1047F000380003F033F81EE00320ADF80000042277
:104800006946200000F0A2FB8046DFF8AC9619F163
:104810003C01404603F022F804226946200000F0E3
:1048200095FB070019F14001380003F017F802E08A
:1048300000F021FBFFE7BDE8F1830200D2B2002ABD
:10484000082A1BD80A00D2B2012A0ED1DFF8682646
:1048500000235370012313700200D2B2002A0CD13E
:104860000122DFF85036DA7007E0DFF84C26537883
:10487000032B02DA53785B1C5370FFE7DFF83836FE
:104880005A78002A1CD05A78032A19DB00221A70A1
:1048900000225A6000229A600022DA6000221A6127
:1048A0000022DA6200221A6300225A6300229A630D
:1048B0000022DA6300221A640022DFF8F835DA7089
:1048C00070472DE9F04100242500EDB20A2D43DAAE
:1048D00000252E00F6B2092E3CDA2E00F6B201EBCE
:1048E000860676682F00FFB251F82770BE422FDA95
:1048F00000262F00FFB251F82770AC465FFA8CFCFF
:1049000001EB8C0CDCF804C0AE465FFA8EFE41F879
:104910002EC0AC465FFA8CFC01EB8C0CCCF804701A
:10492000AC465FFA8CFC50F82CC0AE465FFA8EFEA7
:1049300000EB8E0EDEF804E0A8465FFA88F840F837
:1049400028E0AE465FFA8EFE00EB8E0ECEF804C075
:104950006D1CBEE7641CB7E7BDE8F08138B52DEDEE
:10496000028B04009FED748ADFF8B01A08780028E3
:104970002AD10120087000210800C0B20A2815DAE7
:104980000800C0B2DFF8FC2B0B00DBB242F82300BA
:10499000DFF8F42B0800C0B252F82000002803D141
:1049A0000800C0B242F82040491CE5E7DFF8D85BB8
:1049B000092300222900DFF8CC0BFFF782FF95EDD9
:1049C000050AB8EEC00A30E000200100C9B20A2989
:1049D0001EDADFF8B01B0200D2B251F82220092AF9
:1049E0000BD100220300DBB241F82320DFF8981B33
:1049F0000200D2B241F8224008E00200D2B251F8DF
:104A00002220521C0300DBB241F82320401CDCE7CB
:104A1000DFF8745B092300222900DFF8680BFFF739
:104A200050FF95ED050AB8EEC00ADFED440A80EEAE
:104A3000200ABDEC028B31BDF0EE400A9FED401A1A
:104A40009FED403ADFED3C3AF5EE400AF1EE10FA08
:104A500040D0F0EE603A9FED3C0ADFF8500C90ED4C
:104A6000004A34EE634AB4EE404AF1EE10FA08DA36
:104A700090ED004A33EEC44AB4EE404AF1EE10FA2B
:104A800003DB9FED320A21EE001ADFF8000B90EDF8
:104A9000000AF0EE401ADFF8F81A91ED000A30EE45
:104AA000010AB0EE402A32EE030A82EE000AF0EE6E
:104AB000402A33EEE10AB0EE614A00EE224A80ED70
:104AC000004AB7EE000A30EE620A20EE020A81EDDB
:104AD000000A08E0DFF8B80A5FF07E510160DFF8F5
:104AE000AC0A00210160DFF8A40ADFF8C01B0268ED
:104AF0000A6090ED000A704770470000F0EE402A0F
:104B00009FED0D3AF4EE601AF1EE10FA04D0B4EE17
:104B1000412AF1EE10FA02D1B0EE620A0BE032EE59
:104B2000E00A72EE413A20EE230A71EEE03A80EE9E
:104B3000230A30EE010A7047000000000000C8425E
:104B400095BFD63317B7D138CDCC4C3E00007A4450
:104B5000280A0020A4260108162E00206C2D002013
:104B6000EC0E0020142E0020F8B52DED028B9CB029
:104B7000B0EE408A0024DFF8C415087A00280DD072
:104B80000CAA2300DBB20C20434302EB030011F11B
:104B9000080292E8680080E86800641C087D00282C
:104BA0000DD00CAA2300DBB20C20434302EB030020
:104BB00011F1140292E8680080E86800641C91F822
:104BC000200000280DD00CAA2300DBB20C204343A8
:104BD00002EB030011F1200292E8680080E868000F
:104BE000641C91F82C0000280CD00CAA2300DBB226
:104BF0000C20434302EB03002C3191E82C0080E8A9
:104C00002C00641C2000C0B2022802DAB0EE480A70
:104C10002DE100200100C9B22200D2B2521E914201
:104C20003EDA411C0A002300D2B2DBB29A4235D2EE
:104C30000C220CAB0D00EDB255432B4493ED010A51
:104C40000CAB0500EDB255432B44D3ED010AB4EE95
:104C5000600AF1EE10FA1FD50CAB18AD0600F6B2E3
:104C600056431E4496E8805085E880500500EDB21A
:104C700055431D440E00F6B256431E4496E880503C
:104C800085E880500D00EDB202FB05F21A4418AB26
:104C900093E8E00082E8E000491CC3E7401CB9E764
:104CA00000200100C9B22200D2B2521E914236DA6F
:104CB0000C210CAA0300DBB24B431A4492ED010A0B
:104CC0000CAA0300DBB24B431A44D2ED040AB4EE43
:104CD000600AF1EE10FA12D00CAA0300DBB24B43CB
:104CE0001A4492ED020A0CAA0300DBB24B431A44A9
:104CF000D2ED050AB4EE600AF1EE10FA0DDB0022E7
:104D00000CAB0500EDB24D435A550CAA0300DBB2C3
:104D100001FB03F1114400220A73401CC1E7002586
:104D2000002108002200C0B2D2B2904218D20C2258
:104D30000CAB0800C0B25043185C00280ED0684687
:104D40002E00F6B2564330440E00F6B202FB06F2D5
:104D50001A4492E8C80080E8C8006D1C491CE0E7CE
:104D60002800C0B2022802DAB0EE480A7FE06846A6
:104D700090ED010AB4EE480AF1EE10FA0CDB90ED6A
:104D8000052AD0ED041A90ED021AD0ED010AB0EE1A
:104D9000480AFFF7B3FE6AE000263000C0B22900DF
:104DA000C9B2491E88423CDA0C2069463200D2B2B0
:104DB0004243114491ED010AB4EE408AF1EE10FA3B
:104DC0002DDB69463200D2B24243114491ED040A10
:104DD000B4EE480AF1EE10FA21DB69463200D2B295
:104DE0004243114491ED052A69463200D2B2424352
:104DF0001144D1ED041A69463200D2B24243114443
:104E000091ED021A69463200D2B200FB02F008446A
:104E1000D0ED010AB0EE480AFFF770FE27E0761CDD
:104E2000BBE70C2069462A00D2B242431144091F55
:104E300091ED002A69462A00D2B242431144083952
:104E4000D1ED001A69462A00D2B24243114410390A
:104E500091ED001A69462A00D2B200FB02F0084424
:104E60001438D0ED000AB0EE480AFFF747FE1CB038
:104E7000BDEC028BF1BD80B50320304908700421E0
:104E8000DFF8440C03F0A5F93220FEF7FCFB01BD6E
:104E900080B5DFF81C080078DFF8181808700220C9
:104EA000264908700421DFF8200C03F080F901BDC9
:104EB000A42D0020E42D0020B82B0020F8B52DED06
:104EC000028B0400F0EE408AB0EE608A0025DFF825
:104ED000C4633000FEF7B4F8B0EE680A02F096FD45
:104EE0000700306807703800000A316848703800E1
:104EF000000C316888703800000E3168C870B0EE60
:104F0000480A02F083FD316808710100090A32681D
:104F100051710100090C326891710100090E32686B
:104F2000D1710821B180DFF888170C700121DFF8FA
:104F300088271170BDEC028BF1BD00007C000020C1
:104F4000232E002000040048000C0048F0B40300A9
:104F500000200C881500EDB2042D16D12500ADB24D
:104F60001D44EE782500ADB21D44AD7855EA062506
:104F70002600B6B21E4476782700BFB2DF5D57EA3E
:104F8000062757EA054738000DE01500EDB2022D5F
:104F900009D12500ADB25D5D2600B6B21E4476781B
:104FA00056EA052630000D8855FA82F50D80F0BCD2
:104FB000704770B504000D00DFF8106B01224FF44C
:104FC00080513000FDF7D3FF0A2004F0F7F804F019
:104FD000BBF84FF47A732A0092B22100DFF8E40D97
:104FE00004F03DF900224FF480513000FDF7BFFF7F
:104FF00070BD0000E82D0020F4EE601AF1EE10FA0A
:1050000005D15FF07E52026000220A600FE031EEAF
:10501000402A71EEE02A82EE222A80ED002A90EDED
:10502000002AF0EE402A42EE602AC1ED002A7047C5
:1050300038B52DED088BB0EE408AF0EE608AB0EE08
:10504000419AF0EE619A04000D009FEDC8AADFEDD1
:10505000C7AA9FEDC6BADFEDC5BAB5EE408AF1EE3C
:1050600010FA62D0F5EE408AF1EE10FA5DD0B5EE9E
:10507000409AF1EE10FA58D0F5EE409AF1EE10FA9F
:1050800053D018EE100A02F099FE41EC100B02F01A
:1050900020FD51EC100B02F04FFE0AEE100A19EE43
:1050A000100A02F08BFE41EC100B02F012FD51ECE5
:1050B000100B02F041FE0AEE900A18EE900A02F080
:1050C0007DFE41EC100B02F004FD51EC100B02F0E0
:1050D00033FE0BEE100A19EE900A02F06FFE41EC5F
:1050E000100B02F0F6FC51EC100B02F025FE0BEE5B
:1050F000900AF4EE4BBAF1EE10FA05D15FF07E5053
:1051000020600020286015E03AEECA0A7BEECB0A48
:1051100080EE200A84ED000A94ED000AF0EE4A0ABF
:1051200040EE4B0AC5ED000A04E05FF07E502060BF
:1051300000202860BDEC088B31BD0000002C002051
:105140007C2D00202DE9F0412DED028B8EB0F0EE8C
:10515000408AB0EE608A322100226C46200003F0C3
:1051600081F9002700240025DFF86489C8ED098A49
:1051700088ED0A8A98ED090A02F048FC060098EDCD
:105180000A0A02F043FC804668463100090E3A00E4
:10519000D2B281547F1C3100090C3A00D2B2815442
:1051A0007F1C3100090A3A00D2B281547F1C3900B9
:1051B000C9B246547F1C4146090E3A00D2B281540E
:1051C0007F1C4146090C3A00D2B281547F1C4146F3
:1051D000090A3A00D2B281547F1C3900C9B200F8E2
:1051E00001807F1C3A00D2B292B26946DFF8E4082F
:1051F00005F052F80EB0BDEC028BBDE8F08170B541
:1052000000240025DFF8CC080078C0B2FF283AD08F
:10521000DFF8C4080178C9B20906DFF8C0080078D1
:10522000C0B251EA0041DFF8A00B0078C0B251EAE9
:105230000021DFF8980B0078C0B201430C00DFF8C2
:10524000900B0178C9B20906DFF8880B0078C0B26C
:1052500051EA0041DFF8800B0078C0B251EA00212A
:10526000DFF8780B0078C0B201430D00DFF860680A
:1052700016F12401200002F0F1FA16F128012800AD
:1052800002F0ECFA05E0DFF8480800214162002155
:10529000816270BDB80A0020BC2B00202DE9F047C8
:1052A0002DED028B8EB00400F0EE408AB0EE608AE5
:1052B000322100226D46280003F0D4F80025002694
:1052C0000027DFF81CAB8AF800408AED028ACAED9D
:1052D000018A9AED020A02F099FB80469AED010AD2
:1052E00002F094FB814668469AF800102A00D2B278
:1052F00081546D1C4146090E2A00D2B281546D1CA6
:105300004146090C2A00D2B281546D1C4146090A5B
:105310002A00D2B281546D1C2900C9B200F8018064
:105320006D1C4946090E2A00D2B281546D1C4946B3
:10533000090C2A00D2B281546D1C4946090A2A0080
:10534000D2B281546D1C2900C9B200F801906D1CC5
:105350002A00D2B292B26946DFF8880A04F09CFFB4
:105360000EB0BDEC028BBDE8F0870000000000002D
:10537000C02B0020C82B002070B500240025DFF8CA
:10538000640A0078C0B2FF283DD0DFF8546ADFF825
:10539000580A00783070DFF8540A0178C9B209065B
:1053A000DFF84C0A0078C0B251EA0041DFF8440A45
:1053B0000078C0B251EA0021DFF83C0A0078C0B2A0
:1053C00001430C00DFF8340A0178C9B20906DFF89E
:1053D000300A0078C0B251EA0041DFF8280A0078AC
:1053E000C0B251EA0021DFF8200A0078C0B20143C0
:1053F0000D0016F10801200002F030FA311D2800DE
:1054000002F02CFA08E0DFF8D80900210170DFF87B
:10541000F81C81600021416070BD0000242E002036
:105420002DE9F84F2DED048B8EB0F0EE409AB0EEE2
:10543000608AF0EE418AB0EE619A3221002201AC1E
:10544000200003F00FF85FF0000B00200090002414
:1054500000250026DFF8B4A9CAED009A8AED018A7A
:10546000CAED028A8AED039A9AED000A02F0CEFA9A
:1054700007009AED010A02F0C9FA80469AED020A85
:1054800002F0C4FA81469AED030A02F0BFFA82469E
:1054900001A83900090E5A46D2B281541BF1010B02
:1054A0003900090C5A46D2B281541BF1010B390064
:1054B000090A5A46D2B281541BF1010B5946C9B2AE
:1054C00047541BF1010B4146090E5A46D2B2815492
:1054D0001BF1010B4146090C5A46D2B281541BF113
:1054E000010B4146090A5A46D2B281541BF1010B05
:1054F0005946C9B200F801801BF1010B4946090E5B
:105500005A46D2B281541BF1010B4946090C5A4646
:10551000D2B281541BF1010B4946090A5A46D2B254
:1055200081541BF1010B5946C9B200F801901BF1DF
:10553000010B5146090E5A46D2B281541BF1010BA0
:105540005146090C5A46D2B281541BF1010B514607
:10555000090A5A46D2B281541BF1010B5946C9B20D
:1055600000F801A01BF1010B5A46D2B292B201A978
:10557000DFF8980B04F090FE0EB0BDEC048BBDE894
:10558000F18F0000942C0020BC2C0020EC2D00207A
:10559000C00A00202DE9F041002400250026002744
:1055A000DFF8680B0078C0B2FF2871D0DFF8600B1D
:1055B0000178C9B20906DFF85C0B0078C0B251EA85
:1055C0000041DFF8540B0078C0B251EA0021DFF847
:1055D0004C0B0078C0B201430C00DFF8440B01789B
:1055E000C9B20906DFF83C0B0078C0B251EA0041AD
:1055F000DFF8340B0078C0B251EA0021DFF82C0B41
:105600000078C0B201430D00DFF8240B0178C9B265
:105610000906DFF8200B0078C0B251EA0041DFF83C
:10562000180B0078C0B251EA0021DFF8100B0078A7
:10563000C0B201430E00DFF8080B0178C9B20906B9
:10564000DFF8000B0078C0B251EA0041DFF8F80A39
:105650000078C0B251EA0021DFF8F00A0078C0B249
:1056600001430F00DFF8A4874146200002F0F6F85E
:1056700018F10401280002F0F1F818F108013000D7
:1056800002F0ECF818F10C01380002F0E7F80BE03A
:10569000DFF87807DFF8701A016000214160DFF859
:1056A000B41E81600021C160BDE8F081F02D0020B2
:1056B000222E0020162E00207C0000202DE9F14F24
:1056C0002DED028BBEB0B0EE408AC82100220CAC9A
:1056D000200002F0C7FE5FF0000B002004900020C5
:1056E00003900020029000200190002000900020F4
:1056F0000B9000200A9000200990002008900020C4
:10570000079000200690002005909DF800010028D9
:1057100011D0022819D013D3042820D01AD3062878
:1057200027D021D308282ED028D30A2835D02FD32C
:105730000B2837D03BE0DFF8180A80ED008A36E00E
:10574000DFF80C0A80ED018A31E0DFF8040A80ED11
:10575000028A2CE0DFF8F80980ED038A27E0DFF801
:10576000F00980ED048A22E0DFF8E40980ED058A83
:105770001DE0DFF8DC0980ED068A18E0DFF8D009CB
:1057800080ED078A13E0DFF8C80980ED088A0EE093
:10579000DFF8BC0980ED098A09E0DFF8B40980ED83
:1057A0000A8A04E0DFF8A80980ED0B8AFFE7DFF83A
:1057B000A0A99AED000A02F029F904909AED010AD5
:1057C00002F024F903909AED020A02F01FF9029008
:1057D0009AED030A02F01AF901909AED040A02F018
:1057E00015F900909AED050A02F010F904009AEDFF
:1057F000060A02F00BF905009AED070A02F006F915
:1058000006009AED080A02F001F907009AED090A6C
:1058100002F0FCF880469AED0A0A02F0F7F8814699
:105820009AED0B0A02F0F2F882460CA80499090ED0
:105830005A46D2B281541BF1010B0499090C5A4605
:10584000D2B281541BF1010B0499090A5A46D2B213
:1058500081541BF1010B04995A46D2B281541BF1B9
:10586000010B0399090E5A46D2B281541BF1010B68
:105870000399090C5A46D2B281541BF1010B0399CA
:10588000090A5A46D2B281541BF1010B03995A46B8
:10589000D2B281541BF1010B0299090E5A46D2B2C1
:1058A00081541BF1010B0299090C5A46D2B2815462
:1058B0001BF1010B0299090A5A46D2B281541BF11D
:1058C000010B02995A46D2B281541BF1010B019986
:1058D000090E5A46D2B281541BF1010B0199090CF1
:1058E0005A46D2B281541BF1010B0199090A5A465A
:1058F000D2B281541BF1010B01995A46D2B28154A4
:105900001BF1010B0099090E5A46D2B281541BF1CA
:10591000010B0099090C5A46D2B281541BF1010BBC
:105920000099090A5A46D2B281541BF1010B009921
:105930005A46D2B281541BF1010B2100090E5A467E
:10594000D2B281541BF1010B2100090C5A46D2B28C
:1059500081541BF1010B2100090A5A46D2B281542D
:105960001BF1010B5946C9B244541BF1010B29002C
:10597000090E5A46D2B281541BF1010B2900090CC1
:105980005A46D2B281541BF1010B2900090A5A462A
:10599000D2B281541BF1010B5946C9B245541BF1D7
:1059A000010B3100090E5A46D2B281541BF1010B92
:1059B0003100090C5A46D2B281541BF1010B31005F
:1059C000090A5A46D2B281541BF1010B5946C9B299
:1059D00046541BF1010B3900090E5A46D2B28154CC
:1059E0001BF1010B3900090C5A46D2B281541BF14C
:1059F000010B3900090A5A46D2B281541BF1010B3E
:105A00005946C9B247541BF1010B4146090E5A468B
:105A1000D2B281541BF1010B4146090C5A46D2B255
:105A200081541BF1010B4146090A5A46D2B28154F6
:105A30001BF1010B5946C9B200F801801BF1010BA3
:105A40004946090E5A46D2B281541BF1010B494610
:105A5000090C5A46D2B281541BF1010B4946090A7E
:105A60005A46D2B281541BF1010B5946C9B200F813
:105A700001901BF1010B5146090E5A46D2B28154D6
:105A80001BF1010B5146090C5A46D2B281541BF14D
:105A9000010B5146090A5A46D2B281541BF1010B3F
:105AA0005946C9B200F801A01BF1010B5A46D2B207
:105AB00092B20CA9DFF8FC0A04F0EEFB3EB0BDEC9C
:105AC000028BBDE8F18F0000280A00200008004882
:105AD000B82B002000080208020802080308020888
:105AE0002DE9F04F85B000200490002003900020A5
:105AF0000290002001900020009000240025002644
:105B000000275FF000085FF000095FF0000ADFF88F
:105B1000A40A0078C0B2FF2800F05181DFF8980A8B
:105B20000178C9B20906DFF8940A0078C0B251EAD8
:105B30000041DFF88C0A0078C0B251EA0021DFF89A
:105B4000840A0078C0B201430491DFF87C0A01782E
:105B5000C9B20906DFF81C0B0078C0B251EA004157
:105B6000DFF8140B0078C0B251EA0021DFF80C0B0B
:105B70000078C0B201430391DFF8040B0178C9B289
:105B80000906DFF8000B0078C0B251EA0041DFF8E7
:105B9000F80A0078C0B251EA0021DFF8F00A007874
:105BA000C0B201430291DFF8E80A0178C9B20906E0
:105BB000DFF8E00A0078C0B251EA0041DFF8D80A05
:105BC0000078C0B251EA0021DFF8D00A0078C0B2F4
:105BD00001430191DFF878B55946049801F03EFE83
:105BE0001BF10401039801F039FE1BF10801029832
:105BF00001F034FE1BF10C01019801F02FFEDFF8DB
:105C0000A00A0178C9B20906DFF8980A0078C0B284
:105C100051EA0041DFF8900A0078C0B251EA002151
:105C2000DFF8880A0078C0B201430091DFF8800AEB
:105C30000178C9B20906DFF87C0A0078C0B251EADF
:105C40000041DFF8740A0078C0B251EA0021DFF8A1
:105C50006C0A0078C0B201430C00DFF8640A0178D6
:105C6000C9B20906DFF85C0A0078C0B251EA004107
:105C7000DFF8540A0078C0B251EA0021DFF84C0A7C
:105C80000078C0B201430D00DFF8440A0178C9B2C0
:105C90000906DFF8400A0078C0B251EA0041DFF897
:105CA000380A0078C0B251EA0021DFF8300A0078E3
:105CB000C0B201430E001BF11001009801F0CEFDAF
:105CC0001BF11401200001F0C9FD1BF1180128008F
:105CD00001F0C4FD1BF11C01300001F0BFFDDFF835
:105CE000000A0178C9B20906DFF8F8090078C0B2E5
:105CF00051EA0041DFF8F0090078C0B251EA002112
:105D0000DFF8E8090078C0B201430F00DFF8E009CE
:105D10000178C9B20906DFF8DC090078C0B251EA9F
:105D20000041DFF8D4090078C0B251EA0021DFF861
:105D3000CC090078C0B201438846DFF8C409017875
:105D4000C9B20906DFF8BC090078C0B251EA0041C7
:105D5000DFF8B4090078C0B251EA0021DFF8E80B9F
:105D60000078C0B201438946DFF8E00B0178C9B280
:105D70000906DFF8DC0B0078C0B251EA0041DFF819
:105D8000D40B0078C0B251EA0021DFF8A40C0078EF
:105D9000C0B201438A461BF12001380001F05EFDCC
:105DA0001BF12401404601F059FD1BF12801484632
:105DB00001F054FD1BF12C01504601F04FFD05B0E0
:105DC000BDE8F08F1027002004080208050802082B
:105DD000060802080708020808080208090802085D
:105DE000A42D00200010020802100208031002086F
:105DF0000410020805100208061002080710020825
:105E000008100208091002080A1002087C2D002060
:105E10002DE9F34F81B02DED028BA2B0F0EE408A58
:105E2000B0EE608A6421002208AC200002F01AFB68
:105E30005FF0000B9DF89400002805D0022817D0D1
:105E40000CD303281FD029E0DFF85C0B9DF89810D5
:105E50000172C0ED038A80ED048A1FE0DFF8480B71
:105E60009DF898100175C0ED068A80ED078A15E04F
:105E7000DFF8340B9DF8981080F82010C0ED098AE7
:105E800080ED0A8A0AE0DFF8200B9DF8981080F870
:105E90002C10C0ED0C8A80ED0D8AFFE700200190E8
:105EA0000020009000200790002006900020059020
:105EB000002004900020039000200290DFF8E84AC0
:105EC00094ED030A01F0A2FD019094ED040A01F0A3
:105ED0009DFD009094ED060A01F098FD050094EDFB
:105EE000070A01F093FD060094ED090A01F08EFD0A
:105EF000070094ED0A0A01F089FD804694ED0C0A32
:105F000001F084FD814694ED0D0A01F07FFD82468B
:105F100008A8217A5A4692B281541BF1010B0199CB
:105F2000090E5A4692B281541BF1010B0199090CDA
:105F30005A4692B281541BF1010B0199090A5A4643
:105F400092B281541BF1010B01995A4692B28154CD
:105F50001BF1010B0099090E5A4692B281541BF1B4
:105F6000010B0099090C5A4692B281541BF1010BA6
:105F70000099090A5A4692B281541BF1010B00990B
:105F80005A4692B281541BF1010B217D5A4692B2BE
:105F900081541BF1010B2900090E5A4692B281541B
:105FA0001BF1010B2900090C5A4692B281541BF1D6
:105FB000010B2900090A5A4692B281541BF1010BC8
:105FC000594689B245541BF1010B3100090E5A465E
:105FD00092B281541BF1010B3100090C5A4692B266
:105FE00081541BF1010B3100090A5A4692B28154C7
:105FF0001BF1010B594689B246541BF1010B94F871
:1060000020105A4692B281541BF1010B3900090E3F
:106010005A4692B281541BF1010B3900090C5A46C1
:1060200092B281541BF1010B3900090A5A4692B20F
:1060300081541BF1010B594689B247541BF1010BE6
:106040004146090E5A4692B281541BF1010B41465A
:10605000090C5A4692B281541BF1010B4146090AC0
:106060005A4692B281541BF1010B594689B200F88D
:1060700001801BF1010B94F82C105A4692B2815406
:106080001BF1010B4946090E5A4692B281541BF18D
:10609000010B4946090C5A4692B281541BF1010B7F
:1060A0004946090A5A4692B281541BF1010B5946DE
:1060B00089B200F801901BF1010B5146090E5A46B6
:1060C00092B281541BF1010B5146090C5A4692B20F
:1060D00081541BF1010B5146090A5A4692B2815470
:1060E0001BF1010B594689B200F801A01BF1010B0D
:1060F0005A4692B208A9DFF83C0904F0CDF822B064
:10610000BDEC028BBDE8F78F000048430020020879
:1061100002200208032002080420020805200208C9
:1061200006200208072002080820020809200208A9
:106130000A2002080B2002080C2002080D20020889
:106140000E2002080F200208102002081120020869
:10615000382C00202DE9F84F002000900024002565
:10616000002600275FF000085FF000095FF0000ADA
:10617000DFF8C0080078C0B2FF2800F0F780DFF831
:1061800028B8DFF8B40800788BF80800DFF8AC080E
:106190000178C9B20906DFF8A8080078C0B251EA50
:1061A0000041DFF8A0080078C0B251EA0021DFF812
:1061B00098080078C0B201430091DFF89008017898
:1061C000C9B20906DFF888080078C0B251EA004178
:1061D000DFF880080078C0B251EA0021DFF87808C3
:1061E0000078C0B201430C00DFF8700800788BF82B
:1061F0001400DFF86C080178C9B20906DFF86408FA
:106200000078C0B251EA0041DFF85C080078C0B203
:1062100051EA0021DFF854080078C0B201430D00B4
:10622000DFF84C080178C9B20906DFF848080078A1
:10623000C0B251EA0041DFF840080078C0B251EA2C
:106240000021DFF838080078C0B201430E00DFF803
:10625000300800788BF82000DFF828080178C9B2F0
:106260000906DFF824080078C0B251EA0041DFF8DF
:106270001C080078C0B251EA0021DFF81408007849
:10628000C0B201430F00DFF80C080178C9B209065B
:10629000DFF804080078C0B251EA0041DFF8FC07DB
:1062A0000078C0B251EA0021DFF8F4070078C0B2EC
:1062B00001438846DFF8EC0700788BF82C00DFF804
:1062C000E8070178C9B20906DFF8E0070078C0B234
:1062D00051EA0041DFF8D8070078C0B251EA002146
:1062E000DFF8D0070078C0B201438946DFF8C8075D
:1062F0000178C9B20906DFF8C4070078C0B251EAD4
:106300000041DFF8BC070078C0B251EA0021DFF895
:10631000B4070078C0B201438A461BF10C01009813
:1063200001F09CFA1BF11001200001F097FA1BF11B
:106330001801280001F092FA1BF11C01300001F055
:106340008DFA1BF12401380001F088FA1BF12801B5
:10635000404601F083FA1BF13001484601F07EFA15
:106360001BF13401504601F079FA1BE0DFF83806E2
:10637000002101720021C16000210161002101752D
:10638000002181610021C161002180F820100021DD
:10639000416200218162002180F82C1000210163FC
:1063A00000214163BDE8F18F78B591B004000D0084
:1063B0003C21002202AE300002F054F80020ADF87B
:1063C00004000321072000F01CFF0B200090002395
:1063D000DFF8F42601A902A801F02AFA4FF47A7333
:1063E000BDF8042002A9DFF8E40602F038FF12B07D
:1063F00070BD78B591B004000D003C21002202AEC2
:10640000300002F02FF80020ADF80400DFF8C006DD
:1064100003F012FFDFF8BC0603F00EFFDFF8B8064A
:1064200000210170DFF8B4168160002141600D2069
:1064300000900023DFF8A82601A902A801F0F8F9CE
:106440004FF47A73BDF8042002A9DFF8800602F049
:1064500006FF12B070BD38B590B004000D0003A85F
:10646000DFF88016322203F05BFFDFF87C06D0E90C
:106470000023CDE9012303A801900023DFF86C0677
:10648000027802A903A801F05EF90220009000231F
:1064900076A202A903A801F0CBF94FF47A73BDF8F4
:1064A00008200199DFF8240602F0D9FE11B030BDB2
:1064B000F8B504000D0000262068007830283EDB87
:1064C000206800783A283ADA002700200100C9B293
:1064D000A28889B291420FD221680200D2B2895CAF
:1064E000302905DB21680200D2B2895C3A2900DB41
:1064F00002E07F1C401CE9E73900C9B2206801F0C6
:106500004FFA0600B6F5807F0FD2DFF8E00541783C
:106510003000C0B200F075FE4FF47A73022254A12D
:10652000DFF8A80502F09BFE12E04FF47A73052213
:10653000DFF8BC15DFF8940502F091FE08E04FF497
:106540007A730522DFF8A815DFF8800502F087FED0
:10655000F1BD00000000A04238B590B004000D006D
:1065600003A8DFF89015322203F0DAFEDFF8880581
:10657000D0E90023CDE9012303A801900023DFF82F
:106580006C05427802A903A801F0DDF80220009012
:10659000002336A202A903A801F04AF94FF47A7346
:1065A000BDF808200199DFF8240502F058FE11B06B
:1065B00030BD000000280208022802080328020853
:1065C000042802080528020806280208F8B5040075
:1065D0000D0000262068007830283DDB2068007818
:1065E0003A2839DA002700200100C9B2A28889B20E
:1065F00091420FD221680200D2B2895C302905DBBA
:1066000021680200D2B2895C3A2900DB02E07F1CDB
:10661000401CE9E73900C9B2206801F0C1F9060061
:106620000C2E0FD23100C9B2DFF8C004007800F0A0
:10663000E8FD4FF47A7302220DA1DFF8900402F016
:106640000EFE12E04FF47A730522DFF8A414DFF88F
:106650007C0402F004FE08E04FF47A730522DFF8B0
:106660009014DFF8680402F0FAFDF1BD0D0A000095
:106670004F4B0000072802080828020809280208D2
:106680000A2802080B2802080C2802080D28020814
:106690000E2802080F2802081028020811280208F4
:1066A00012280208132802081428020815280208D4
:1066B00016280208172802081828020819280208B4
:1066C0001A2802081B2802081C2802081D28020894
:1066D0001E2802081F280208202802082128020874
:1066E0002228020823280208242802082528020854
:1066F0002628020827280208282802082928020834
:106700002A2802082B2802082C28020870B52DED33
:10671000028BCEB004000D0002A8DFF8E0134FF4A6
:10672000967203F00DFE0A20ADF804000A200090D6
:106730000023DFF8CC2301A902A801F079F89FED2E
:10674000998ADFF8C063FE2396ED000A20EE080A5E
:10675000BDEEC00A10EE102A01A902A800F0F3FF56
:106760000B2000900023E84A01A902A801F060F87C
:10677000FE2396ED010A20EE080ABDEEC00A10EED7
:10678000102A01A902A800F0DEFF0B2000900023D0
:10679000DE4A01A902A801F04BF8FE2396ED020A99
:1067A00020EE080ABDEEC00A10EE102A01A902A8C8
:1067B00000F0C9FF0B2000900023D54A01A902A8D0
:1067C00001F036F8FE2396ED030A20EE080ABDEE2E
:1067D000C00A10EE102A01A902A800F0B4FF0A2096
:1067E00000900023CB4A01A902A801F021F8FE2362
:1067F00096ED040A20EE080ABDEEC00A10EE102A3B
:1068000001A902A800F09FFF0A2000900023C24ABD
:1068100001A902A801F00CF8FE2396ED050A20EE6E
:10682000080ABDEEC00A10EE102A01A902A800F065
:106830008AFF0A2000900023B84A01A902A800F0AC
:10684000F7FFFE2396ED060A20EE080ABDEEC00A09
:1068500010EE102A01A902A800F075FF0A2000908E
:106860000023AF4A01A902A800F0E2FFFE2396ED43
:10687000070A20EE080ABDEEC00A10EE102A01A990
:1068800002A800F060FF092000900023A54A01A99A
:1068900002A800F0CDFFFE2396ED080A20EE080ABC
:1068A000BDEEC00A10EE102A01A902A800F04BFFAD
:1068B0000920009000239C4A01A902A800F0B8FF1B
:1068C000FE2396ED090A20EE080ABDEEC00A10EE7E
:1068D000102A01A902A800F036FF09200090002329
:1068E000924A01A902A800F0A3FFFE2396ED0A0A2E
:1068F00020EE080ABDEEC00A10EE102A01A902A877
:1069000000F021FF092000900023894A01A902A874
:1069100000F08EFFFE2396ED0B0A20EE080ABDEE76
:10692000C00A10EE102A01A902A800F00CFF4FF4D3
:106930007A73BDF8042002A9644802F090FC4EB0BE
:10694000BDEC028B70BD00002D2802082E28020825
:106950002F2802083028020880B5FEF750FCFEF709
:106960000BFDFEF717FEFFF7BBF8FFF7F3FB7148CF
:106970007149C0F8A4137149C0F8B4137049C0F844
:10698000C4137049C0F8D4136F49C0F8E4136F49B9
:10699000C0F8F4136E49C0F8041402F0ECFB02F0E6
:1069A000DBFB01BD0000C842002C002070B50020B8
:1069B000002400252800C0B2092836DA654E2800D8
:1069C000C0B200013044407801282CD101200400DD
:1069D0002800C0B200013044406800280ED001F009
:1069E00089FA2900C9B2090131444968401A2900CD
:1069F000C9B2090131448968884214D300202900B2
:106A0000C9B209013144487001F074FA2900C9B2D1
:106A10000901314448602800C0B22900C9B2090107
:106A20003144C96888476D1CC4E72000C0B270BDFE
:106A30003128020800180208021802080318020888
:106A400004180208051802080618020807180208A8
:106A500008180208091802080A1802080B18020888
:106A60000C1802080D1802080E1802080F18020868
:106A70001018020811180208121802081318020848
:106A80001418020815180208161802081718020828
:106A900018180208191802081A1802081B18020808
:106AA0001C1802081D1802081E1802081F180208E8
:106AB00020180208211802082218020823180208C8
:106AC0002418020825180208FC23010800260020CB
:106AD0000008020800100208A42D0020000048430E
:106AE000AC200108280E0108AC2601083C0F00204C
:106AF0009C2601084C1D0108B4260108BC1A010897
:106B000008240108382C002014240108202401083E
:106B10002C240108382401084424010850240108C9
:106B20005C240108682401087424010880240108F9
:106B30008C240108CC0A0020A9630008F363000834
:106B400057640008B164000859650008CD65000865
:106B50000D670008280A002002000020704730B4AA
:106B60000200DFF8900A0023046885886355838853
:106B70005B1C8380DFF8803A1B7804688588635546
:106B800083885B1C8380012030BC7047F8B504000B
:106B90000D00002000212E0022683300DBB2D25C01
:106BA00023683700FFB23B445F7857EA02273A0078
:106BB00092B2B2F5807F23DA380080B200281FD06D
:106BC000DFF8300A21683200D2B2895C026883881B
:106BD000D1548188491C818021683200D2B211448D
:106BE000497802688388D1548188491C8180DFF804
:106BF000080A41783800C0B200F003FB012000E031
:106C00000020F2BD30B40200DFF8E8090023046878
:106C10008588635583885B1C8380DFF8DC395B786B
:106C200004688588635583885B1C8380012030BCA1
:106C30007047F8B504000D00002000212E002268E6
:106C40003300DBB2D25C23683700FFB23B445F788D
:106C500057EA02273A0092B20B2A1FDADFF89409AA
:106C600021683200D2B2895C02688388D15481885D
:106C7000491C818021683200D2B2114449780268EF
:106C80008388D1548188491C81803900C9B2DFF8DA
:106C90006809007800F0B5FA012000E00020F2BD9C
:106CA000F8B504000D000026DFF8500990ED050A44
:106CB00000F0ACFE0100DFF83C090A00120A03688C
:106CC0008788DA558288521C828002688388D15472
:106CD0008288521C82800A00120E03688788DA5567
:106CE0008288521C82800A00120C03688788DA5559
:106CF0008288521C82800120F2BDF8B504000D008C
:106D00000026DFF8F80890ED080A00F07FFE010089
:106D1000DFF8E0080A00120A03688788DA558288DB
:106D2000521C828002688388D1548288521C8280DF
:106D30000A00120E03688788DA558288521C828006
:106D40000A00120C03688788DA558288521C8280F8
:106D50000120F2BDF8B504000D0000269FEDA30A46
:106D600000F054FE0100DFF88C080A00120A0368E4
:106D70008788DA558288521C828002688388D154C1
:106D80008288521C82800A00120E03688788DA55B6
:106D90008288521C82800A00120C03688788DA55A8
:106DA0008288521C82800120F2BD0000F8B50400E8
:106DB0000D0000269FED8D0A00F028FE0100DFF88F
:106DC00034080A00120A03688788DA558288521C40
:106DD000828002688388D1548288521C82800A0093
:106DE000120E03688788DA558288521C82800A0056
:106DF000120C03688788DA558288521C8280012031
:106E0000F2BD30B40200DFF8EC0700230468858887
:106E1000635583885B1C8380DFF8E03793F8443048
:106E200004688588635583885B1C8380012030BC9F
:106E3000704730B40200DFF8BC070023046885887F
:106E4000635583885B1C8380DFF8B03793F8453047
:106E500004688588635583885B1C8380012030BC6F
:106E6000704730B40200DFF88C070023046885887F
:106E7000635583885B1C8380DFF8803793F8463046
:106E800004688588635583885B1C8380012030BC3F
:106E9000704730B40200DFF85C070023046885887F
:106EA000635583885B1C8380002304688588635551
:106EB00083885B1C8380012030BC704730B40200A3
:106EC000DFF83007002304688588635583885B1CDE
:106ED0008380002304688588635583885B1C8380D6
:106EE000012030BC704730B40200DFF808070023EF
:106EF00004688588635583885B1C8380DFF80037CE
:106F00001B7804688588635583885B1C8380012017
:106F100030BC7047F8B504000D00002000212E00A1
:106F200022683300DBB2D25C23683700FFB23B44F7
:106F30005F7857EA02273A0092B2012A03D038005C
:106F400080B2002822D1DFF8AC0621683200D2B22C
:106F5000895C02688388D1548188491C81802168BA
:106F60003200D2B21144497802688388D1548188B2
:106F7000491C8180DFF88806D0ED020A90ED010AF5
:106F80003800C0B2FEF78AF9012000E00020F2BD0F
:106F9000F8B504000D000026DFF8640690ED020A43
:106FA00000F034FD0100DFF84C060A00120A036805
:106FB0008788DA558288521C828002688388D1547F
:106FC0008288521C82800A00120E03688788DA5574
:106FD0008288521C82800A00120C03688788DA5566
:106FE0008288521C82800120F2BD00000000000057
:106FF0002DE9F84304000D00002600200090002732
:10700000A84620684146C9B20844817820684246B3
:10701000D2B21044C07850EA012021684246D2B270
:10702000895C22684346DBB21A4492F8019059EA1F
:10703000012959EA0049DFF8BC0521684246D2B26D
:10704000895C02688388D1548188491C81802168C9
:107050004246D2B21144497802688388D15481886B
:10706000491C818021684246D2B211448978026865
:107070008388D1548188491C818021684246D2B2DC
:107080001144C97802688388D1548188491C818061
:107090006946484600F0E2FBDFF86405DDED000AD2
:1070A00090ED010A0078FEF7F9F80120BDE8F283BF
:1070B000F8B504000D000026DFF8440590ED010A44
:1070C00000F0A4FC0100DFF82C050A00120A036896
:1070D0008788DA558288521C828002688388D1545E
:1070E0008288521C82800A00120E03688788DA5553
:1070F0008288521C82800A00120C03688788DA5545
:107100008288521C82800120F2BD2DE9F8430400E0
:107110000D000026002000900027A8462068414668
:10712000C9B20844817820684246D2B21044C0787F
:1071300050EA012021684246D2B2895C2268434667
:10714000DBB21A4492F8019059EA012959EA004940
:10715000DFF8A00421684246D2B2895C02688388C5
:10716000D1548188491C818021684246D2B21144A1
:10717000497802688388D1548188491C81802168BC
:107180004246D2B21144897802688388D1548188FA
:10719000491C818021684246D2B21144C9780268F4
:1071A0008388D1548188491C81806946484600F013
:1071B00055FBDFF84C04D0ED020A9DED000A007883
:1071C000FEF76CF80120BDE8F28370B504000D00F5
:1071D000DFF83064012220213000FBF7C8FE0A20CE
:1071E00001F0ECFF4FF47A732A0092B22100DFF82D
:1071F000180402F034F8002220213000FBF7B7FE1B
:1072000070BD7CB504000D00082100226E463000E0
:1072100001F028F90026DFF8E003047045706946A4
:1072200002783300DBB2CA54761C40783200D2B206
:107230008854761C3200D2B292B26946DFF8CC0391
:1072400003F02AF873BDDFF8C4030078C0B2FF284A
:107250000AD0DFF8A403DFF8B81309780170DFF86B
:10726000B4130978417005E0DFF88C030721017041
:107270000321417070472DE9F04F87B004000027CB
:107280005FF000085FF000090025DFF88C23D2E9E9
:107290000001CDE902010026DFF88023D2E90001D8
:1072A000CDE90401DFF84CA35046FBF7C9FEA088E6
:1072B0000828C0F29B812068A188084410F8010CBE
:1072C0002168A288114411F8021C51EA0021ADF88E
:1072D0001810A188891E206801F0C0FBADF81A00C3
:1072E000BDF81A00BDF81810884240F07D81206872
:1072F0000078C1490978884240F07681206880781A
:107300002168CF7857EA002720684078032805D005
:1073100006286CD0102800F0C38061E12068007955
:107320002168497951EA00210D005FF001084046CB
:10733000C0B20F2836DA5FF01409DFF8E4B2404635
:10734000C0B209FB00F058444068390089B2884255
:1073500025D1280080B24146C9B209FB01F1594448
:10736000896888421BDB002100204246D2B209FB1B
:1073700002F25A44D268904701280FD14046C0B269
:1073800009FB00F0584480682D1A4046C0B209FB42
:1073900000F90BEB09008068C71900E002E018F162
:1073A0000108C4E7BAF8040000281FD0BAF80400A6
:1073B000022190FBF1F201FB1200002816D1DAF84D
:1073C00000000190BAF80400022190FBF1F080B2B5
:1073D00000903B009BB203222068017804A801F0D2
:1073E0001DFCBDF814100498FFF7EFFEFAE004202E
:1073F0000100C9B2A288921E91420EDA21680200F1
:10740000D2B2895C029ABDF80C30D154BDF80C1090
:10741000491CADF80C10401CEAE75FF0010840463B
:10742000C0B20F2817DA14227D4B4046C0B2504339
:1074300018444068390089B2884209D1002102A865
:10744000C4465FFA8CFC02FB0CF21A4412699047A6
:1074500018F10108E3E7BAF8040000281FD0BAF8D1
:107460000400022190FBF1F201FB1200002816D16A
:10747000DAF800000190BAF80400022190FBF1F064
:1074800080B200903B009BB206222068017804A8DD
:1074900001F015FCBDF814100498FFF796FEA1E06A
:1074A00000200600206800792168497951EA00210E
:1074B0000D0007200100C9B2A288921E91420EDA87
:1074C00021680200D2B2895C029ABDF80C30D15416
:1074D000BDF80C10491CADF80C10401CEAE7280060
:1074E00080B240002168897988424DD1BDF80C00F6
:1074F0002168897989B2884246D15FF00108404607
:10750000C0B20F2840DA5FF01409DFF814B140462A
:10751000C0B209FB00F058444068390089B2884283
:107520002FD1280080B24146C9B209FB01F159446C
:107530008968884225DB310089B202A84246D2B26E
:1075400009FB02F25A4412699047012818D14046BB
:10755000C0B209FB00F058448068400010FA86F67B
:107560004046C0B209FB00F0584480682D1A4046DE
:10757000C0B209FB00F90BEB09008068C71900E0F5
:1075800002E018F10108BAE7BAF80400002826D092
:10759000BAF80400022190FBF1F201FB120000286E
:1075A0001DD1206880782168C97851EA00210F0038
:1075B000DAF800000190BAF80400022190FBF1F023
:1075C00080B200903B009BB210222068017804A892
:1075D00001F075FBBDF814100498FFF7F6FD01E00B
:1075E000002004E0012002E0002000E0002007B0BD
:1075F000BDE8F08FE00900203C0F0020B82B0020F0
:10760000A42D002000040048882600200000020865
:1076100002000208030002088C26010894260108D3
:107620008808002001000800C0B2002801D1012014
:1076300021E00800C0B2FF2801D10A201BE00800A9
:10764000C0B2FE2801D1642015E00800C0B2FD28B8
:1076500002D14FF47A700EE00800C0B2FC2802D1CB
:1076600042F2107007E00800C0B2FB2802D1DFF838
:10767000980300E0012070472DE9F24F82469346BF
:10768000002000210A260027B046B946009A158836
:10769000BBF1000F08D5DBF100042D202A0092B2C7
:1076A0000AF802006D1C00E05C4620000021424602
:1076B0004B4602F089FE002901D1002808D0A6FB24
:1076C000080106FB091107FB081180468946ECE713
:1076D000404649460A22002302F076FE06000F00CB
:1076E000002F01D1002E28D02000002132003B00C5
:1076F00002F06AFE3030290089B20AF801006D1CE0
:10770000A0465FF000092000002132003B0002F09B
:107710005BFEA6FB002306FB013307FB0033B8EB3F
:10772000020079EB03010400300039000A22002333
:1077300002F04AFE06000F00D2E7009805802800FC
:10774000C0B2BDE8F28F2DE9FE4F06000F00904653
:107750000020ADF800000020002400215FF0000BA5
:10776000B7F80090B8F1000F02D5D8F1000500E09D
:107770004546424639003000FFF77EFFB7F800A0CB
:10778000002D4FD09DF80800FFF74CFF01008D42FF
:1077900005D20A2045431BF1010B002DF7D15846B5
:1077A000C0B2002821D050460200D2B2324412F8B2
:1077B000012C2D2A06D00200D2B24B4692B29BB2C7
:1077C0009A4208D130220300DBB2F2541AF1010AC6
:1077D000BBF1010BE3E70200D2B2324412F8012CF4
:1077E0000300DBB2F254401EDEE70A20B1FBF0F4E6
:1077F00050468346002C15D00A20B4FBF0F45846BE
:10780000C0B2304410F8010C5946C9B27054BBF1F3
:10781000010B002CEED12E205946C9B270541AF13A
:10782000010AE7E7A7F800A05046C0B2BDE8FE8F06
:10783000F0B4049C00252E00B6B2A6420BD20E88EE
:10784000771C0F802F00BFB217FA83F7D75DB6B24F
:1078500087556D1CEFE7F0BC704700002DE9F34F32
:1078600081B02DED028B9FED658A00240125002655
:10787000F7EE008A00273800C0B2202864DA0398A7
:10788000F84010F0010004003800C0B2172829DACF
:1078900018EE900A00F092FA82468B462000C0B2A1
:1078A00000F07EFA804689463800C0B2D0F1170059
:1078B0005FF0FF31484300F0F3F841EC110B9FED0E
:1078C000500B00F00CF951EC100B42464B4602F005
:1078D00093FE52465B4602F061FF00F02DFA08EE7F
:1078E000900A2FE03800C0B21F2824DA3000C0B25E
:1078F00000F056FA82468B462000C0B200F050FAE3
:10790000804689463800C0B2173800F0C9F841EC0B
:10791000110B9FED3B0B00F0E2F851EC100B4246CF
:107920004B4602F069FE52465B4602F037FF02F01A
:10793000F3FF060006E02000C0B2012802D15FF08C
:10794000FF3005007F1C96E7280040B200F0A8F841
:10795000804689463000C0B27F3800F0A1F841EC83
:10796000110B9FED270B00F0BAF851EC100B4246BB
:107970004B4602F041FE8046894618EE900A00F020
:107980001DFA42464B4602F037FE00F0D5F900EEF4
:10799000100A049880ED000ABDEC028BBDE8F78F59
:1079A00070B4030000220024002000252A000E00ED
:1079B000D2B2F6B2B2421FD22A00D2B29A5C302AB8
:1079C0000ADB2A00D2B29A5C3A2A05DA2A00D2B23D
:1079D0009A5C303A140001E0002214002A00D2B26E
:1079E000002A03D12200D2B2100003E00A22504341
:1079F00050FA84F06D1CD9E770BC7047000000009D
:107A00000000000000000040A086010010B42DED31
:107A1000010A00206A460023042B07D2D45C190017
:107A2000C9B2C9008C4020435B1CF5E712BC70470B
:107A300000F10103810704D010F8011B820781B116
:107A4000FAD10268A2F10131914311F0803104BFF3
:107A500050F8042FF6E709BAB1FA81F100EBD10032
:107A6000401CC01A704730B4002513E050F8042BB6
:107A7000D30744BFA9F101039A18091F042942F84A
:107A8000045BFAD213468C0744BF15809B1CC907C0
:107A900048BF1D7050F8041B0029E7D130BC704767
:107AA000C11768B14840401AB0FA80F29040D21C29
:107AB000C907C2F5846241EA025202EBD0214005B7
:107AC00070470268531C03601170704741EC100B43
:107AD00001BD80B551EC100B03F0C8F8F6E780B596
:107AE00053EC112B51EC100B03F0C2F8EEE72E0013
:107AF000F0B540F2FF7581EA030C0CF0004C15EA7A
:107B000011541DBF15EA1357AC42AF42E5E0BC412A
:107B1000C1F31301C3F31303801A994143F4801393
:107B200004D2641E4000494180185941C90241EA0B
:107B30005051B1FBF3F603FB1611A2FB0675D7EB10
:107B4000C020A94102D2761E80185941C90241EADB
:107B50005051B1FBF3FE03FB1E11A2FB0E75D7EBD8
:107B6000C020A94103D2AEF1010E8018594189020B
:107B700041EA9051760546EA8E2EB1FBF3F603FBFF
:107B80001611A2FB0675D7EB8020A94102D2761E02
:107B900080185941C90241EA50514EEA060EB1FB24
:107BA000F3F603FB1611A2FB0675D7EBC020A94123
:107BB00002D2761E80185941C90241EA5051B1FBE8
:107BC000F3F703FB1711A2FB0735D3EBC020A94144
:107BD00067F100070CBF004247F0010766F3D527A5
:107BE0004FEA1E31B80814F5806412DDBD0775F147
:107BF000004250EB0E5051EB045111F5801F5CBF59
:107C000041EA0C01F0BD4CF07F6141F0E041002001
:107C1000F0BDBD076D0840EA0E5041F48011D4F16B
:107C20000104B4F120060ADAC4F120060200E040A3
:107C300001FA06F3E1401843B24015430EE0342C3C
:107C400013DCC6F1200445EA40056D0820FA06F26F
:107C5000154321FA06F0A1400D43002175F10042C1
:107C600050F1000051EB0C01F0BD00205FEA0C0167
:107C7000F0BDCFB992185B41B3FA83F704BFB2FAF3
:107C800082F6BF190B3FB7F120062FBF02FA06F3A9
:107C9000BB40C7F1200622FA06F638BF3343BA408C
:107CA0001CB1E419641E33E77F4231F00041B1FAA0
:107CB00081F404BFB0FA80F6A4190B3CB4F120069D
:107CC0002FBF00FA06F1A140C4F1200620FA06F603
:107CD00038BF3143A0403C1B1AE7AC421ABF05EA4B
:107CE0001357AF4212E050EA41061CBF52EA430666
:107CF000BFE750EA4107304661461CBF41EA0551E3
:107D0000F0BD52EA430C08BFC143F0BD00204FF460
:107D1000001616EB410F98BF16EB430F08BF16EB8A
:107D2000410F24BFC14305E016EB430F0CBF614672
:107D30004CEA0551F0BD000001F000428B1AA3F19E
:107D40006051B1F5801F0ADBB1F17F6F1FD242EAAB
:107D5000C102C10071F1004142EB507070470B1538
:107D6000C3F10903212B10D2890241EA905180020C
:107D70000128494141F0004121FA03F0C3F12003F9
:107D8000994071F1004150417047100070476FF009
:107D9000000013EB103F5CBF000E42EAC05070477A
:107DA000014648B1B0FA80F18840C91CC1F5846130
:107DB000090501EBD021400570470000C0F3C75111
:107DC00081B1FF2906D0C110400721F0E04101F147
:107DD0006051704741020CBF40F4E0016FF0004178
:107DE0000020704700F0004100020AD0B0FA80FC89
:107DF00000FA0CF001F16051A1EB0C5101EBD02124
:107E0000400570470CB430B583B00A4606A902910C
:107E1000044600250194009502AB01A90848784466
:107E20001E3003F09BFA019A157000284EBF0446DD
:107E30000198041B204603B030BC5DF80CFB00BF6A
:107E400083FCFFFF80B5012240212348FBF78FF818
:107E50002249234800F04EFA00F01EF8012000F0FD
:107E600005F800F0D1FA00F01FFA01BD704711B516
:107E700081B0194C002240212000FBF778F84FF424
:107E80007A73012201A9174804F0C8FA012240219F
:107E90002000FBF76CF813BD10B50F4C00224021F9
:107EA0002000FBF764F8002280212000FBF75FF838
:107EB000012000F019F8052000F016F801228021B9
:107EC0002000FBF754F8052000F00EF801224021B5
:107ED0002000FBF74CF810BD00080048C82D00201A
:107EE000F4130020182A002010B50400200001F02F
:107EF00065F910BD01480068704700BFD82D00200B
:107F000070B4039CDFF88052286029716A71AB71EC
:107F1000EC7100262E7270BC70472DE9F84F0400FA
:107F20000D00160000275FF00008DFF85C9299F85A
:107F30000500082880F2FC80300099F80610C0B2D5
:107F4000884205D399F807003100C9B2884201D2AE
:107F50002E200600402099F80510491C90FBF1F0F6
:107F60002900C9B2814280F2E38099F8040050FAF6
:107F700084F0802880F2DC8099F805305B1C99F849
:107F8000050003FB05035B1CDBB299F80420121902
:107F9000D2B299F80500401C15FB00F1C9B22000CF
:107FA000C0B200F029F90021080099F80420C0B2FD
:107FB000904280F0BD80002015FB00F00200D2B29C
:107FC000082392FBF3F21700C0B2082290FBF2F3F1
:107FD00002FB13008046FF226C4BD3F800C0380030
:107FE000C0B250FA85FE802000FB0EFE5EFA84FED1
:107FF000D3F800A03800C0B250FA85FB802000FB07
:108000000BFB5BFA84F01AF800A0D8F1080B100003
:1080100050FA0BF010EA0A0A0CF80EA0D3F800C0D0
:108020003800C0B250FA85FE802000FB0EFE5EFADA
:1080300084F00090D3F800E03800C0B250FA85FA1E
:10804000802000FB0AFA5AFA84F01EF800E0D9F802
:1080500000A0B3465FFA8BFB99F80600BBEB00006B
:1080600099F804B00BFB00FB0AEB0B008A465FFAA1
:108070008AFA10F80A0010FA08F050EA0E00DDF84B
:1080800000E00CF80E00D3F800C03800C0B250FA7F
:1080900085FE802000FB0EFE5EFA84F08444D3F857
:1080A00000E03800C0B250FA85FA802000FB0AFADE
:1080B0005AFA84F0704490F8800012FA08F20240F4
:1080C0008CF880201A683800C0B250FA85FC8020F5
:1080D00000FB0CFC5CFA84F002441B683800C0B260
:1080E00050FA85FC802000FB0CFC5CFA84F01844FC
:1080F00090F88030D9F800C0B6465FFA8EFE99F845
:108100000600BEEB000E99F8040000FB0EFE0CEB1F
:108110000E008C465FFA8CFC10F80C00D8F1080CAD
:1081200050FA0CF0034382F88030641C491C3BE792
:10813000BDE8F18FF8B507000C001600124D687904
:10814000082820DA307800281DD032782100C9B202
:108150003800C0B2FFF7E1FE761C2879401CC71931
:10816000287950FA87F0401C812802DB00200700A4
:10817000641C40206979491C90FBF1F02100C9B2D0
:108180008142DFDBFFE7F1BD8C2D0020CC2D0020EC
:10819000020001200B00DBB21B01134458700020C9
:1081A0000B00DBB21B01134458600120704738B547
:1081B00004000D0001202900C9B2090121444870C2
:1081C000FFF798FE2900C9B2090121444860012047
:1081D00032BD020000200B00DBB21B0113445870BB
:1081E0000120704780B5034800F024FC00F0CDF872
:1081F00001BD00008012010870B40400E4B2802CBC
:1082000001DB7F2420001400E4B2802C01DB7F24FA
:1082100022000C00E4B2402C01DB3F2421001C00B2
:10822000E4B2402C01DB3F242300354C05002668D6
:108230003678EDB2B54201D2256828702568AD7850
:108240001600F6B2B54201D22568AA700D00266864
:108250007678EDB2B54201D2256869702568ED786F
:108260001E00F6B2B54201D22468E37070BC7047BC
:1082700023487F21026811700021026891703F211C
:108280000268517000210068C17070471C480021CD
:10829000026811707F21026891700021026851709C
:1082A0003F210068C170704770B54FF480640025AD
:1082B000144806682A002100300000F0D3F83F235C
:1082C0007F2200210020FFF797FF00F05EF870BDCD
:1082D00070B54FF4806400250A4806682A00210022
:1082E000300000F0BFF83F237F2200210020FFF77D
:1082F00083FF70BD034A1060014A1160704700009F
:10830000D02D0020CC2D002010B5040000224FF409
:1083100080713A48FAF72BFE2000C0B2FFF7A7FDA4
:1083200010BD10B5040001224FF480713348FAF7F4
:108330001EFE2000C0B2FFF79AFD10BD10B504006C
:1083400014F00F0050F0B000C0B2FFF7DDFF10BD19
:1083500010B504002000C0B200F005F82000C0B243
:1083600000F00CF810BD10B504002000C0B20009E8
:1083700050F01000C0B2FFF7C7FF10BD10B50400E9
:1083800014F00F00FFF7C0FF10BD70B500242000EF
:10839000C0B210282EDA1A4D286840782100C9B2E0
:1083A000491CB0EBC10F23DA2868C0782100C9B29C
:1083B000B0EBC10F1EDB2000C0B2FFF7BFFF286883
:1083C0000078FFF7C5FF28680678286880783100B4
:1083D000C9B288420CD30B4801682200D2B2802077
:1083E000424352FA86F0085CFFF79BFF761CECE7ED
:1083F000641CCCE7FFF73CFF70BD0000000800489C
:10840000D02D0020CC2D002080B5AE20FFF77CFFC2
:10841000A220FFF779FFA020FFF776FFC820FFF723
:1084200073FF2F20FFF770FF322000F0C7FEA4205B
:10843000FFF76AFF4020FFF767FF2520FFF764FF83
:108440000A2000F0BBFE8120FFF75EFF1220FFF73D
:108450005BFFFFF729FFAF20FFF756FF052000F075
:10846000ADFE01BD62F30F2262F31F42401810F00F
:10847000030308D0C91A1FD3DB0748BF00F8012D3A
:1084800028BF20F8022D130030B4144615461039C9
:1084900028BF20E93C00FAD8490728BF20E90C0092
:1084A00048BF40F8042D890028BF20F8022D48BF9E
:1084B00000F8012D30BC7047C91818BF00F8012D15
:1084C000CB0728BF00F8012D7047000070B4039C53
:1084D000DFF88453286029716A71AB71EC71012651
:1084E0002E7270BC70472DE9F74F04000D00DFF8C5
:1084F00068639DF80800B179884204D3F0799DF84B
:108500000810884202D22E208DF80800307A002808
:1085100045D1002738003179C0B288423DD2316858
:108520009DF80820B079121A3079424301EB02001D
:108530003900C9B210F80190002080464046C0B210
:10854000082828DA3800C0B250FA84F0802805DA0A
:108550004046C0B250FA85F0402801DB00205DE1C2
:10856000012010FA08F04946C9B2014208D00122A0
:1085700018EB0501C9B23819C0B200F06FF907E075
:10858000002218EB0501C9B23819C0B200F066F933
:1085900018F10108D2E77F1CBCE730793EE1307A60
:1085A000012840F08E807079082190FBF1F201FBE8
:1085B0001200012806DB7079082190FBF1FB1BF10A
:1085C000010B03E07079082190FBF1FB31795846EB
:1085D000C0B24143491C8DF8011031689DF8082054
:1085E000B079121A9DF80100424301EB02000178B4
:1085F0008DF80010401C01905FF0000840469DF887
:108600000010C0B2884259D25FF00009484659466E
:10861000C0B2C9B288424ED201994246D2B258463F
:10862000C0B2424301EB02004946C9B210F801A0B2
:10863000002007003800C0B2082839DA4046C0B22E
:1086400050FA84F0802808DA4846C0B2C00050FAD8
:1086500085F050FA87F0402801DB0020DEE0484634
:10866000C0B2C00050FA87F0717988421EDA012149
:10867000B9405046C0B208420CD001225FFA89F9D5
:1086800015EBC9017918C9B218EB0400C0B200F0AB
:10869000E5F80BE000225FFA89F915EBC9017918BA
:1086A000C9B218EB0400C0B200F0D8F87F1CC1E7D3
:1086B00019F10109AAE718F101089FE79DF80000E8
:1086C000ACE0307A022840F0A8807079082190FB55
:1086D000F1F0401C8DF8000030799DF8001010FB7F
:1086E00001F08DF8020031689DF80820B079121A67
:1086F0009DF80200424301EB0200019096F804B09D
:1087000000208DF8010000210020002210009DF8BB
:108710000030C0B298420CD23079431E9DF801005F
:108720001B1A13FB02F0019BC0B2185C0100521C23
:10873000ECE70800C0B200280BD1BBF1010B584692
:10874000C0B2002805D09DF80100401C8DF8010042
:10875000D9E7002738009DF80010C0B2884259D2EE
:108760005FF0000840465946C0B2C9B288424FD2B5
:1087700001993A00D2B23079424301EB02004146FE
:10878000C9B210F801905FF0000A5046C0B2082844
:108790003BDA4046C0B250FA84F0802808DA38004C
:1087A000C0B2C00050FA85F050FA8AF0402801DBD0
:1087B000002033E03800C0B2C00050FA8AF071796E
:1087C00088421FDA012111FA0AF14846C0B2084274
:1087D0000CD00122FFB215EBC7011AEB0101C9B29F
:1087E00018EB0400C0B200F039F80BE00022FFB231
:1087F00015EBC7011AEB0101C9B218EB0400C0B2B6
:1088000000F02CF81AF1010ABFE718F10108A9E7F6
:108810007F1C9FE75846C0B200E00020BDE8FE8FF5
:10882000F8B504000F0015000B484079D0F13F0067
:108830003900C9B288420EDB287800280BD02A788C
:108840003900C9B22000C0B2FFF74DFE0600701C0F
:1088500004196D1CF0E7F1BD8C2D0020F8B5040063
:108860000D0016002000C0B2802803DA2800C0B234
:10887000402800DB57E03000C0B2002824D0290097
:10888000C9B20822DFF8CC312800C0B2082790FB1B
:10889000F7F78020474357FA84F72800C0B25FF00B
:1088A000080C90FBFCFC802000FB0CFC5CFA84F0C4
:1088B000185C5FF0010C91FBF2FE02FB1E111CFA2A
:1088C00001F10143D95524E02900C9B20822DFF89B
:1088D00084312800C0B2082790FBF7F78020474377
:1088E00057FA84F72800C0B25FF0080C90FBFCFC3C
:1088F000802000FB0CFC5CFA84F0185C5FF0010C3B
:1089000091FBF2FE02FB1E111CFA01F130EA01019B
:10891000D9552B00DBB22200D2B22900C9B2200007
:10892000C0B2FFF769FCF1BD2DE9F84F05000E005C
:10893000170098460A9C3800C0B22900C9B2401AF4
:1089400003F085FF81464046C0B23100C9B2401AEB
:1089500003F07DFF814502DA5FF0010B01E05FF07B
:10896000000B5846C0B2002805D02800350006008C
:1089700038004746804638002900C0B2C9B2884254
:1089800005D228003D000700300046468046434699
:10899000DBB23A00D2B23100C9B22800C0B2FFF750
:1089A0002BFC781B8DF800004046C0B23100C9B2E4
:1089B000401A03F04CFF8DF801009DF800000221E1
:1089C00090FBF1F930004146C0B2C9B2884202D2F0
:1089D0005FF0010A01E05FF0FF3A38002900C0B201
:1089E000C9B2884224D35846C0B2002808D0220019
:1089F000D2B22900C9B23000C0B2FFF72FFF07E0A2
:108A00002200D2B23100C9B22800C0B2FFF726FF5F
:108A10009DF80100B9EB0009484640B2002805D591
:108A20001AEB06069DF8000010EB09096D1CD4E74F
:108A3000BDE8F18FF8B504004FF4806526000648C4
:108A400007682A003100380001F06AFCFFF71EFCBD
:108A5000F1BD0000F4130020CC2D002030B4030041
:108A60004FF6FF7000248C4213DA1A5D5040082242
:108A7000002A0CD0C50706D580B2400880F42040FB
:108A800090F0010001E080B24008521EF0E7641C43
:108A9000E9E780B230BC70472DE9F84305000E00CD
:108AA00017009846089C5FF000092868494689B27B
:108AB000465419F101092868494689B2475419F109
:108AC0000109404680B2000A29684A4692B2885499
:108AD00019F101092868494689B200F8018019F1A5
:108AE0000109200080B2000A29684A4692B28854DF
:108AF00019F101092868494689B2445419F101095C
:108B0000494689B22868FFF7A9FF010028684A464C
:108B100092B2815419F10109080080B2000A2A6852
:108B20004B469BB2D05419F10109A5F804900120DD
:108B3000BDE8F2832DE9F84F06000F0090469946F4
:108B40000A9DDDF82CA0002400213068220092B29A
:108B50008754641C3068220092B200F80280641CC2
:108B6000484680B2000A326823009BB2D054641C8D
:108B70003068220092B200F80290641C4046C0B2F5
:108B8000062802D0102807D01CE0280080B2012857
:108B900001D0002040E015E0280080B2000A3268D1
:108BA00023009BB2D054641C3068220092B28554DA
:108BB000641C2800C0B24000326823009BB2D0542D
:108BC000641CFFE75FF0000B584680B2290089B2B1
:108BD000B0EB410F0BDA584680B21AF8000031684A
:108BE000220092B28854641C1BF1010BECE72100B7
:108BF00089B23068FFF732FF01003068220092B27C
:108C00008154641C080080B2000A326823009BB2C1
:108C1000D054641CB4800120BDE8F28F2DE9F84FD8
:108C200005000E00170098460A9CDDF82C905FF0B6
:108C3000000B002029685A4692B28E541BF1010B9A
:108C400029685A4692B28F541BF1010B2100C9B218
:108C500049002A685B469BB2D1541BF1010B5FF0BF
:108C6000000A504680B2210089B2B0EB410F0CDA05
:108C7000504680B219F8000029685A4692B28854CA
:108C80001BF1010B1AF1010AEBE7594689B228687A
:108C9000FFF7E4FE010028685A4692B281541BF1A6
:108CA000010B080080B2000A2A685B469BB2D054D0
:108CB0001BF1010BA5F804B00120BDE8F28F2DE9EE
:108CC000F84F05000E00170098460A9CDDF82C901E
:108CD0005FF0000B5FF0000A2868594689B24654DD
:108CE0001BF1010B2868594689B247541BF1010B4F
:108CF000404680B2000A29685A4692B288541BF155
:108D0000010B2868594689B200F801801BF1010B5C
:108D10003800C0B2062802D010281DD02CE0200058
:108D200080B2012801D000203EE00020824650465B
:108D300080B2210089B2B0EB410F0CDA504680B20C
:108D400019F8000029685A4692B288541BF1010BA9
:108D50001AF1010AEBE70FE0200080B2000A29684F
:108D60005A4692B288541BF1010B2868594689B2C1
:108D700044541BF1010BFFE7594689B22868FFF7FD
:108D80006DFE010028685A4692B281541BF1010B16
:108D9000080080B2000A2A685B469BB2D0541BF1DF
:108DA000010BA5F804B00120BDE8F28F80B5D448CE
:108DB000D44901605FF4E13141600021816000210C
:108DC000C160002101610C2141610021816100210C
:108DD00001620021416200F005FA002801D003F091
:108DE00099FD01BD80B5C848C84901604FF41651CE
:108DF0004160002181600021C160002101610C21DE
:108E00004161002181610021C161002101620021D5
:108E1000416200F0E7F9002801D003F07BFD01BDBD
:108E200080B5BB48BB4901604FF416514160002139
:108E300081600021C160002101610C21416100219C
:108E400081610021C161002101620021416200F0C5
:108E5000C9F9002801D003F05DFD01BD38B59EB011
:108E6000040014220021684603F056FD6022002110
:108E700006A803F051FD2068A249884252D1202063
:108E800006900020119006A803F050FD002801D0A4
:108E900003F040FDA048016851F001010160006845
:108EA00010F00100059005989C48016851F00201FE
:108EB0000160006810F00200059005984FF44060D2
:108EC00000900220019001200290032003900820CE
:108ED000049069469248F9F7ABFE924D924828609B
:108EE000042068600020A8600020E86080202861DD
:108EF000002068610020A8610020E861002028624D
:108F0000280003F087FF002801D003F003FD656708
:108F1000AC6200220021462004F01DFA462004F035
:108F20002FFAABE020687949884251D101200690A0
:108F300000200E9006A803F0F9FC002801D003F0F1
:108F4000E9FC7A48016851F480410160006810F43E
:108F50008040059005987148016851F00201016058
:108F6000006810F0020005900598C02000900220D3
:108F7000019000200290032003900720049069468E
:108F80006748F9F755FE6A4D6A4828600220686014
:108F90000020A8600020E86080202861002068612F
:108FA0000020A8610020E86100202862280003F06A
:108FB00031FF002801D003F0ADFC6567AC620022F0
:108FC0000021252004F0C7F9252004F0D9F955E047
:108FD00020685049884251D104200690002010900A
:108FE00006A803F0A3FC002801D003F093FC52482C
:108FF000016851F480210160006810F48020059020
:1090000005984648016851F004010160006810F0BD
:109010000400059005984FF44060009002200190F4
:1090200000200290032003900720049069464348E3
:10903000F9F7FEFD424D4348286002206860002099
:10904000A8600020E860802028610020686100207E
:10905000A8610020E86100202862280003F0DAFE01
:10906000002801D003F056FC6567AC6200220021A5
:10907000272004F070F9272004F082F91FB030BDDA
:1090800010B5040020681F49884210D122480168A9
:109090004908490001604FF440612148F9F7A9FEF1
:1090A000606F03F027FF462004F071F927E0206885
:1090B000164988420FD11D48016831F48041016092
:1090C000C0211748F9F795FE606F03F013FF2520C4
:1090D00004F05DF913E020680E4988420FD116486C
:1090E000016831F4802101604FF440611348F9F7C1
:1090F00080FE606F03F0FEFE272004F048F910BDEB
:109100000026002000800040882600200038014012
:1091100010270020004800405C1002404C10024024
:1091200000040048E02A0020800402406010024051
:10913000282B002058000240581002400008004828
:10914000702B00203000024080B51848F9F778FFF6
:1091500002201749087001BD80B501221549164843
:1091600000F0E3F800220121272004F0F4F8272082
:1091700004F006F901BD704738B504000B480D49ED
:109180000A78036885885A558288521C82808288B2
:1091900040F2FF139A4201D3002282800122064846
:1091A00000F0C3F801200249087031BDEC0E002028
:1091B000272E0020262E00201027002070B5040046
:1091C000FEF798FE0500260016F1010F02D00448B4
:1091D00000783618FEF78EFE401BB042FAD370BD01
:1091E0003F0F002010B50400002C01D1012035E014
:1091F000A0690028FFD1E06F002805D1002084F885
:1092000078002000FFF72AFE2420E067206800682D
:109210004008400021680860606A002802D02000F1
:1092200000F0DEFB200000F05FFA012801D10120F0
:1092300014E02068406830F490402168486020685D
:10924000806830F02A00216888602068006850F04B
:10925000010021680860200000F02FFC10BD2DE9FE
:10926000FC4706000D0017009846F06F202859D1E2
:10927000002D03D0380080B2002801D1012052E037
:109280000020C6F884002120F067FEF733FE8146F7
:10929000A6F85070A6F85270B068B0F5805F05D19E
:1092A0003069002802D10024AA4602E02C005FF0B9
:1092B000000AB6F85200002822D0CDF800804B46B4
:1092C00000228021300000F061FC002803D0202023
:1092D000F067032027E0002C08D1BAF80000C00591
:1092E000C00D316808851AF1020A03E02078316860
:1092F0000885641CB6F85200401EA6F85200D8E754
:10930000CDF800804B4600224021300000F03EFCAA
:10931000002803D02020F067032004E02020F0671D
:10932000002000E00220BDE8F68770B505000C00C3
:109330001600D5F88000202824D1002C03D030005E
:1093400080B2002801D101201DE000202866286895
:10935000DFF8901388420ED02868406800020AD5D2
:10936000286850E8000F50F0806001002A6842E849
:1093700000100028F4D1320092B22100280000F041
:1093800054FC00E0022070BD2DE9F0470600306873
:10939000C7693068D0F800803068D0F8089040F68F
:1093A0000F043C40002C0BD1B80609D55FEA886059
:1093B00006D5B06E002802D03000B16E88478FE12C
:1093C000002C00F0AA805FEAC97005D4DFF8080617
:1093D00018EA000F00F0A18017F00100C0B20028C9
:1093E0000BD05FEAC85008D5012031680862D6F872
:1093F000840050F00100C6F88400B8070DD519F0BC
:109400000100C0B2002808D0022031680862D6F8F6
:10941000840050F00400C6F8840078070DD519F0D8
:109420000100C0B2002808D0042031680862D6F8D4
:10943000840050F00200C6F88400380710D55FEAB7
:10944000886004D419F00100C0B2002808D00820B8
:1094500031680862D6F8840050F00800C6F884002D
:1094600038050CD55FEA481009D54FF40060316823
:109470000862D6F8840050F02000C6F88400D6F8C0
:109480008400002848D0B80608D55FEA886005D572
:10949000B06E002802D03000B16E8847D6F8840044
:1094A000050030688068400602D415F0280F2DD0E2
:1094B000300000F09EFC30688068400622D530689D
:1094C000083050E8000F30F040000100306810F123
:1094D000080242E800100028F1D1706F00280DD07A
:1094E000DFF8F804716F8863706F03F0E3FD002804
:1094F00012D0706F716F896B88470DE0300003F0F8
:109500009FFF09E0300003F09BFF05E0300003F00F
:1095100097FF0020C6F88400E2E0306E012840F09A
:10952000BD80F80640F1BA805FEAC86040F1B680BD
:109530001020316808623068806840066DD5706F11
:109540000068D0F804A0504680B2002852D050469F
:10955000B6F8581080B288424CD2A6F85AA0706F64
:1095600000680068800639D4306850E8000F30F495
:1095700080700100326842E800100028F4D13068A1
:10958000083050E8000F400840000100306810F13A
:10959000080242E800100028F1D13068083050E895
:1095A000000F30F040000100306810F1080242E87E
:1095B00000100028F1D12020C6F88000002030667D
:1095C000306850E8000F30F010000100326842E8C7
:1095D00000100028F4D1706F03F042FD0220706685
:1095E000B6F85810B6F85A00091A89B2300003F0DC
:1095F00008FF11E05046B6F8581080B288420BD1EF
:10960000706F00680068800606D502207066B6F8A4
:109610005810300003F0F5FE62E0B6F85800B6F8D6
:109620005AA0B0EB0A0AB6F85A00002835D05046C6
:1096300080B2002831D0306850E8000F30F49070CC
:109640000100326842E800100028F4D13068083088
:1096500050E8000F400840000100306810F1080297
:1096600042E800100028F1D12020C6F88000002038
:1096700030660020B066306850E8000F30F010000F
:109680000100326842E800100028F4D10220706620
:10969000514689B2300003F0B4FE21E0F8020AD549
:1096A0005FEA492007D55FF4801031680862300016
:1096B00003F058FF14E0380609D55FEA086006D5C4
:1096C000F06E002802D03000F16E884708E078067E
:1096D00006D55FEA486003D5300000F054FCFFE790
:1096E000BDE8F087008000402DE9F0470400002627
:1096F000DFF8A81920688842FFD0A26820690243D9
:1097000060690243E069024320680368DFF890095A
:1097100003401343206803602068436833F44053D8
:10972000E068034320684360D4F8188020688842CA
:1097300002D0206A50EA08082068806830F430605F
:1097400058EA0000226890602068DFF8482A9042BA
:1097500016D1DFF8440A006810F00300002805D095
:10976000022805D006D3032806D007E0012760E0D1
:1097700002275EE004275CE008275AE0102758E043
:109780002068DFF8182A904217D1DFF80C0A006829
:1097900010F00C00002806D0042808D0082804D0B7
:1097A0000C2806D007E0002743E0022741E0042709
:1097B0003FE008273DE010273BE02068DFF8E02984
:1097C000904217D1DFF8D009006810F0300000286F
:1097D00006D0102808D0202804D0302806D007E072
:1097E000002726E0022724E0042722E0082720E0C3
:1097F00010271EE0206888421AD1DFF89C09006813
:1098000010F44060002809D0B0F5806F0AD0B0F5A0
:10981000006F05D0B0F5406F06D007E0002708E0E4
:10982000022706E0042704E0082702E0102700E0F2
:1098300010272068884246D13800C0B2002806D0E0
:10984000022808D0042809D008280BD00DE004F025
:10985000F9FA81460DE0DFF84C990AE004F085FA48
:10986000814606E04FF4004903E05FF00009012063
:109870000600B9F1000F00F0A580616803204143A4
:10988000894505D361684FF480504143494502D270
:109890000120060096E04FF48072606840080021C5
:1098A000E2FB09016268002300F08EFD0500B5F5BA
:1098B000407F05D3B5F5801F02D22068C56081E0E6
:1098C000012006007EE0E069B0F5004F41D138008C
:1098D000C0B2002808D001280AD002280CD00428E1
:1098E0000DD008280FD011E004F0ACFA814611E049
:1098F00004F0B5FA81460DE0DFF8A8980AE004F01C
:1099000034FA814606E04FF4004903E05FF00009B5
:1099100001200600B9F1000F54D06068400810EB38
:1099200049006168B0FBF1F00500102D0ED3B5F5CC
:10993000803F0BD24FF6F0712940C5F3420001433E
:109940008A46504680B22168C8603BE0012006008C
:1099500038E03800C0B2002808D001280AD0022818
:109960000CD004280DD008280FD011E004F06AFABA
:10997000814611E004F073FA81460DE0DFF8249887
:109980000AE004F0F2F9814606E04FF4004903E0F2
:109990005FF0000901200600B9F1000F12D06068E5
:1099A00019EB50006168B0FBF1F00500102D07D3F2
:1099B000B5F5803F04D2280080B22168C86001E07C
:1099C000012006000020A0660020E0663000C0B242
:1099D000BDE8F08700000000200100046D9F000832
:1099E00090F82410090707D501684A6832F400424C
:1099F000416B0A4301684A6090F82410C90707D5F3
:109A000001684A6832F40032816A0A4301684A6098
:109A100090F82410890707D501684A6832F480322B
:109A2000C16A0A4301684A6090F82410490707D5C3
:109A300001684A6832F48022016B0A4301684A6077
:109A400090F82410C90607D501688A6832F480525C
:109A5000816B0A4301688A6090F82410890607D553
:109A600001688A6832F40052C16B0A4301688A6057
:109A700090F82410490613D501684A6832F4801220
:109A8000016C0A4301684A60016CB1F5801F07D17F
:109A900001684A6832F4C002416C0A4301684A60B6
:109AA00090F82410090607D501684A6832F40022AC
:109AB000816C0A4301684A60704738B50400002091
:109AC000C4F88400FEF716FA050020680068000755
:109AD0001DD57FF07E4000902B0000225FF4001126
:109AE000200000F053F8002811D0206850E8000F43
:109AF00030F080000100226842E800100028F4D114
:109B00002020E067002084F8780003203DE02068F2
:109B1000006840072CD57FF07E4000902B0000228B
:109B20005FF48001200000F031F8002820D0206888
:109B300050E8000F30F490700100226842E80010F5
:109B40000028F4D12068083050E8000F4008400099
:109B50000100206810F1080242E800100028F1D14D
:109B60002020C4F88000002084F8780003200CE056
:109B70002020E0672020C4F880000020206600201C
:109B80006066002084F87800002032BD2DE9F041A5
:109B900005000E0090461F00069C2868C0693040F2
:109BA000B04201D1012000E000204146C9B2884204
:109BB00038D114F1010FF0D0FEF79CF9C01B84429C
:109BC00001D3002C01D103202DE028680068400754
:109BD000E3D5802EE1D0402EDFD02868C069000791
:109BE0000DD5082029680862280000F002F9082035
:109BF000C5F88400002085F87800012013E028686B
:109C0000C0690005C9D54FF40060296808622800C2
:109C100000F0EFF82020C5F88400002085F87800D7
:109C2000032000E00020BDE8F08130B40300596556
:109C3000A3F85820A3F85A20002098669868B0F539
:109C4000805F0BD11869002804D140F2FF10A3F8FF
:109C50005C0023E0FF20A3F85C001FE09868002868
:109C60000AD11869002803D1FF20A3F85C0015E091
:109C70007F20A3F85C0011E09868B0F1805F0AD102
:109C80001869002803D17F20A3F85C0006E03F207C
:109C9000A3F85C0002E00020A3F85C000020C3F8F9
:109CA00084002220C3F880001868083050E8000FB4
:109CB00050F001000400186810F1080545E8004064
:109CC0000028F1D19868B0F5805F06D118690028A6
:109CD00003D10FF2D130986602E00FF2D5209866DA
:109CE000186900280BD0186850E8000F50F49070E5
:109CF00004001D6845E800400028F4D10AE0186817
:109D000050E8000F50F0200004001D6845E80040B6
:109D10000028F4D1002030BC704770B504000D005D
:109D200016006565A4F858600020C4F8840022205D
:109D3000C4F88000606F002821D00FF21510616F09
:109D4000C8620FF2B110616F08630FF2D110616F3A
:109D500048630020616F886333009BB2626D2068A6
:109D600010F12401606F03F02FF9002807D01020B4
:109D7000C4F884002020C4F8800001202AE0206973
:109D800000280AD0206850E8000F50F480700100CD
:109D9000226842E800100028F4D12068083050E81A
:109DA000000F50F001000100206810F1080242E8A5
:109DB00000100028F1D12068083050E8000F50F062
:109DC00040000100206810F1080242E8001000285D
:109DD000F1D1002070BD016851E8001F31F0C001D1
:109DE0000A00036843E800210029F4D12021C1675B
:109DF0007047016851E8001F31F490710A00036850
:109E000043E800210029F4D10168083151E8001F1E
:109E1000490849000A00016811F1080343E80021DC
:109E20000029F1D1016E01290AD1016851E8001F12
:109E300031F010010A00036843E800210029F4D141
:109E40002021C0F880100021016600218166704742
:109E500038B50400A56A2068006880063AD400205E
:109E6000A5F85A00286850E8000F30F4807001000F
:109E70002A6842E800100028F4D12868083050E829
:109E8000000F400840000100286810F1080242E875
:109E900000100028F1D12868083050E8000F30F099
:109EA00040000100286810F1080242E80010002874
:109EB000F1D12020C5F88000286E01280AD1286839
:109EC00050E8000F30F0100001002A6842E800104E
:109ED0000028F4D100206866286E012805D1B5F865
:109EE0005810280003F08DFA02E0280003F06EFA03
:109EF00031BD000038B50400A56A01206866286EEF
:109F0000012807D1B5F85810490889B2280003F094
:109F100078FA02E0280004F025F831BDF8B5040015
:109F2000A56AEE6FD5F8807028688068000607D5AE
:109F3000212E05D10020A5F852002800FFF74BFF85
:109F400028688068400607D5222F05D10020A5F893
:109F50005A002800FFF74DFFD5F8840050F010009C
:109F6000C5F88400280003F06BFAF1BD38B5040091
:109F7000A56A0020A5F85A000020A5F85200280084
:109F800003F05EFA31BD10B50400206850E8000F00
:109F900030F040000100226842E800100028F4D1AF
:109FA0002020E0670020E066200003F0DCFF10BD09
:109FB00070B50500B5F85C60D5F88000222866D140
:109FC0002868808C040016EA0400696D0870686DCA
:109FD000401C6865B5F85A00401EA5F85A00B5F84F
:109FE0005A00002859D1286850E8000F30F49070CA
:109FF00001002A6842E800100028F4D128680830DF
:10A0000050E8000F400840000100286810F10802E5
:10A0100042E800100028F1D12020C5F8800000207F
:10A02000A8660020686628681C4988420ED0286807
:10A03000406800020AD5286850E8000F30F08060C0
:10A0400001002A6842E800100028F4D1286E012897
:10A0500019D100202866286850E8000F30F0100061
:10A0600001002A6842E800100028F4D12868C0697D
:10A07000C00602D5102029680862B5F858102800DB
:10A0800003F0BFF909E0280003F0A0F905E0286813
:10A09000008B50F008002968088370BD00800040E4
:10A0A000F369FFEFF8B50500B5F85C70D5F88000EE
:10A0B000222867D12868808C0400686D060017EAA2
:10A0C00004003080686D801C6865B5F85A00401E39
:10A0D000A5F85A00B5F85A00002859D1286850E868
:10A0E000000F30F4907001002A6842E80010002848
:10A0F000F4D12868083050E8000F40084000010003
:10A10000286810F1080242E800100028F1D1202050
:10A11000C5F880000020A8660020686628682249EB
:10A1200088420ED02868406800020AD5286850E8A6
:10A13000000F30F0806001002A6842E8001000281B
:10A14000F4D1286E012819D100202866286850E82B
:10A15000000F30F0100001002A6842E800100028CB
:10A16000F4D12868C069C00602D5102029680862A9
:10A17000B5F85810280003F044F909E0280003F06E
:10A1800025F905E02868008B50F00800296808834D
:10A19000F1BD00000038014088100240004400403A
:10A1A000004800400024F400008000402DE9F74FF3
:10A1B00082B000265FF0000A5FF0000B54465D4657
:10A1C000002000900127DDF80C80DDF8089004984D
:10A1D00010F0070F2BD10498C008002182468B464F
:10A1E00003F01AFF4FF47A7003F02EFF00200600F0
:10A1F000300080B20021594517D801D3504514D200
:10A20000D8E9000104000D0022002B00494600207F
:10A2100003F0AAFE07003800C0B2012805D019F1EA
:10A22000080918F10808761CE2E703F006FF380079
:10A23000C0B205B0BDE8F08F70B50400012503F091
:10A24000EBFE06004FF47A7003F0FEFE3000C0B261
:10A2500000280FD1C4F3CC20B0F5807F05D20121B6
:10A26000C4F3CC2003F05CFF04E00121C4F3CC2054
:10A2700003F056FF4FF47A7003F0E6FE0500054840
:10A28000016831F00201016003F0D7FE2800C0B27E
:10A2900070BD0000142002402DE9F041C0B0040060
:10A2A0000D00160000274FF480710022E84640465A
:10A2B000FEF7D8F82000FFF7BFFFA5208DF80000BB
:10A2C00030008DF801005FF000084046310080B298
:10A2D00089B288420AD2404680B2285C694642462A
:10A2E00092B21144887018F10108EEE7B61C3000F4
:10A2F00080B20821B6B20836361A90FBF1F001FBA5
:10A300000066320092B269462000FFF74FFF002836
:10A3100001D0002000E0012040B0BDE8F081000045
:10A3200062B38B0708D0521E11F8013B00F8013BC5
:10A3300000F024808B07F6D1830740F0208000BF17
:10A34000103A07D330B4B1E83810103AA0E838100A
:10A35000F9D230BC530724BFB1E80810A0E80810B8
:10A3600044BF51F8043B40F8043BD20724BF31F806
:10A37000022B20F8022B44BF0B7803707047121F8A
:10A3800017D35B0009D151F8043B20F8023B1B0CAA
:10A39000121F20F8023BF6D20BE051F8043B00F804
:10A3A000013B1B0A20F8023B1B0C121F00F8013B6B
:10A3B000F3D238BF121D521E24BF11F8013B00F822
:10A3C000013BF8D870470000BBBBE1B1B2F5803F5C
:10A3D00080F07E80022A1ED98C46B1FBF2F102FB8E
:10A3E00011C31B0443EA1043B3FBF2FC02FB1C3312
:10A3F00080B240EA0343B3FBF2F002FB103240EAC2
:10A400000C4000237047022A05D98446B0FBF2F0C5
:10A4100002FB10C270474AB105D100F001024908A1
:10A420005FEA3000704700220023704703F0C8BE87
:10A430000B000200002100207047904271EB030CDA
:10A44000F6D3B3F5803F2FD2F0B5B3FA83F7B1FA64
:10A4500081F4A7F10F0E3D1B5340CEF1200602FA06
:10A460000EF2F3415340B5F10F0746D80F3C2C4490
:10A470004140C4F12006A040F1414140B1FBF3F658
:10A4800003FB1611A2FB0645001BA94102D2761E52
:10A490008018594180EA010221FA0EF362FA0EF2A5
:10A4A00000215A403046F0BD30B4B1FBF3FC03FB51
:10A4B0001C11A2FB0C45001BA94103D2ACF1010CFD
:10A4C0008018594130BC02460B4660460021704757
:10A4D000B2F1807F65D3F0B5B2FA82F7B1FA81F4B8
:10A4E000C7F10F063D1B22FA06F307F1110EF241E8
:10A4F00020355A40B5F10F07B8D94140C4F12006C4
:10A50000A040F1414140B1FBF3FC03FB1C11A2FB55
:10A510000C45001BA94103D2BCF1010C8018594124
:10A520000F2F12D30F3FC90341EA5041B1FBF3F69D
:10A5300003FB1611A2FB0645D4EBC030A94102D2A1
:10A54000761E8018594146EACC3C07B34140C7F11A
:10A550002006B840F1414140B1FBF3F603FB161170
:10A56000A2FB0645001BA94102D2761E8018594164
:10A5700080EA010221FA0EF3C7F1200462FA0EF21A
:10A580000CFA07F05A402CFA04F13043F0BD80EA8F
:10A59000010221FA0EF3002162FA0EF260465A40DF
:10A5A000F0BD8C46B1FBF2F102FB11C31B0243EA82
:10A5B0001063B3FBF2FC02FB1C331B024CEA0020CD
:10A5C00043EA1063B3FBF2FC02FB1C331B024CEAB0
:10A5D000002043EA1063B3FBF2FC02FB1C331B02B6
:10A5E0004CEA002043EA1063B3FBF2FC02FB1C328E
:10A5F0004CEA002000237047B0B581EA030C0CF050
:10A60000004C40F2FF7515EA11541DBF15EA1357AF
:10A61000AC42AF4239E0E41923EA455343F48013D6
:10A62000C90241F0004141EA505EC7021100A7FB98
:10A63000020200284FF00000EEFB01204FF0000165
:10A64000E3FB072118BF42F00102401800214941F5
:10A65000E3FB0E01A4F580640F0302D252004041D7
:10A66000494154F101046CDD470872F1004250F198
:10A67000000051EB0451A1F580115CBF41EA0C01CF
:10A68000B0BD4CEA05510020B0BD05EA1357AC42FD
:10A6900014BFAF4241E050EA410E1CBF52EA430EE4
:10A6A00002E061460020B0BD24423C441BD15FEA79
:10A6B000070EF6D0090302BF01460020AEF1140ECA
:10A6C000B1FA81F7AEEB070401FA07FE0C37C7F1C8
:10A6D000200100FA07F7C8404EEA000E23EA45536E
:10A6E00043F48013A2E733F00043B3FA83F704BFC7
:10A6F000B2FA82FE77440B3FE41BB7F1200E2FBF66
:10A7000002FA0EF3BB40C7F1200E22FA0EFE38BF4C
:10A7100043EA0E03BA40641C82E750EA410E14BFBC
:10A7200052EA430E6FF000014FF4001717EB430F8E
:10A730008ABF194617EB410FB5E74CEA05510020D7
:10A74000B0BDD4F10104B4F120070FDAC4F1200741
:10A75000520828BF42F0010210FA07F501FA07F784
:10A76000E1BF2A43E0403843E1400FE0352C98DC5C
:10A77000C7F1200452EA400220FA07F218BF42F063
:10A78000010231FA07F0A1400A43002172F10042B0
:10A7900050F1000051EB0C01B0BD000070B44FF05F
:10A7A000004591EA030F43F115856B40841A71EB64
:10A7B000030604D26E40001BB141121973414FF4DD
:10A7C000001C1CEB410F34BF7CEB430683E00C0DF7
:10A7D000A4EB1356362E00F37C80012E45EAC323EA
:10A7E00041DC43EA525312BFD20292025B082405B5
:10A7F00045EAC12141EA5051D2EBC020994125D40C
:10A8000007D1B0FA80F610FA06F162D000202036A7
:10A8100008E0B1FA81F6B140C6F1200220FA02F256
:10A820001143B0404FEAF474B4EB465434F00106DF
:10A830004FEA74040AD8D6F50016760D04F00044E9
:10A84000F04061FA06F25040F1404840C00A40EA48
:10A85000415021F0004128BF5FEA500550F100004F
:10A8600044EBD12135E0DB0A45EAC121C90AB6F142
:10A8700020050EDD42EA0242120CC5F1200603FA61
:10A8800006F6EB4042EA06056D42984161F100018F
:10A890000DE062FA06F5F240554063FA06FC82EAE2
:10A8A0000C02F3405A406D42904161EB030111F4F8
:10A8B000801F05D1641E620502D06D0040414941F0
:10A8C00021F48011430875F1004350F1000041EB81
:10A8D000045170BC70471CEB410F15D223F00043AC
:10A8E00052EA43060BD04FEA4C0CBCEB410F04D8A4
:10A8F0000C0D661E342EB7DDEBE7801A994150EA45
:10A90000410608BF0021E4E708BF1CEB430F28BF46
:10A910006FF00001DDE70000C1F30A5340F2FE32A0
:10A920009B1A14DDD3F120034FEAE17208DDC9025E
:10A9300041EA505141F00040D840801850407047E3
:10A9400003F2E13010B1D24382F0004070470020A2
:10A95000704700002DE9F84C2DED068B41EC180BEB
:10A9600048004015401C82B014460DD148004015E7
:10A97000401C01D1090303D151EC180BC80F30D191
:10A9800002B051EC180B25E153EC182B23F00041D9
:10A99000B1F5801F22F000000BD20022002908BF71
:10A9A0000028009210D06A4651EC180B03F07CFC92
:10A9B00008E08A4E06EB115000908949894803400F
:10A9C0001046194341EC180B51EC180B20F000060F
:10A9D00031F0004704BF002E834900F0FA80C80F11
:10A9E0000AD0AFF3008002B04FF0FF30BDEC068B11
:10A9F0006FF00041BDE8F48C51EC180B7B4A7C4BA6
:10AA000003F08AFC0BD253EC182B00204FF080414E
:10AA1000FFF7F2FD41EC180B0098401E009053EC3C
:10AA2000182B00207349FFF7B9FE41EC190B53ECCA
:10AA3000182B00207049FFF7B1FE02460B4651EC7F
:10AA4000190BFDF755F841EC180B53EC182BFFF7D9
:10AA5000D3FD41EC1A0B53EC1A2B68486849FFF7F9
:10AA6000CBFD684A684BFFF799FE53EC1A2BFFF7B2
:10AA7000C3FD664A664BFFF791FE53EC1A2BFFF7B6
:10AA8000BBFD644A644BFFF789FE53EC1A2BFFF7BA
:10AA9000B3FD624A624BFFF781FE53EC1A2BFFF7BE
:10AAA000ABFD604A604BFFF779FE53EC1A2BFFF7C2
:10AAB000A3FD5E4A5E4BFFF771FE53EC1A2BFFF7C6
:10AAC0009BFD02460B4651EC190B03F07BFB53EC4C
:10AAD000182BFFF791FD41EC180B0098FCF7E0FFF5
:10AAE000002C41EC1A0B19D153EC1A2B5148524946
:10AAF000FFF782FD53EC182B03F064FB53EC192B8A
:10AB0000FFF74CFE04460D4653EC1A2B4FF0404025
:10AB10004A49FFF771FD22462B4658E053EC192BAA
:10AB200034DD00204649FFF767FD06460F4653EC2B
:10AB3000192B44484449FFF75FFD04460D4653EC8A
:10AB40001A2B42484249FFF757FD82468B4653EC89
:10AB5000182B40483A49FFF74FFD02460B46504636
:10AB6000594603F02FFB22462B46FFF717FE3246CD
:10AB70003B46FFF713FE04460D4653EC1A2B00200C
:10AB80003549FFF739FD22462B4620E04FF0C04003
:10AB90003249FFF731FD06460F4653EC192B30487A
:10ABA0003049FFF729FD04460D4653EC182B2E487B
:10ABB0002A49FFF721FD02460B462046294603F0AD
:10ABC00001FB32463B46FFF7E9FD53EC1A2BFFF73A
:10ABD000E5FD02B0BDEC068BBDE8F48C02FCFFFF86
:10ABE0000000E03FFFFF0F800000F0FFCD3B7F66DD
:10ABF0009EA0E63F0000F0BF0000F03FF7DE29BF57
:10AC0000D8F8C23FF4B3FECC1A99C33F62CB68D9DF
:10AC10006F46C73FC6C912DAC471CC3F4AE98A946D
:10AC20002449D23FF75F97999999D93FBC5555551B
:10AC30005555E53F9EBC9AF71C7D7F3E422EE63F70
:10AC40007BCBDB3FABA6320EE526553E7CC4BC7FFA
:10AC5000DE27743E0EE526151344D33F4715F73F14
:10AC600044DF5DF80BAE543EFE822B65012271E697
:10AC70002DE9F04D2DED0A8B41EC190B43EC182B0F
:10AC800051EC180B20F0000431F0004508BF002CF7
:10AC900084B000F0088353EC192B0020DFF88C16E9
:10ACA00003F052FB00F0FF82DFF8141603F04CFBB8
:10ACB00008D151EC180B48004015401C02D1090383
:10ACC00000F0F18251EC190B48004015401C00F0D7
:10ACD0000E8251EC190B31F0004108BF002800F042
:10ACE000068251EC180B48004015401C00F0FF8113
:10ACF00051EC180B4B0043EAD0734200002B08BF05
:10AD0000002A04D1B0EE48AAF0EE68AA19E040F299
:10AD10003344A4EB5352352A04DB00F0000001F069
:10AD200000410CE0202A03DD203AD140914000E0B0
:10AD300001D1002003E0002AC4BFD040904041EC84
:10AD40001A0B51EC190BC80F0BD053EC182B51EC0C
:10AD50001A0B03F0F9FA04D0AFF300809FED3F9B8C
:10AD6000A3E253EC192B23F00041B1F5801F22F030
:10AD700000000DD20022002908BF0028009216D042
:10AD80006A4651EC190B03F08FFA41EC190B0EE0F7
:10AD9000DFF8AC45DFF82C7504EB115000903B4018
:10ADA000DFF82405924643EA000B4BEC19AB51EC5B
:10ADB000190BC80F36D021F0004053EC192B034675
:10ADC00043EC192B51EC1A0B4B0043EAD0734200B1
:10ADD000002B08BF002A04D1B0EE4A0AF0EE6A0A3E
:10ADE00019E040F23444A4EB5352352A04DB00F05E
:10ADF000000001F000410CE0202A03DD203AD140A0
:10AE0000914000E001D1002003E0002AC4BFD040FF
:10AE1000904041EC100B53EC1A2B51EC100B03F04B
:10AE200093FA01D1002600E00126009801281DD1E7
:10AE300051EC190BDFF89424DFF8943403F06CFA2A
:10AE400014D253EC192B00204FF08041FFF7D4FBB4
:10AE500000279FED04BB41EC190B27E0FFFFFFFF2C
:10AE6000FFFFFF7F000000000000F03F53EC192BB4
:10AE70000020DFF86014FFF7BFFB9FED78AB53ECC9
:10AE80001A2BFFF78BFCFFF747FDA0F120042046AB
:10AE9000FCF706FE0022DFF84034FFF7ADFB53EC71
:10AEA0001A2BFFF77BFC41EC1B0B670151EC190BD4
:10AEB00053EC1B2B03F086F941EC1A0B53EC192BC6
:10AEC00051EC1B0BFFF76AFC02460B4651EC1A0BC8
:10AED000FCF70EFE41EC190B53EC192BFFF78CFB22
:10AEE00041EC1C0B53EC1C2BDFF8F003DFF8F013E4
:10AEF000FFF782FBDFF8EC23DFF8EC33FFF74EFCC3
:10AF000053EC1C2BFFF778FBDFF8E023DFF8E0338E
:10AF1000FFF744FC53EC1C2BFFF76EFBDFF8D42348
:10AF2000DFF8D433FFF73AFC53EC1C2BFFF764FB3C
:10AF3000DFF8C823DFF8C833FFF730FC53EC1C2BD5
:10AF4000FFF75AFBDFF8BC23DFF8BC33FFF726FC22
:10AF500053EC1C2BFFF750FBDFF8B023DFF8B033C6
:10AF6000FFF71CFC53EC1C2BFFF746FB53EC1A2B92
:10AF700003F028F904460D460020DFF8B01353EC27
:10AF80001B2B03F01FF900224FF08043FFF734FB27
:10AF900022462B46FFF702FC53EC192BFFF72CFB44
:10AFA00041EC100BDFF86C03784400F55A7007444D
:10AFB00053EC1A2B51EC100BFFF7F0FB41EC190B83
:10AFC0000098FCF76DFDD7E90023FFF7E7FB41ECA4
:10AFD0001A0B53EC192BDFF84003DFF84013FFF78F
:10AFE0000BFB53EC1A2BFFF7D9FB53EC182BFFF795
:10AFF00003FB0022DFF8283303F08EF941EC1B0B32
:10B0000069D30122C74B03F0AFF961D9C80F53ECE4
:10B010001B2B1ABF0020C449AB49FFF7BFFBFFF74A
:10B020007BFC0022C14BCDE901238046CDF8008096
:10B0300053EC192B51EC180BFFF7DEFA04460D46C2
:10B04000D7E90201D7E90423FFF7A8FB53EC182B3B
:10B05000FFF7D2FA9FEDB6BB04E000BF000000008E
:10B060000000E03F53EC1B2BFFF7C6FA22462B46AD
:10B07000FFF794FB07468B4653EC1A2B51EC180B49
:10B08000FFF7BAFA04460D464046FCF709FD0246B2
:10B090000B462046294603F095F853EC1B2BFFF78F
:10B0A000ABFA3A465B46FFF779FBDDE9012303F093
:10B0B00073F941EC190B31F0004108BF00280AD0A8
:10B0C00051EC190B48004015401C06D1090304D16E
:10B0D0009FEDA09B01E09FED9B9B002E00F0E58083
:10B0E00051EC190B81F0004141EC190BDDE051EC02
:10B0F000190B48004015401C02D1090340F0D580CF
:10B1000051EC180B48004015401C06D1090304D02F
:10B11000B0EE489AF0EE689AC7E051EC180B480080
:10B1200001244015401C61D051EC180B4B0043EA40
:10B13000D0734200002B08BF002A04D1B0EE48AA09
:10B14000F0EE68AA19E040F23345A5EB5352352AD8
:10B1500004DB00F0000001F000410CE0202A03DDD8
:10B16000203AD140914000E001D1002003E0002AC4
:10B17000C4BFD040904041EC1A0B53EC182B51EC5B
:10B180001A0B03F0E1F818BF00244B0043EAD07318
:10B190004200002B08BF002A04D1B0EE4A0AF0EEAC
:10B1A0006A0A19E040F23445A5EB5352352A04DB14
:10B1B00000F0000001F000410CE0202A03DD203AFD
:10B1C000D140914000E001D1002003E0002AC4BF3B
:10B1D000D040904041EC100B44B153EC1A2B51EC91
:10B1E000100B03F0B1F80CBF0024012451EC190B33
:10B1F00048004015401C0AD1090308D151EC190B35
:10B20000C80F21D153EC182BDA0F49D040E051EC94
:10B21000180B48004015401C1ED109031CD153ECEB
:10B22000192B23F00041B1F5801F22F0000021D23C
:10B230000022002908BF002800921FD06A4651EC66
:10B24000190B03F031F819E051EC180BC80F01D1BC
:10B25000002C21E0E4B10AE0002C1ABF51EC190BDC
:10B26000C80F002053EC182BDA0F14D180B19FEDDA
:10B27000329B1AE0324C04EB1150009051EC180B49
:10B28000C80F009802D100280ADC01E0002807DD81
:10B290009FED2C9B09E0002818BF9FED2C9B04D14B
:10B2A0009FED2C9B01E09FED049B04B051EC190B2A
:10B2B000BDEC0A8BBDE8F08D000000000000F03FFF
:10B2C0000000F0BFFFFF0F800000E03FCD3B7F6636
:10B2D0009EA0E63F000050400000903FF7DE29BFEF
:10B2E000D8F8C23FF4B3FECC1A99C33F62CB68D9F9
:10B2F0006F46C73FC6C912DAC471CC3F4AE98A9487
:10B300002449D23FF75F97999999D93FBC55555534
:10B310005555E53F4C5B0000FE822B654715F73F16
:10B320000000E0C00000E0400000E0BF0000F03F8F
:10B33000EF39FAFE422EE63F0000000000000080D8
:10B3400002FCFFFF00000000000000000000000001
:10B350000000F0FF000000000000F07F2DE9F14F39
:10B36000B0B0924604910DF142013A9A2B91994660
:10B370004A7000200AE01AF8011B0498309A90479E
:10B380000028049000F0B6860D98401C0D909AF8A5
:10B39000000050B12528EED100210022079108922B
:10B3A00009910A920B910C9204E00D9800F0A4BE52
:10B3B00041F001011AF8010F2028F9D023280CD000
:10B3C0002B2804D02D2805D0302809D00BE041F0DF
:10B3D0000201EFE741F00401ECE741F00801E9E781
:10B3E00041F01001E6E72A280FD1D9F8002052F8E1
:10B3F000040BC9F8002000280F9003D540420F909D
:10B4000041F004010AF1010A14E00F92DFF8283834
:10B410000AE00F98984205DA00EB800402EB440240
:10B42000303A0F920AF1010A9AF80020A2F1300096
:10B430000A28EED39AF800002E2803D04FF0FF32EE
:10B440000E9229E01AF8010F2A2809D1D9F8000034
:10B4500050F8042BC9F800000E920AF1010A1BE013
:10B460002D280CBF0AF1010A002000220E92DFF8FD
:10B47000C8470BE040B90E9AA24205DA02EB8205FA
:10B4800003EB4503303B0E930AF1010A9AF80030B2
:10B49000A3F130020A2AEDD3ADF84010DFF89C0783
:10B4A000784400F5F3609AF8001003F069F908B1E8
:10B4B0001AF8010B8DF842009DF84200682805D16A
:10B4C0009AF8000068280CD1622106E06C2804BFBD
:10B4D0009AF800006C2804D171218DF842100AF10D
:10B4E000010A12A806901AF801BBBBF125012CD065
:10B4F0001C3900F0D081091F022940F2CC81133998
:10B5000000F02385093900F0C681891E00F0B88556
:10B51000491E00F06585491E022940F2BC81091FC1
:10B5200000F05E85491F00F02881491E00F00D855E
:10B53000491E00F0D080C91E0DD0891E00F005857F
:10B54000C91E00F0028500F0A6BD25238DF8483005
:10B55000012100F0ABBDD9F8000050F8044BC9F848
:10B560000000002C059440F0A3802B994878002817
:10B5700000F099804FF0FF340FF6843003F00CF99F
:10B58000201A40F0B78500F092BD6D1E40F0A985ED
:10B590003096079D12AF75B1309E17F8012B02A9A6
:10B5A000304600F073FE002801D46D1EF5D100284E
:10B5B000309640F09F850A9D3020002D8DF80400C4
:10B5C0000CDD309E012301AA02A9304600F06EFE78
:10B5D000002840F08F856D1EF4D13096059F089DA0
:10B5E00075B1309E17F8012B02A9304600F04EFECF
:10B5F000002801D46D1EF5D10028309640F07A85E0
:10B600000B9D3020002D8DF804000CDD309E0123B1
:10B6100001AA02A9304600F049FE002840F06A85E0
:10B620006D1EF4D1309605980899099D471875B19B
:10B63000309E17F8012B02A9304600F027FE0028A3
:10B6400001D46D1EF5D10028309640F053850C9D35
:10B650003020002D8DF804000CDD309E012301AA5E
:10B6600002A9304600F022FE002840F043856D1EFE
:10B67000F4D130969DF8400041077FF588AE202038
:10B68000002C8DF804007FF782AE309D012301AAC3
:10B6900002A9284600F00AFE002840F02B85641E0F
:10B6A000F4D1309573E60FF66440059000F0FFBCCE
:10B6B0000E9D002D04D52046FCF7BAF9044607E09C
:10B6C0002A46204603F088F8002814BF041B2C46A5
:10B6D000089400F0ECBCD9F8001051F8040BC9F83C
:10B6E000001020F00004002121F0FF3512ABCDE95D
:10B6F00002450593DDE9022306993C2413B90AB9F2
:10B700000E9898B102F00F053035641EEEB23A2E55
:10B71000A8BF2735120942EA03721B090D5508BF5D
:10B72000002A03D005980D19A842EBD308190590FB
:10B73000C4F13C020E98089282420ADABDF8401029
:10B74000821A4FF6EF7001400A92ADF8401000F0F7
:10B75000AEBC002840F1AB849DF8400000F014001E
:10B76000102840F0A4840F9B07990A985B1A1B1AB3
:10B770009A1A002A40F39B84E5E32B99487820B17C
:10B780004FF0FF340FF65430F8E69DF8420062287F
:10B7900061D0682817D06A283FD06C2806D071285D
:10B7A00047D074282CD07A281DD064E0D9F8001036
:10B7B00051F8040BC9F80010002868D14FF0FF348D
:10B7C0000FF63030DAE6D9F8001051F8040BC9F85A
:10B7D000001020B94FF0FF340FF61830CEE60D9967
:10B7E000018000F064BCD9F8001051F8040BC9F8CE
:10B7F000001000284BD14FF0FF340FF6F820BDE6C3
:10B80000D9F8001051F8040BC9F8001000283ED1F7
:10B810004FF0FF340FF6DC20B0E6D9F8001051F8F5
:10B82000040BC9F8001080B94FF0FF340FF6C420A4
:10B83000A4E6D9F8001051F8040BC9F8001020B99B
:10B840004FF0FF340FF6AC2098E60D9AD317C0E9FD
:10B85000002300F02CBCD9F8001051F8040BC9F8F3
:10B86000001020B94FF0FF340FF6882086E60D99BE
:10B87000017000F01CBCD9F8001051F8040BC9F895
:10B88000001020B94FF0FF340FF6682076E60D99CE
:10B89000016000F00CBCD9F80020D21D22F0070294
:10B8A000C9F80020D2E900010832C9F80020CDE92A
:10B8B0000201C80F02D007982D210AE0BDF8400010
:10B8C000810702D507982B2103E0C00705D507980B
:10B8D000202112AA1154401C0790DDE90223079988
:10B8E00012A8CDE92C2308444BF0200161290590D2
:10B8F00021AC0BD00E99002902D506210E9105E04E
:10B9000001BF4BF02001672901220E92DDE90223DD
:10B9100059004915491C0DD11A030BD0ABF1610533
:10B9200003211A2D089102D20FF6E41110E00FF650
:10B93000E4110DE059004915491C0DD11A030BD132
:10B94000ABF1610503211A2D089119D30FF6CC1123
:10B950000322FEF7E5FCAAE3DDE90201CDE92E01B1
:10B96000DDE92E2323F00047B7F5801F22F0000603
:10B970000DD20022002F08BF002E009203D116E046
:10B980000FF69411E4E76A4602F08EFC0FE0DFF850
:10B99000DC08DFF8DC1800EB17500090DDE92E23FF
:10B9A0004FF0FF301940DFF8CC7810403943CDE933
:10B9B00002014BF0200061280DD105983021017063
:10B9C000821CBBF1610F05920CBF78215821417098
:10B9D0000798801C0790DDE9020120F0000231F099
:10B9E000004308BF002A02D10026002568E14BF081
:10B9F0002008B8F1610F40F0B4800E98002847BFCE
:10BA000021210191401C0190019FDDE92C017F1C47
:10BA100000220023DDE9024502F07EFC00998DF84A
:10BA2000842038BF85F00045091F002F00910DF1DB
:10BA3000850653DD204629460022002302F094FCAF
:10BA40004CD24800400D00F11C0212D0002A10DD3B
:10BA500040F2FF739A4206DBDFF81C1805F0004045
:10BA60000143002011E06FF31E5141EA02512046CC
:10BA70000BE024F0000035F0004108BF00280FBFA4
:10BA800029461C22294602F0D3FE04460D46FEF745
:10BA900043FFFF1F002F804609DDFCF701F8024637
:10BAA0000B462046294602F08DFB04460D46F01D4C
:10BAB0000721B8F1000F0CDD491E5EBF08F00F0230
:10BAC00000F8012D4FEA2818F3D502E0002200F813
:10BAD000012D491EFAD5C61D002FABDC0DF18500E6
:10BAE000361A01988642D8BF304600280DF18504E9
:10BAF00030D4B04206DA0DF185010A5C082AA8BFED
:10BB00000F2100DA0021024621AB134400E0401E61
:10BB100013F80159521E8D42F9D00F2904D10DF1AD
:10BB200085018B5C5B1C8B54002A04D50099091D90
:10BB300021AC401C0091411E0CD46218ABF13A06B6
:10BB400013783033DDB23A2DA8BFF318491E02F83E
:10BB50000139F5D50E99002940F1B080421E0E92B0
:10BB6000ACE00099DFF8142747F29750414391FB6E
:10BB7000F2F2DDE92C45009225F00045D2F10702F2
:10BB800004DD2046294600F04EFB0BE05242002027
:10BB9000DFF8EC1600F047FB02460B46204629462C
:10BBA000FBF7A6FF0446B8F1660F0E9806BF009F8C
:10BBB0000A3706273F18142FC8BF142730200D4618
:10BBC0008DF884000DF18506002F39DD20462946C9
:10BBD00002F0CCFE01460A4606F1080304200A26BC
:10BBE000B2FBF6F606EB860EA2EB4E02303203F8FD
:10BBF000012C0A22B6FBF2F202EB820EA6EB4E06F5
:10BC00003036401E03F8026DE9D1083F002F03F1E2
:10BC10000806D9DD0846FCF7C3F802460B46204665
:10BC2000294602F0CFFA0022DFF85836FEF7E4FC8E
:10BC300004460D46CAE700BFCBCCCC0CB86A000066
:10BC40000DF18500361A0DF1850404E00098401EC0
:10BC5000761E0090641C20783028F7D0B8F1660F6B
:10BC600002D10099491C04E0B8F1650F0CBF012115
:10BC700000210E9808188642B8BF701E00281DD4F7
:10BC8000B04204DA215C3429C8BF392100DC3021FC
:10BC90000246631E9D1800E0401E15F80169521E01
:10BCA0008E42F9D0392902D1A15C491CA154002A45
:10BCB00004D50099491C1C46401C00910646009D75
:10BCC00002F068FE406A0778DDF8388030B200285C
:10BCD00002DC01260FF248644BF02000662808BF02
:10BCE0006D1C16D0672846D128B210F1040F48DB2E
:10BCF000404546DA9DF840006D1C010703D430B280
:10BD00004045B8BF804628B2B8EB000848BF4FF0A6
:10BD100000080FFA85FBBBF1000F00F3B58008980F
:10BD2000411C0891302205990A54B8F1000F03DC38
:10BD30009DF84000010704D50898411C0891059919
:10BD40000F5418EB0B0FB8BFC8F100052DB26842B5
:10BD50000B90A84432B29045B8BF4646059B089860
:10BD600036B20996324621461844FEF7D9FAA8EBB6
:10BD700006000C90D2E0BBF1610F17D14FF0700BB1
:10BD800019E030B2404504DA9DF840100A0758BF68
:10BD90008046B8F1010848BF4FF00008BBF1670FBB
:10BDA00014BF4FF0450B4FF0650B04E0BBF1410FA2
:10BDB00008BF4FF0500B0898411C0891B8F1000FD4
:10BDC000059914F8012B0A5403DC9DF84000010783
:10BDD0001AD50898411C0891B8F1000F05990F5425
:10BDE00012DD761E30B280450598089BB8BF4646E6
:10BDF00032B221461844FEF793FA089936B2711808
:10BE00000891A8EB06000B9005980899084429B200
:10BE1000002980F800B003D42B224270821C04E079
:10BE20002D2242700D46821C6D4200212CAB28460B
:10BE30000AE004460A2094FBF0F000EB8005A4EB36
:10BE4000450403F8014B491C00B20028F1DC01292C
:10BE500006DC4BF02000652804BF302002F8010BFF
:10BE600000292CAB08D1302002F8010B06E0491E56
:10BE7000585C303002F8010B0029F8DC059908986D
:10BE80000844121A099249E030B229B288421CDAF9
:10BE90000598089B32B221461844FEF741FA0899EA
:10BEA00036B27118ABEB0606B8F1000F08910B968D
:10BEB00003DC9DF84000020704D505984754099912
:10BEC000491C0991CDF8308028E00598089B2AB2DA
:10BED00021461844FEF724FA0898761B5844B8F116
:10BEE000000F089003DC9DF840100A0703D5411CA1
:10BEF000089105990F5430B280450598089BB8BF4A
:10BF0000464632B204EB0B011844FEF709FA0898D2
:10BF100036B230180890A8EB06000B909DF8400050
:10BF200000F01400102840F0C280079A08990B987E
:10BF30008A18099982180C988A1882180F988242D8
:10BF400080F2B580821A0A92B1E09DF84200622820
:10BF500008D068280ED06A2814D06C281FD0712809
:10BF600010D01CE0D9F8001051F8040BC9F80010EB
:10BF7000C0B21AE0D9F8001051F8040BC9F800104B
:10BF800080B212E0D9F80020D21D22F00702C9F8D1
:10BF90000020D2E900010832C9F8002006E0D9F8F3
:10BFA000001051F8040BC9F800100021CDE902017E
:10BFB0009DF8400001075AD5DDE90223002B08BF98
:10BFC000002A54D04BF02000782850D1079812A9AD
:10BFD00030220A54401C431C079301F800B046E08D
:10BFE0009DF84200622808D068280ED06A2814D034
:10BFF0006C281FD0712810D01CE0D9F8001051F81F
:10C00000040BC9F8001040B21AE0D9F8001051F83A
:10C01000040BC9F8001000B212E0D9F80020D21DBC
:10C0200022F00702C9F80020D2E900010832C9F85D
:10C03000002006E0D9F8001051F8040BC9F80010F0
:10C04000C117CDE90201002902D507982D210AE088
:10C05000BDF84000810702D507982B2103E0C007F7
:10C0600005D50798202112AA1154401C079012A848
:10C0700007990144059102A8594600F04FF816E0CF
:10C0800001200790D9F8000050F8041BC9F80000FF
:10C090008DF848100BE025210122BBF1000F8DF82F
:10C0A0004810079203D08DF849B0022107910F9AEA
:10C0B00007980A990C9C121A0898521A0B99121A8E
:10C0C0000998521A121A9DF84000141B41073FF5B7
:10C0D00060AA2020002C8DF804007FF75AAA309E19
:10C0E0002546012301AA02A9304600F0DFF8002806
:10C0F0003FF44BAA4FF0FF3031B0BDE8F08F0000A5
:10C100007072696E74665F733A2062616420257391
:10C1100020617267756D656E740000002DE9FC4347
:10C1200007466F293E6908BF082405D041F020006A
:10C13000782814BF0A2410243C25D7E90023642959
:10C1400018BF69299046994605D1002B03D5D8F12F
:10C15000000869EB4909B9F1000F08BFB8F1000FF9
:10C160000CD1386B50B9082C39D197F83800010739
:10C1700035D530203B2586F83B0030E08DF80010A7
:10C18000404649462246E317FEF71EF93032D0B248
:10C190006D1E3A28019504DB9DF80000A0F15101C5
:10C1A0008A187255404649462246E317FEF70CF9B5
:10C1B00080465FEA010908BFB8F1000F03D0F868B4
:10C1C00071198842DCD3082C09D197F8380001078F
:10C1D00005D5705D302802D06D1E30207055C5F138
:10C1E0003C02BA617119F960386B824208DA821A2E
:10C1F0003A624FF6EF70398F01403987BDE8F3831B
:10C2000000280ED597F8380000F01400102808D147
:10C210007B6B7969386A5B1A1B1A9A1A002AC8BFA5
:10C220003A62BDE8F3832DE9D04306460F46144633
:10C230004FF00008DFF8509012E0E00707D54246C3
:10C240004B4630463946FEF7D7F906460F4640467C
:10C25000494642464B46FEF7CFF964108046894670
:10C26000002CEAD130463946BDE8D08302FCFFFFFE
:10C27000FFFF0F800000E03F0000F07FA08601007C
:10C280000000F03F84D797410000244010B50346DA
:10C290000C461146A0689847A06020B1E06A401C97
:10C2A000E062002010BD4FF0FF3010BDF8B505462C
:10C2B0000E4617461C4600205CB117F8011BB068FB
:10C2C000A847B06030B1F06A401CF0620020641EE4
:10C2D000F3D1F2BD4FF0FF30F2BD00007072696E15
:10C2E00074665F733A20256E20646973616C6C6FAD
:10C2F000776564007072696E74663A2062616420CA
:10C30000256E20617267756D656E74000000000017
:10C310006E616E004E414E00696E6600494E4600E9
:10C320003000000010B50400002C01D1012074E0A1
:10C33000606A002806D16068B0F5827F06D00020D0
:10C34000E06103E000202061002060610020A06225
:10C3500094F85D00002805D1002084F85C002000DE
:10C3600002F044FB022084F85D002068006830F091
:10C37000400021680860E06840F20171884201D302
:10C38000002101E04FF48051E068B0F5706F05D0F6
:10C39000E068B0F5E06F01D00020A062606810F4A2
:10C3A0008270A26812F404421043227C12F002024E
:10C3B0001043227D12F001021043A26912F40072B0
:10C3C0001043227F12F03802104394F8202012F01C
:10C3D00080021043A26A12F40052104322681060D7
:10C3E000A269120C12F0040294F8240010F010005C
:10C3F000024394F8340010F008000243E06810F49F
:10C400007060024311F480500243206842600020B3
:10C410002066012084F85D00002010BD2DE9F8435E
:10C4200006000D0017001C00FBF764FD8046B946AE
:10C4300096F85D00012801D00220ECE0002D03D029
:10C44000380080B2002801D10120E4E096F85C00B9
:10C45000012801D10220DEE0012086F85C000320E3
:10C4600086F85D0000203066B563B787F787002047
:10C4700030640020A6F844000020A6F84600002002
:10C4800030650020F064B068B0F5004F0BD1306823
:10C49000006830F04000316808603068006850F48F
:10C4A00080403168086030680068400605D4306814
:10C4B000006850F0400031680860F06840F2017197
:10C4C000884235D37068002803D0484680B20128DE
:10C4D00009D1B06B00883168C860B06B801CB06354
:10C4E000F08F401EF087F08F002873D0306880688E
:10C4F00080070AD5B06B00883168C860B06B801CBB
:10C50000B063F08F401EF087EDE7FBF7F3FCB0EB74
:10C510000800A04202D314F1010F01D1002CE2D196
:10C52000012086F85D00002086F85C00032072E0A0
:10C530007068002803D0484680B2012817D1F08FD8
:10C5400002280AD3B06B00883168C860B06B801CC9
:10C55000B063F08F801EF08709E0B06B007831681F
:10C560000873B06B401CB063F08F401EF087F08FF3
:10C5700000282FD030688068800718D5F08F0228F7
:10C580000AD3B06B00883168C860B06B801CB063A0
:10C59000F08F801EF087EAE7B06B0078316808738F
:10C5A000B06B401CB063F08F401EF087DFE7FBF7F5
:10C5B000A1FCB0EB0800A04202D314F1010F01D19D
:10C5C000002CD4D1012086F85D00002086F85C00A4
:10C5D000032020E042462100300000F003F900284B
:10C5E00001D020203066B068002808D100200090DB
:10C5F0003068C06800903068806800900098012022
:10C6000086F85D00002086F85C00306E002801D0BE
:10C61000012000E00020BDE8F2832DE9FC47050081
:10C620000E0017009846DDF82890FBF763FC040025
:10C63000B8EB040419EB0404FBF75CFC8246684881
:10C6400000684001000D00FB04F00090286880683D
:10C650003040B04201D1012000E000203900C9B2D1
:10C66000884243D018F1010FF0D0FBF743FCB0EB48
:10C670000A00A04201D2002C2FD12868406830F077
:10C68000E000296848606868B0F5827F0DD1A8682D
:10C69000B0F5004F03D0A868B0F5806F05D12868C9
:10C6A000006830F0400029680860A86AB0F5005FB3
:10C6B0000BD12868006830F40050296808602868A9
:10C6C000006850F4005029680860012085F85D007A
:10C6D000002085F85C00032009E00098002801D1C3
:10C6E000002004000098401E0090AFE70020BDE845
:10C6F000F6872DE9FE4F06000F0014009846DDF87E
:10C70000309000208DF80000FBF7F4FB0500B8EB3B
:10C71000050519EB0505FBF7EDFB8246306810F1C6
:10C720000C0B2F48016823204143090D01FB05F143
:10C730000191306880683840A0424ED0B7F5C06F94
:10C7400007D1002C05D19BF800008DF800009DF862
:10C75000000018F1010FECD0FBF7CCFBB0EB0A00A6
:10C76000A84201D2002D2FD13068406830F0E0009F
:10C77000316848607068B0F5827F0DD1B068B0F55F
:10C78000004F03D0B068B0F5806F05D13068006805
:10C7900030F0400031680860B06AB0F5005F0BD13E
:10C7A0003068006830F40050316808603068006814
:10C7B00050F4005031680860012086F85D000020C8
:10C7C00086F85C00032009E00198002801D10020D0
:10C7D00005000198401E0190ABE70020BDE8FE8FE8
:10C7E000040800207CB504000D00160000962B0004
:10C7F00000224FF4C0512000FFF77BFF002805D036
:10C80000206E50F02000206603201FE000962B00D1
:10C81000002280212000FFF700FF002805D0206EB5
:10C8200050F020002066032010E000962B0000222C
:10C830004FF4C0612000FFF75CFF002805D0206E98
:10C8400050F020002066032000E0002076BD002884
:10C8500048BF4042704780B502F004F900F011F87B
:10C8600002F012F902F0F8F9FCF7A0FA02F024FA4B
:10C8700002F094F8FCF7B6FAFCF7D2FA02F046FBA5
:10C88000FEE710B596B04421002205AC2000FBF76E
:10C89000E9FD142100226C462000FBF7E3FD4FF474
:10C8A000007002F00FFD002801D000F033F81820CE
:10C8B000059001200A9001200B9000200C90602030
:10C8C0000D9002200F90012010900120119028203F
:10C8D000129007201390022014900220159005A8B2
:10C8E00000F042FE002801D000F014F80F20009064
:10C8F000032001900020029000200390002004906B
:10C900000421684601F074F9002801D000F002F813
:10C9100016B010BD72B6FEE710B5044610460A46C2
:10C9200001462046FBF79EFD204610BD2DE9F84F3D
:10C9300005005FF0000800272868000527D5686C0F
:10C9400000280DD0B0F5000F03D0B0F5400F0DD08A
:10C950000DE0DFF82403016851F48031016008E044
:10C960000021281D00F092F9804602E001E001203C
:10C9700080464046C0B2002808D1DFF80C130A6890
:10C9800032F44002686C02430A6000E047462868BF
:10C9900080037AD55FF00009DFF8E0A2DAF8000042
:10C9A000C0000DD4DAF8000050F08050CAF8000042
:10C9B000DAF8000010F080500090009801208146C5
:10C9C000DFF8BCB2DBF8000050F48070CBF8000058
:10C9D000FBF790FA0600DBF80000C00506D4FBF771
:10C9E00089FA801B0328F6D3032080464046C0B254
:10C9F00000283FD1DFF88CB2DBF8000010F4407063
:10CA00000400002C15D0E86D844212D0DBF8000041
:10CA100030F440700400DBF8000050F48030CBF8B4
:10CA20000000DBF8000030F48030CBF80000CBF8D9
:10CA30000040E0070FD5FBF75DFA0600DBF80000C9
:10CA4000800708D4FBF756FA801B41F289318842EF
:10CA5000F4D3032080464046C0B2002808D1DBF85A
:10CA6000001031F44071E86D0143CBF8001002E092
:10CA7000474600E047464846C0B2012805D1DAF8EB
:10CA8000000030F08050CAF800002878C00707D5B1
:10CA9000DFF8F4110A6892089200286A02430A60DB
:10CAA0002878800707D5DFF8E0110A6832F00C0219
:10CAB000686A02430A602878400707D5DFF8C81182
:10CAC0000A6832F03002A86A02430A6028788006B9
:10CAD00007D5DFF8B4110A6832F44062E86A02430D
:10CAE0000A602868800507D5DFF89C110A6832F4CF
:10CAF0004022E86B02430A602868400507D5DFF84A
:10CB000088110A6832F44012286C02430A602878BF
:10CB1000400607D5DFF870110A6832F44052286BDE
:10CB200002430A602878000607D5DFF85C110A681E
:10CB300032F44042686B02430A602868C00507D59A
:10CB4000DFF844110A6832F44032A86B02430A60ED
:10CB50002868800420D5DFF830110A6832F040627E
:10CB6000A86C02430A60A86CB0F1006F06D1DFF830
:10CB70000801016851F4801101600DE0A86CB0F16A
:10CB8000806F09D10121281D00F080F880464046C1
:10CB9000C0B2002800D047462868000320D5DFF83F
:10CBA000E8100A6832F04062E86C02430A60E86C00
:10CBB000B0F1006F06D1DFF8C000016851F48011B8
:10CBC00001600DE0E86CB0F1806F09D10121281DF2
:10CBD00000F05CF880464046C0B2002800D04746CE
:10CBE0002868400320D5DFF8A0100A6832F04062C0
:10CBF000286D02430A60286DB0F1006F06D1DFF89E
:10CC00007800016851F4801101600DE0286DB0F1E9
:10CC1000806F09D10121281D00F038F88046404678
:10CC2000C0B2002800D047462868400415D5DFF878
:10CC300058100A6832F04052686D02430A60686D0D
:10CC4000B0F1805F09D10221281D00F01FF8804655
:10CC50004046C0B2002800D047462868000407D5E7
:10CC6000DFF824100A6832F08042A86D02430A609F
:10CC70003800C0B2BDE8F28F0C10024058100240DC
:10CC80000070004090100240881002402DE9F041F1
:10CC900005000C0000275949086810F0030F12D056
:10CCA000086810F003002A68904209D1286800281B
:10CCB00006D00868C0F30210401C6968884232D070
:10CCC000012007002FE02868012804D01BD3032887
:10CCD0000FD007D317E04A480068800701D401202D
:10CCE000070012E046480068400501D40120070013
:10CCF0000BE043480268920304D40068400301D467
:10CD00000120070001E0012007003800C0B2002820
:10CD100009D10A6832F07302286802436868401E2D
:10CD200052EA00120A603800C0B2002861D1DFF870
:10CD3000D080D8F8000030F08060C8F80000FBF721
:10CD4000D9F80600D8F80000000106D5FBF7D2F8A4
:10CD5000801B0328F6D3032007003800C0B2002848
:10CD600047D1002C0BD127490A6827480240A86800
:10CD700052EA0022E86852EAC0620A601CE0012C14
:10CD80000DD120490A6821480240A86852EA0022D1
:10CD900028694008401E52EA40520A600CE01949D6
:10CDA0000A681B480240A86852EA002268694008E5
:10CDB000401E52EA40620A60D8F8000050F08060DD
:10CDC000C8F80000FBF796F80600D8F8000000014C
:10CDD00006D4FBF78FF8801B0328F6D30320070047
:10CDE0003800C0B2002804D106490A68A869024385
:10CDF0000A603800C0B2BDE8F08100000C100240AB
:10CE00000010024010100240FF80FF07FF809FFFCC
:10CE1000FF80FFF930B40100002901D1012067E053
:10CE20000868624A90420AD20A686148821814204F
:10CE3000B2FBF0F0800048645E48086409E00A68CC
:10CE40005D4882181420B2FBF0F0800048645B4813
:10CE50000864022081F82500086802686FF30E124A
:10CE60008B68C868034308690343486903438869BA
:10CE70000343C8690343086A03431A43086802600E
:10CE80008868B0F5804F2AD0086C4A4B984213D17D
:10CE90004B4803680F2491F8445015F01C05AC4032
:10CEA000A343036003684C6891F8445015F01C05D7
:10CEB000AC402343036012E0424803680F2491F81A
:10CEC000445015F01C05AC40A343036003684C6854
:10CED00091F8445015F01C05AC402343036000203A
:10CEE000C863012081F82500002081F8240000207B
:10CEF00030BC704710B40100002901D1012053E07B
:10CF000008680068400840000A6810600868274AFE
:10CF100090420AD20A68264882181420B2FBF0F028
:10CF2000800048642348086409E00A68224882189F
:10CF30001420B2FBF0F08000486420480864002010
:10CF40000A681060012091F8442012F01C02904001
:10CF50000A6C5060086C174A90420AD1184802685F
:10CF60000F2391F8444014F01C04A3409A4302603C
:10CF700009E0144802680F2391F8444014F01C049F
:10CF8000A3409A4302600020C8620020086300208A
:10CF90004863002088630020C863002081F82500D2
:10CFA000002081F82400002010BC704708040240D3
:10CFB000F8FFFDBF00000240F8FBFDBF0004024087
:10CFC000A8000240A80402402DE9F04104000D0031
:10CFD00016001F005FF0000894F82400012801D11A
:10CFE00002203BE0012084F8240094F82500012869
:10CFF0002DD1022084F825000020E063206800681D
:10D0000040084000216808603B00320029002000F1
:10D0100000F0F8F8206B002806D02068006850F077
:10D020000E00216808600BE02068006830F0040002
:10D03000216808602068006850F00A0021680860D4
:10D040002068006850F001002168086004E00020BA
:10D0500084F82400022080464046C0B2BDE8F0813A
:10D060000100002291F82500022806D00420C863A0
:10D07000002081F8240001201BE00868006830F0DF
:10D080000E000B68186008680068400840000B68D4
:10D090001860012091F8443013F01C0398400B6C89
:10D0A0005860012081F82500002081F8240010003C
:10D0B000C0B2704738B50400002594F82500022856
:10D0C00004D00420E063012005001FE02068006810
:10D0D00030F00E00216808602068006840084000B9
:10D0E00021680860012094F8441011F01C01884068
:10D0F000216C4860012084F82500002084F8240079
:10D10000A06B002802D02000A16B88472800C0B285
:10D1100032BD70B50400206C0568206806680420E4
:10D1200094F8441011F01C0110FA01F10D4219D0CD
:10D13000710717D521680968890605D4216809682F
:10D1400031F004012268116094F8441011F01C01C0
:10D150008840216C4860206B002852D02000216B51
:10D1600088474EE0022094F8441011F01C0110FA98
:10D1700001F10D421FD0B1071DD52168096889064C
:10D1800008D42168096831F00A0122681160012180
:10D1900084F8251094F8441011F01C018840216C8B
:10D1A0004860002084F82400E06A002829D020008C
:10D1B000E16A884725E0082094F8441011F01C012A
:10D1C000884005421DD030071BD52068006830F02C
:10D1D0000E0021680860012094F8441011F01C0131
:10D1E0008840216C48600120E063012084F825001C
:10D1F000002084F82400606B002802D02000616BBE
:10D20000884770BD30B4012490F8445015F01C05D7
:10D21000AC40056C6C60046863608468102C04D1B9
:10D220000468A2600468E16003E00468A160046827
:10D23000E26030BC7047000010B410F00703DFF864
:10D24000684122684FF6FF010A40DFF8601151EA99
:10D2500003210A43226010BC7047DFF84C010068CC
:10D26000C0F3022070470000010049B200290AD42F
:10D27000012210F01F018A40DFF8341103005BB275
:10D280005B0941F823207047010049B200290DD401
:10D29000012210F01F018A40464903005BB25B097E
:10D2A00041F82320BFF34F8FBFF36F8F704710B447
:10D2B000020052B2002A05D40A013F4B040064B2B6
:10D2C0001A5508E00A013D4B040064B214F00F0443
:10D2D000234403F8042C10BC704770B4030013F00F
:10D2E0000704D4F10700052801D3042001E0D4F19C
:10D2F0000700251D072D01D2002500E0E51E0126AF
:10D3000016FA00F0401E0140A94016FA05F56D1E00
:10D310002A401143080070BC704710B50400601E1D
:10D32000B0F1807F01D301200EE0601E2449086027
:10D330000F215FF0FF30FFF7BAFF0020214908609E
:10D34000072021490860002010BD10B5040020000E
:10D35000FFF772FF10BD2DE9F04104000D0016002B
:10D360000027FFF77AFF8046320029004046FFF78A
:10D37000B4FF0100200040B2FFF799FFBDE8F08143
:10D3800010B50400200040B2FFF76EFF10BD10B5CD
:10D390000400200040B2FFF777FF10BD10B5040075
:10D3A0002000FFF7BAFF10BD0CED00E00000FA0509
:10D3B00000E100E080E100E000E400E018ED00E0C2
:10D3C00014E000E018E000E010E000E010B5040018
:10D3D000206841490968884202D1012001F067FEB6
:10D3E00020683E490968884202D1012001F0BEFF51
:10D3F00020683B490968884202D10120FBF7BCFE46
:10D4000010BD38B504000D00206833490968884212
:10D4100003D1280080B201F04AFE20682F49096834
:10D42000884203D1280080B201F0A0FF20682C4977
:10D430000968884203D1280080B2FBF79DFE31BD08
:10D4400010B50400206824490968884202D10020F0
:10D4500024490870206821490968884202D10220C5
:10D460002049087020681E490968884202D10420BA
:10D470001C49087002211C48FAF78AFE10BD1CB531
:10D48000184C20780090194B00220021032001F055
:10D4900095FF207800280ED101F008FE144801887D
:10D4A000491C01800188142903DB0021018001F05F
:10D4B000E7FD01F0E9FD20782078022803D101F092
:10D4C00054FF01F043FF20782078042803D1FBF7B4
:10D4D00052FEFBF741FE13BD0026002088260020E7
:10D4E000102700202B2E002008080020081F01080C
:10D4F000182E002070B505000C001600D5F880002D
:10D5000020282DD1002C03D0300080B2002801D17A
:10D51000012026E00120286600206866320092B2D1
:10D5200021002800FCF7F9FB01000800C0B2002828
:10D5300013D1286E01280ED110202A6810622868A5
:10D5400050E8000F50F0100002002B6843E8002064
:10D550000028F4D101E0012001000800C0B200E081
:10D56000022070BD704700002DE9FE4F0500002D20
:10D5700001D101203AE3DFF80499D9F8004014F012
:10D580000C04DFF81889D8F8007017F00307287822
:10D59000C00640F1C680002C03D00C2C7AD1012F9C
:10D5A00078D1DFF8D4A8DAF80000800704D5A8699C
:10D5B000002801D1012019E3DAF80000000704D5A2
:10D5C000DAF8000010F0F00005E0DFF8600900680C
:10D5D000000910F0F000296A88421ED2286A00F083
:10D5E0005FFC002801D0012000E3DAF8000050F0D1
:10D5F0000800CAF80000DAF8001031F0F001286ADB
:10D600000143CAF80010DFF82809016831F47F41AE
:10D61000EA6951EA022101601FE0DAF8000050F0E7
:10D620000800CAF80000DAF8001031F0F001286AAA
:10D630000143CAF80010DFF8F808016831F47F41AF
:10D64000EA6951EA02210160002C06D1286A00F043
:10D6500027FC002801D00120C8E200F086FBDFF89B
:10D66000D418D9F80020C2F30312895C11F01F010D
:10D67000C840DFF80C180860DFF80808006801F0FF
:10D68000BBFF8DF800009DF80000002849D09DF8F0
:10D690000000ABE2A86900282DD0DFF8DC97D9F8AC
:10D6A000000050F00100C9F80000FAF723FC060062
:10D6B000D9F80000800706D4FAF71CFC801B032869
:10D6C000F6D3032092E2D9F8000050F00800C9F820
:10D6D0000000D9F8001031F0F001286A0143C9F8C0
:10D6E0000010DFF84C08016831F47F41EA6951EA23
:10D6F0000221016015E0DFF88097D9F800004008AA
:10D700004000C9F80000FAF7F5FB0600D9F8000060
:10D71000800706D5FAF7EEFB801B0328F6D303201B
:10D7200064E22878C00754D5082C03D00C2C0BD108
:10D73000032F09D1DFF840070068800349D56868E6
:10D74000002846D1012051E26868B0F5803F06D13B
:10D75000DFF82407016851F48031016018E068683F
:10D76000B0F5A02F0AD1DFF81007016851F480212D
:10D770000160016851F48031016009E0DFF8F806CA
:10D78000016831F480310160016831F48021016069
:10D79000686800280ED0FAF7ADFB0600DFF8D8065F
:10D7A0000068800315D4FAF7A5FB801B6528F5D324
:10D7B00003201BE2FAF79EFB0600DFF8BC060068B8
:10D7C000800306D5FAF796FB801B6528F5D3032066
:10D7D0000CE22878800752D5042C03D00C2C15D1EC
:10D7E000022F13D1DFF890060068400504D5E868E1
:10D7F000002801D10120F9E1DFF83407016831F098
:10D80000F8512A6951EA0261016038E0E8680028AD
:10D810001FD0DFF86496D9F8000050F48070C9F882
:10D820000000FAF767FB0600D9F80000400506D4AF
:10D83000FAF760FB801B0328F6D30320D6E1DFF85C
:10D84000F006016831F0F8512A6951EA026101607D
:10D8500015E0DFF82496D9F8000030F48070C9F89C
:10D860000000FAF747FB0600D9F80000400506D58E
:10D87000FAF740FB801B0328F6D30320B6E1287893
:10D8800000072ED56869002815D0DFF8A096D9F8D2
:10D89000000050F00100C9F80000FAF72BFB060069
:10D8A000D9F8000080071CD4FAF724FB801B03285A
:10D8B000F6D303209AE1DFF87496D9F80000400807
:10D8C0004000C9F80000FAF715FB0600D9F800007F
:10D8D000800706D5FAF70EFB801B0328F6D303203A
:10D8E00084E12878400740F181805FF00009DFF88B
:10D8F00048A6DAF80000C0000DD4DAF8000050F0B5
:10D900008050CAF80000DAF8000010F08050019052
:10D91000019801208146DFF824B6DBF80000C0053D
:10D9200013D4DBF8000050F48070CBF80000FAF755
:10D93000E1FA0600DBF80000C00506D4FAF7DAFACF
:10D94000801B0328F6D3032050E1A868012806D1E4
:10D95000DFF8EC05016851F00101016017E0A868EB
:10D9600005280AD1DFF8D805016851F004010160EB
:10D97000016851F00101016009E0DFF8C4050168A8
:10D98000490849000160016831F004010160A8689C
:10D99000002810D0FAF7AEFA0600DFF8A4050068F8
:10D9A000800719D4FAF7A6FA801B41F28931884220
:10D9B000F3D303201AE1FAF79DFA0600DFF8800599
:10D9C0000068800708D5FAF795FA801B41F2893183
:10D9D0008842F3D3032009E14846C0B2012805D1AB
:10D9E000DAF8000030F08050CAF80000287880068D
:10D9F0002ED5686A002815D0DFF84895D9F80000C0
:10DA000050F00100C9F80000FAF774FA0600D9F8DE
:10DA1000000080071CD4FAF76DFA801B0328F6D3A8
:10DA20000320E3E0DFF81C95D9F80000400840002F
:10DA3000C9F80000FAF75EFA0600D9F8000080077E
:10DA400006D5FAF757FA801B0328F6D30320CDE05A
:10DA5000A86A002800F0C980A86A022840F0A380C4
:10DA6000D8F80000070017F00300E96A884222D1C5
:10DA700017F07000296B491EB0EB011F1BD117F482
:10DA8000FE40696BB0EB012F15D117F07840A96B00
:10DA9000B0EBC16F0FD117F4C000E96B4908491E04
:10DAA000B0EB415F07D117F0C060296C4908491EEF
:10DAB000B0EB416F57D00C2C53D0DFF8BCA3DAF891
:10DAC0000000400101D5012090E0DAF8000030F0BC
:10DAD0008070CAF80000FAF70DFA8146DAF8000003
:10DAE000800107D5FAF706FAB0EB09000328F5D351
:10DAF00003207BE0D8F80010DFF84C040140E86A0E
:10DB00000143286B401E51EA0011686B51EA002165
:10DB1000E86B4008401E51EA4051286C4008401E06
:10DB200051EA4061A86B51EAC061C8F80010DAF808
:10DB3000000050F08070CAF80000D8F8000050F0E3
:10DB40008070C8F80000FAF7D5F90600DAF800008E
:10DB500080014AD4FAF7CEF9801B0328F6D30320BC
:10DB600044E0012042E0DFF81093D9F80000800182
:10DB70003BD4D9F8000050F08070C9F80000D8F804
:10DB8000000050F08070C8F80000FAF7B3F9060002
:10DB9000D9F80000800128D4FAF7ACF9801B0328DB
:10DBA000F6D3032022E00C2C1DD0DFF8CC92D9F85C
:10DBB000000030F08070C9F80000FAF79BF9060009
:10DBC000D9F80000800106D5FAF794F9801B0328E4
:10DBD000F6D303200AE0D8F80010DFF87003014004
:10DBE000C8F8001001E0012000E00020BDE8FE8F31
:10DBF0002DE9F04104000D00002C01D10120B2E01C
:10DC0000DFF84C73386810F00700A8420BD2386870
:10DC1000C008C00028433860386810F00700A842E8
:10DC200001D001209FE0207880070DD5DFF84C124D
:10DC3000086810F0F000A268904205D20A6832F03D
:10DC4000F002A06802430A602078C00742D56068ED
:10DC5000032806D1DFF82002006880011CD40120CF
:10DC600081E06068022806D1DFF80C0200688003BA
:10DC700012D4012077E06068002806D1DFF8F801AF
:10DC80000068800708D401206DE0DFF8EC0100682F
:10DC9000400501D4012066E0DFF8E081D8F80010EB
:10DCA0008908890060680143C8F80010FAF722F972
:10DCB0000600D8F8000010F00C006168B0EB810F8E
:10DCC00008D0FAF717F9801B41F289318842F0D366
:10DCD000032048E0207880070CD56849A0680A68CE
:10DCE00012F0F002904205D20A6832F0F002A06809
:10DCF00002430A60386810F0070085420BD238688A
:10DD0000C008C00028433860386810F00700A842F7
:10DD100001D0012027E02078400706D557490A683E
:10DD200032F4E062E06802430A602078000707D519
:10DD30005248016831F46051226951EAC201016020
:10DD400000F013F8DFF8EC114C4A1268C2F303122A
:10DD5000895C11F01F01C8404949086049480068C2
:10DD600001F04AFCC0B2BDE8F0812DE9F041002687
:10DD700000204249096811F00C01DFF820C1DCF8ED
:10DD8000007017F00307002903D00C291AD1012FC6
:10DD900018D1DFF8E4E0DEF800805FEA087806D406
:10DDA000DFF888E1DEF800E0CEF3032E03E0DEF8D2
:10DDB00000E0CEF3031E674E56F82E6000290CD10A
:10DDC00030000AE0042903D1DFF88CE1704604E05A
:10DDD000082902D1DFF884E170460C292DD1DCF846
:10DDE00000E01EF0030E73469E46BEF1020F03D004
:10DDF000BEF1030F03D005E0DFF85CE103E0DFF8DC
:10DE00005CE100E0B646DCF80020C2F30212521CCE
:10DE10001500DCF80020C2F3062202FB0EFEBEFB5A
:10DE2000F5F2DCF800C0CCF3416C1CF1010C5FEAA8
:10DE30004C0C6446B2FBF4FC6046BDE8F08110482F
:10DE40000068704780B5FFF7FAFF45490B4A126832
:10DE5000C2F30222895C11F01F01C84002BD80B5E7
:10DE6000FFF7EDFF3E49054A1268C2F3C222895C02
:10DE700011F01F01C84002BD00100240081002400E
:10DE800004080020E00700202849086810F07E40C0
:10DE90000A6852F400020A60704700000C10024049
:10DEA0007CB504000025244E3068C00003D501F085
:10DEB00003FA01000FE0306850F0805030603068A5
:10DEC00010F080500090009801F0F6F901003068E1
:10DED00030F080503060B1F5007F09D1812C15D32E
:10DEE000A12C02D30220050010E0012005000DE066
:10DEF000812C02D30320050008E0802C02D10220EF
:10DF0000050003E0702C01D10120050010480268D3
:10DF1000D208D2002A430260006810F00700A8422D
:10DF200001D0012000E0002076BD000094100240E6
:10DF3000041002409C20010858100240007000406C
:10DF400090100240981002408C809D01FCFFEEFE74
:10DF500000200240801D01080024F40000127A0015
:10DF600084260108704770472DE9F84F82468B469A
:10DF700014001D000026DFF884713878012801D1D3
:10DF8000022047E0012038704CF25038404600F043
:10DF90005BF881464846C0B2002837D1002078603F
:10DFA000DFF85C010168490506D5016831F480613C
:10DFB00001600220387701E000203877BAF1000FC5
:10DFC00007D122002B00584600F071F8012006000E
:10DFD0000FE0BAF1010F02D0BAF1020F09D121000E
:10DFE000584600F071F8BAF1020F02D15FF48020B8
:10DFF0000600404600F028F88146002E04D0DFF8E5
:10E0000004010168B143016000F09FF800203870FE
:10E010004846C0B2BDE8F28F00203A490A68002A9B
:10E0200009D53C4A3C4B13603C4B136009680029FE
:10E0300001D501210800C0B270473248016851F093
:10E04000004101600020704770B50400F9F752FFED
:10E0500005002D4A1068C00309D514F1010FF8D04E
:10E06000F9F748FF401BA042F3D303201EE01168DC
:10E0700026480140002913D0204843680B434360E1
:10E0800011F0404F05D0224B1E6811F0404006436E
:10E090001E60880002D021F040401060012005E0A1
:10E0A0001068C00701D501201060002070BD10B4B9
:10E0B00014490C6854F001040C600260BFF36F8FC8
:10E0C000011D0B6010BC704770B4402304000D00AC
:10E0D0000C4A166856F480261660EFF3108272B66A
:10E0E0002E682660241D2D1D5B1E1E00F6B2002E1C
:10E0F000F6D182F3108870BC70470000E40700205E
:10E10000002002401420024010200240FAC3020006
:10E11000182002400820024023016745AB89EFCD5B
:10E1200010B4DFF89820136833F47E73C40014F43D
:10E13000FF6423431360136853F0020313601368F2
:10E1400053F48033136010BC7047DFF86800017F20
:10E150000A00D2B2012A03D00A00D2B2032A11D196
:10E16000DFF85420136833F400731360136853F41A
:10E1700000631360136833F400631360136853F48F
:10E18000007313600A00D2B2022A03D00A00D2B28E
:10E19000032A0CD1084A136853F4805313601368A0
:10E1A00033F480531360136853F4806313600022C8
:10E1B00002777047E407002000200240142002404C
:10E1C0007047000070B44FF0004591EA030F7CF5F2
:10E1D000EDAA6B40841A71EB030603D2001BB14118
:10E1E000121973414FF4001C1CEB410F34BF7CEB40
:10E1F000430442E00C0DA4EB1356352E4FDC45EAE8
:10E20000C323DB0A45EAC121C912B6F120050DDDA1
:10E2100063FA05F6EB4086EA0305124218BF45F0A3
:10E220000105C01851F100010CD213E062FA06F5A5
:10E23000F2405540F3415A40B340F3405A408018F1
:10E24000594107D349085FEA30005FEA350528BF26
:10E2500045F0010501F58011420875F1004250F1C9
:10E26000000041EB04514E0016F5001F70BC38BF92
:10E2700070470020090D090570471CEB410F10D2B3
:10E2800052EA43060BD0BCEB410F05D80C0DAB4353
:10E29000661E342EB6DD02E0AB438018594170BCD7
:10E2A000704770BC7047000010B5144600F002F8CB
:10E2B000226010BDC1F30A5343B14A0012F5001F9A
:10E2C00028D2A3F2FE32A1EB0251704750EA410C72
:10E2D00020D001F0004C31EA0C01B1FA81F204BF08
:10E2E000B0FA80F3D2180B3AB2F120032CBF00FA37
:10E2F00003F1914041EA0C013EBFC2F1200C20FA2B
:10E300000CF319439040524240F2FD33D21A01EB14
:10E3100003517047002270474FF4001C1CEB410F63
:10E3200094BF1CEB430F09E041EA030C50EA4C0C8C
:10E3300052EA0C0C03D2994208BF9042704714BFB6
:10E340008B4282427047000090420CD141EA030C9C
:10E3500050EA4C0C07D0994205D14FF4001C1CEB3D
:10E36000410F38BF894270474FF4001C1CEB410F2E
:10E3700094BF1CEB430F09E041EA030C50EA4C0C3C
:10E3800052EA0C0C03D28B4208BF8242704714BF82
:10E390009942904270470000F8B52DED0A8B41EC90
:10E3A0001A0B48004015109D401C43EC182B23D03D
:10E3B00051EC1A0B31F0004108BF00281CD051EC81
:10E3C000180B48004015401C16D051EC180B31F0CA
:10E3D000004108BF00280FD051EC1A0B0022DFF8D3
:10E3E0004833FFF799FF80F0A38055EC184B9FED61
:10E3F000800B05F00042ACE051EC1A0B48004015D0
:10E40000401C02D1090340F0898151EC180B4800EF
:10E410004015401C01D1090353D151EC180B31F0C8
:10E42000004308BF002A08D151EC1A0B48004015E0
:10E43000401C46D1090344D10DE048004015401C62
:10E4400012D1090310D151EC1A0B48004015401CA1
:10E4500037D1090335D1AFF30080BDEC0A8B4FF003
:10E46000FF306FF00041F4BD51EC1A0B31F0004168
:10E4700008BF002828D151EC180B4800400D05EBCF
:10E48000000234D151EC180B31F0004108BF0028D4
:10E4900006D02A4651EC180B00F0CAF941EC180BD3
:10E4A00051EC180B20F0000231F0004308BF002AA5
:10E4B00005D048004015401C03D1090301D1AFF33A
:10E4C000008051EC180B2BE151EC1A0B4800401561
:10E4D000401C26D1090324D153EC1A2B51EC180B04
:10E4E000BDEC0A8B01B0BDE8F040FCF785B8002A0E
:10E4F000C8DD40F2FF70824209DB9FED9F0B53ECB9
:10E50000102B01F000410B4343EC182BC8E76FF3CD
:10E510001E5141EA025155EC184B0D4645EC184B83
:10E52000BEE755EC184B9FED320B05F0004210E0B2
:10E5300001227E4BFFF718FF11D89FED8F0B51EC96
:10E54000100B55EC184BAFF3008005F0004040EA8B
:10E55000010251EC100BBDEC0A8B1146F4BD53ECDB
:10E560001A2B73487349FCF747F841EC100B53EC36
:10E57000102B9FED719B03F0004251EC190B0C46E0
:10E58000144353EC192B51EC100B2346FCF706F9FE
:10E59000FCF7C2F90446F9F783FA41EC1B0B53EC84
:10E5A0001B2B4FF078406649FCF726F802460B46D5
:10E5B00051EC1A0BFFF706FE06460F4653EC1B2BD9
:10E5C00060486149FCF718F802460B463046394668
:10E5D000FFF7F8FD41EC1A0B21F0004100225B4BE4
:10E5E000FFF79AFE08D2B0EE48AAF0EE68AA55E00E
:10E5F000000000000000000053EC1A2B51EC1A0B35
:10E60000FBF7FAFF41EC1B0B53EC1B2B5048514915
:10E61000FBF7F2FF504A514BFCF7C0F853EC1B2BB1
:10E62000FBF7EAFF41EC1C0B53EC1B2B4C484D490C
:10E63000FBF7E2FF4C4A4D4BFCF7B0F853EC1B2BB9
:10E64000FBF7DAFF53EC192BFCF7A8F853EC1A2B65
:10E65000FBF7D2FF41EC190B53EC1C2BFCF79EF897
:10E660009FED43AB53EC1A2BFCF798F806460F4688
:10E6700051EC1C0B53EC192BFFF7A4FD53EC1A2B98
:10E68000FCF78CF802460B4630463946F9F730FA6B
:10E6900053EC182BFBF7B0FF41EC1A0B51EC1A0BA3
:10E6A0002A194800400D02EB000319D0002B17DD9A
:10E6B00040F2FF70834209DB9FED2F0B53EC102BD0
:10E6C00001F000410B4343EC1A2B16E06FF31E518F
:10E6D00041EA035155EC1A4B0D4645EC1A4B0CE040
:10E6E00051EC1A0B31F0004108BF002805D051EC65
:10E6F0001A0B00F09DF841EC1A0B51EC1A0B20F0AC
:10E70000000231F0004308BF002A05D04800401540
:10E71000401C03D1090301D1AFF3008051EC1A0B67
:10E72000BDEC0A8BF4BD000000C89CC000C89C4032
:10E73000FE822B654715F73F000000000000E03F18
:10E74000422EE63FF2E4D5BCE7E84B3E0000903CA9
:10E75000112E5781A03F503F5843128C8F71BC3F00
:10E760004BE8A541B752013F0BBDF3DAE8708C3F8F
:10E77000000000000000F03F000000000000F07FFB
:10E78000C9B202788A421AB11CBF10F8012FF9E70A
:10E7900018BF00207047000080B500B906A00549E9
:10E7A0000B681BB122220021984701E000F054FFC2
:10E7B000222002BD082E0020636F6E73747261699F
:10E7C0006E742068616E646C65723A2062616420C8
:10E7D0006D65737361676500C9B2830706D0521E09
:10E7E00022D310F8013B9942F7D11FE0083A13D326
:10E7F00002F1040241EA012141EA014150F8043BDF
:10E80000121F21BF4B40A3F1013C2CEA030C1CF06A
:10E81000803FF3D0C9B2001F083210F8013B521EEE
:10E8200028BF91EA030FF8D818BF0120401E704797
:10E83000124254D440F2FF7C1CEA11530FD06345BE
:10E8400031D09B1863453CBF01EB0251704701F08A
:10E85000004141EA0C510020AFF30080704750EABC
:10E86000410320D001F0004C91EA0C011CD0B1FA18
:10E8700081F30B3B9A420DD9D21A994051EA0C010F
:10E88000C3F1200C20FA0CFC61449840531C40F268
:10E89000FF7CD7E7914041EA0C01C2F1200C20FA3D
:10E8A0000CF3194390407047B0FA80F31533202BD6
:10E8B000E0D3202AEED3203A203B9A4209D9D21A3B
:10E8C00000FA03F141EA0C010020531C40F2FF7CE6
:10E8D000B8E700FA02F141EA0C0100207047524209
:10E8E00040F2FF7C1CEA11530DD06345DBD0B2EB44
:10E8F000030C3CBFA1EB025170470CF1010221EA6D
:10E90000035141F4801150EA410CCCD001F0004C8D
:10E91000352A27DC30B481EA0C01B2F1200309DA90
:10E92000C2F12003044601FA03F5D0402843D14048
:10E930009C400CE0C3F12002450020FA03F418BF0C
:10E9400044F0010421FA03F091400C43002174F1DA
:10E95000004550F1000051EB0C01244230BC7FF423
:10E960007BAF70476146002076E70000400D4918F4
:10E9700040EA81200CD2490DA1F58061491C40F08C
:10E98000004005DBD1F11F0154BFC840C0177047DC
:10E990000020704700487047040F002080B52C48C5
:10E9A0002C4901604FF482714160002181604FF475
:10E9B000E061C16000210161002141614FF40071FB
:10E9C00081610021C16100210162002141620021B9
:10E9D00081620721C1620021016308214163FDF7C3
:10E9E000A1FC002801D0FDF795FF01BD10B586B050
:10E9F00004001422002101A8FDF78EFF20681549AC
:10EA0000884222D11448016851F4804101600068B5
:10EA100010F48040009000981048016851F0020105
:10EA20000160006810F00200009000984FF4204050
:10EA30000190022002900020039003200490052002
:10EA4000059001A90648F4F7F3F806B010BD0000E0
:10EA5000182A002000380040581002404C10024094
:10EA60000004004810B500240320FEF76EFC0F20C0
:10EA700000F0C2FD002802D00120040001E000F0F7
:10EA8000EFFD2000C0B210BD70B586B01422002189
:10EA90006846FDF741FF6B48016851F004010160D1
:10EAA000016811F0040105910599016851F0800198
:10EAB0000160016811F0800105910599016851F02C
:10EAC00001010160016811F00101059105990168DA
:10EAD00051F002010160016811F0020105910599F0
:10EAE000016851F008010160006810F0080005900D
:10EAF0000598554C002243F2C1312000F4F737FA53
:10EB000000224FF4F8515FF09040F4F730FA4F4D87
:10EB1000002204212800F4F72AFA4D4E0022382161
:10EB20003000F4F724FA42F2C13000900120019045
:10EB3000002002900020039069462000F4F778F846
:10EB40004CF21E00009003200190002002906946C4
:10EB50002000F4F76DF80B200090032001900020B6
:10EB6000029069463B48F4F763F848F2FF000090D2
:10EB7000032001900020029069465FF09040F4F776
:10EB800057F8202000900020019001200290694653
:10EB90002000F4F74DF8072000900020019001209C
:10EBA000029069463000F4F743F84FF4A640009015
:10EBB000032001900020029069463000F4F738F8F5
:10EBC0004FF4F850009001200190002002900020A6
:10EBD000039069465FF09040F4F72AF84FF48050B4
:10EBE00000900120019000200290032003906946CC
:10EBF0002000F4F71DF8042000900120019000206F
:10EC000002900020039069462800F4F711F81820BC
:10EC1000009001200190002002900020039069469E
:10EC20003000F4F705F8202000900120019000202A
:10EC300002900320039069463000F3F7F9FF06B015
:10EC400070BD00BF4C10024000080048000C004896
:10EC500000040048001C004880B51648016851F0C7
:10EC600002010160016811F0020100910099016840
:10EC700051F001010160006810F00100009000985F
:10EC8000002200210D20FEF766FB0D20FEF778FB29
:10EC9000002200210F20FEF75EFB0F20FEF770FB25
:10ECA000002200214520FEF756FB4520FEF768FBB9
:10ECB00001BD00BF4810024018B591B014220021D8
:10ECC00001A8FDF729FE042200216846FDF724FE75
:10ECD0002C22002106A8FDF71FFE484C4848206062
:10ECE000002060607F20A060FF20E06000202061A5
:10ECF000002060610020A0610020E061200000F0A1
:10ED0000CBFC002801D0FDF705FE00208DF80400A3
:10ED100000208DF8050000208DF8060000200490EA
:10ED200000200590012201A9200000F01AFD002812
:10ED300001D0FDF7EFFD01208DF8000001208DF8D6
:10ED4000010001208DF8020000208DF8030001224F
:10ED50006946200000F0B3FD002801D0FDF7DAFD80
:10ED600000208DF8180000208DF8190000208DF883
:10ED70001A00002007900020099000200A9000202F
:10ED80000B9000200D9000200E9001208DF83C008B
:10ED90004FF480701090012206A9200000F01EFEA2
:10EDA000002801D0FDF7B6FD12B010BD10B598B027
:10EDB0000400602200216846FDF7AEFD206810497E
:10EDC000884219D15FF4003000904FF40070179022
:10EDD0006846FDF7ABFD002801D0FDF79BFD094813
:10EDE000016851F400410160002200212920FEF752
:10EDF000B2FA2920FEF7C4FA18B010BDE42C0020A6
:10EE0000002800409010024010B5040001F0EFF817
:10EE1000012010BD38B50400DFF858140878002828
:10EE20000ED101200870DFF850048088DFF84C1400
:10EE300008802100C9B2DFF84804F9F7B8F922E0E8
:10EE4000DFF83804DFF83054AA8803889A4212D1D8
:10EE500000200870AA8829680220F4F70FF992A10F
:10EE60000220F4F721F90121280001F065F92800BA
:10EE7000F4F7E6F807E0A98801802100C9B2DFF8BD
:10EE80000004F9F794F9012032BD10B50400FEF733
:10EE9000F6FA012010BD10B50400DFF8E8130320D6
:10EEA000F4F710F90421DFF8D803F9F780F901200D
:10EEB00010BD0100012070470100012070470100D2
:10EEC0000120704780B500F0AFFF01F023FA01BDCB
:10EED0001CB500F039F801F0AAFAF4F777F9F7F762
:10EEE0003BFDDFF8A443002000900FF2291300221D
:10EEF0005FF0FF31200000F0A1FFDFF89013200049
:10EF000001F058F8200000F0BFFF13BDF8B5002451
:10EF1000FFF7D8FFFFF7DCFF00F096F8012803D1D8
:10EF20004FF4FA60FAF74AF9002500F01DF80600E0
:10EF30002E4301F087FA07003743F7F737FD3843D0
:10EF40000400F4F736FAEFE780B500F099F800F026
:10EF50009BF80FF2B500DFF8381308600FF2D1000C
:10EF6000DFF83013086001BD70B5002000240025D3
:10EF70002800C0B207283ADAC14E2800C0B200010A
:10EF800030444078012830D12800C0B2042801D094
:10EF9000012004002800C0B200013044406800286D
:10EFA0000ED0F8F7A7FF2900C9B20901314449681A
:10EFB000401A2900C9B2090131448968884214D332
:10EFC00000202900C9B2090131444870F8F792FFC6
:10EFD0002900C9B20901314448602800C0B22900A3
:10EFE000C9B209013144C96888476D1CC0E7A44A09
:10EFF00092F84100002803D104211000F9F7D7F856
:10F000002000C0B270BD000080B500219C48F9F717
:10F01000BFF801BD10B504009F490320F4F744F880
:10F0200005219748F9F7B4F800F001F810BD7047D2
:10F0300038B504000D004FF47A732A0092B2210013
:10F040009648FAF70CF931BD38B500250024FEF7D3
:10F050001BFF0100880110D4C8000ED488000CD416
:10F0600048000AD4002908D4480102D50120040030
:10F0700003E0080101D5012004002000C0B232BD28
:10F0800080B5F9F793FE01BD80B50122844983481C
:10F09000FAF74BF9002201214620FEF75CF94620E1
:10F0A000FEF76EF901BD00000D0A000070472DE962
:10F0B000F0410400002500217A4A16887A4FF86949
:10F0C000002823D16C48828812FA84F2B2F5966F38
:10F0D00001D3002282805FF000084146220089B2FD
:10F0E00092B291420ED2016882881144424692B295
:10F0F0006E4BC4461FFA8CFC13F80C308B5418F17D
:10F100000108EAE781886118818077E030002300F8
:10F1100080B29BB2984229D2A01B05005648838832
:10F1200013FA85F3B3F5966F01D3002383805FF064
:10F13000000841462B0089B29BB2994212D2016865
:10F140008388194443469BB2DFF860C1C6461FFA64
:10F150008EFE1EFA86FE1CF80EC001F803C018F1E0
:10F160000108E6E781886918818046E0D6F16400ED
:10F170000500414B988810FA84F010FA85F0B0F53C
:10F18000966F01D30020988000200100AC4689B220
:10F190001FFA8CFC614513D21968B3F804C06144AE
:10F1A00084461FFA8CFCDFF804E180461FFA88F8D9
:10F1B00018FA86F81EF808E001F80CE0401CE4E7B5
:10F1C0005FF000084046210080B289B2884210D228
:10F1D000186899880844414689B2DFF8D0C0C6460D
:10F1E0001FFA8EFE1CF80EC000F801C018F10108CD
:10F1F000E8E799882819411899801480F86900284F
:10F200000AD1642229492548FEF774F93868006854
:10F2100030F004003968086001211948F8F7B8FF98
:10F22000BDE8F0810100224801600020704780B5F0
:10F230002048016851F480410160016831F4804147
:10F2400001601648F9F71CFF002002BD38B5040024
:10F250000D00104A1068002804D0290089B220004F
:10F26000126890470020124909688847002032BD83
:10F2700000000000202E002080080020122E002018
:10F2800008080020241F0108542D002080A9030035
:10F29000F42D0020042E0020EC1E01080026002082
:10F2A0001F2E0020102E0020E02A00207C2A0020A3
:10F2B000E02D002040100240DFF88000006810F4CC
:10F2C000C06070470200B2F5007F26D1DFF86C0005
:10F2D000036813F4C063B3F5007F2CD0036833F4E4
:10F2E000C06353F400730360DFF8540003683220F6
:10F2F0004343DFF85000B3FBF0F0401C0100DFF89F
:10F30000480003685B0503D5002901D0491EF6E7D4
:10F31000006840050FD503200EE0DFF820000368E9
:10F3200013F4C063B3F5806F05D0036833F4C06392
:10F3300053F48063036000207047000000700040B9
:10F340000408002040420F001470004080B50122E4
:10F3500017491848F9F7E9FF002201212520FDF798
:10F36000FAFF2520FEF70CF801BD704738B5040000
:10F370000D480F490A78036885885A558288521CBF
:10F380008280828840F2FF139A4201D30022828059
:10F3900001220848F9F7C9FF012004490870022139
:10F3A0000548F8F704FF31BDF40E0020292E002097
:10F3B000282E002088260020E80900202DE9F847A3
:10F3C00085B005000E0014001F000020ADF80200FB
:10F3D0005FF0000ADFF80C22107AA84202D27FF018
:10F3E000040055E0D0683040B04202D07FF0050004
:10F3F0004EE05068002806D0002C04D00DF1020128
:10F4000001A8526890470DF1380843463A004FF47E
:10F410000071DFF8DC0101F020F9814600F0CFF83F
:10F420006946BDF8020010EB090080B200F076F8E2
:10F4300010F1010F28D05FF0000A5046BDF802100D
:10F4400080B2884210D201A8514689B2405CDFF8F0
:10F450009811BDF800208854BDF80000401CADF89C
:10F4600000001AF1010AE8E743463A004FF4007140
:10F47000DFF87401BDF800C0604401F0EEF800F060
:10F48000A3F800F008F803E000F09EF87FF0020017
:10F4900006B0BDE8F08770B50024002500F099F8AB
:10F4A000002837D100F08BF84E4E308A718A88429E
:10F4B0002ED0B07801280ED13188308A091AB18255
:10F4C0000220B07000203080B08A002803D10020D4
:10F4D000B07000203082B07800280CD1308A718A58
:10F4E000884204D2718A308A091AB18203E0308AD4
:10F4F000D0F58060B0823C48318A0844050000F0B5
:10F5000079F8B18A2800394A92689047040001E0EE
:10F5100000F05AF8200040B270BD000070B4020044
:10F520005FF0FF302F4B5C8A1D8AAC4216D15C8A9B
:10F53000D4F5806415002600ADB2B6B2B5422BD327
:10F5400015001E8AADB2B54226D201259D705D8A96
:10F550001D801D8A2C0000255D821DE01C8A5D8AAD
:10F56000AC4216D25C8AD4F5806415002600ADB298
:10F57000B6B2B54210D315001E8AADB2B5420BD259
:10F5800001259D705D8A1D801D8A2C0000255D82ED
:10F5900002E01D8A5C8A2C1B15002600ADB2B6B2B3
:10F5A000B54209D25D8A0D805D8A15FA82F5AD05F6
:10F5B000AD0D5D820023180000B270BC7047094891
:10F5C000C18A491CC18270470648C18A491EC1824E
:10F5D00070470448C08A002801D1002000E00120C3
:10F5E000704700003C2D0020F4170020F023010894
:10F5F000301F00207047000038B504000025134973
:10F60000087800281DD04FF47A700978B0FBF1F02B
:10F610000F490968B1FBF0F0FDF7C0FE00280DD1DD
:10F62000102C08D2002221005FF0FF30FDF793FE7E
:10F630000848046007E00120050004E001200500FF
:10F6400001E0012005002800C0B232BD3F0F0020BC
:10F6500004080020E0070020012001F0EFB80000BE
:10F6600081B00B48016851F001010160006810F0A1
:10F670000100009000980748016851F08051016036
:10F68000006810F080500090009801B0704700BFF3
:10F69000601002405810024070B504000125002C93
:10F6A0005CD094F82100002805D1002084F82000C7
:10F6B0002000FFF77BFB022084F821002068C0684F
:10F6C000C00642D4CA20216848625320216848629B
:10F6D000200000F02AFB06003000C0B200281AD13A
:10F6E00020688168DFF8E8060140206881602068B2
:10F6F0008168626820690243A0690243114320685F
:10F700008160E0682168086120680069A16850EAAA
:10F71000014021680861200000F02DFB0500280051
:10F72000C0B200280DD12068C06C8008800021681C
:10F73000C8642068C16CE2696069024311432068B3
:10F74000C164FF202168486201E000200500280014
:10F75000C0B2002802D1012084F821002800C0B2E4
:10F7600070BD2DE9F04705000E00140095F820004B
:10F77000012801D102206DE0012085F8200002203F
:10F7800085F82100CA202968486253202968486208
:10F79000280000F0CAFA80464046C0B200284AD18C
:10F7A000002C20D128688068400601D40020F07029
:10F7B000307800F01FFB8246707800F01BFB81461A
:10F7C000B07800F017FB5FFA8AFA5FFA89F95FEA0E
:10F7D000092959EA0A49C0B250EA0909F07859EAF8
:10F7E00080594F4610E028688068400601D4002008
:10F7F000F07030787178090251EA0041B078014325
:10F80000F07851EA80510F00DFF8C80538402968C8
:10F8100008602868806830F480202968886028683B
:10F820008168F268306902431143286881602800CA
:10F8300000F0A1FA8046FF20296848624046C0B225
:10F84000002802D1012085F82100002085F8200041
:10F850004046C0B2BDE8F087F8B505000E001400C0
:10F860002868806A7060286800694004400CB060B5
:10F8700028680768DFF85C0507403800000C10F0C6
:10F880003F0030703800000A10F07F00707017F0F1
:10F890007F00B0703800800D10F00100F070002C77
:10F8A0000BD1307800F0B4FA3070707800F0B0FA14
:10F8B0007070B07800F0ACFAB0700020F2BD2DE9A5
:10F8C000F04105000E00140095F82000012801D138
:10F8D000022058E0012085F82000022085F8210050
:10F8E000002C07D17078C00604D5707810F0EF00B6
:10F8F0000A307070002C16D1F07800F07BFA804648
:10F90000707800F077FA0700B07800F073FA5FFAC9
:10F9100088F8FFB23F0257EA0847C0B20743307881
:10F9200057EA403709E0F07877783F0257EA004716
:10F93000B0780743307857EA4037CA2029684862D0
:10F94000532029684862280000F0EFF980464046BD
:10F95000C0B2002808D1DFF8800438402968486028
:10F96000280000F008FA8046FF20296848624046D7
:10F97000C0B2002802D1012085F82100002085F8BE
:10F9800020004046C0B2BDE8F081F8B505000E0089
:10F99000140028684768DFF8400407403800000C6E
:10F9A000F0703800000A10F01F00707017F03F0070
:10F9B000B0703800400B10F007003070002C0BD1F5
:10F9C000F07800F025FAF070707800F021FA70708D
:10F9D000B07800F01DFAB0700020F2BD2DE9F843B8
:10F9E00005000E00140095F82000012801D1022026
:10F9F000E5E0012085F82000022085F82100002C98
:10FA00002DD128688068400601D40020F070306A4B
:10FA10000028FFD0307800F0EDF98046707800F0D3
:10FA2000E9F90700B07800F0E5F9814696F824007E
:10FA300000F0E0F95FFA88F8FFB23F0257EA0847A2
:10FA40005FFA89F959EA0707F17857EA8157C0B296
:10FA500057EA0067306A07437069074317E0286870
:10FA60008068400601D40020F070307877783F023B
:10FA700057EA0047B0780743F07857EA805796F87E
:10FA8000240057EA0067306A074370690743D6F8D5
:10FA90000480F06950EA0808CA20296848625320A7
:10FAA00029684862B06AB0F5807F39D128688068DB
:10FAB00030F48070296888602868C06810F0800081
:10FAC00070F4C0702968C860F8F714FA8146286895
:10FAD000C068C00712D4F8F70DFAB0EB090040F285
:10FAE000E9318842F3D3FF2029684862032085F872
:10FAF0002100002085F82000032060E02868C7610D
:10FB00002868C0F844802868806850F480702968AC
:10FB100088602868806850F480502968886038E0E0
:10FB20002868806830F40070296888602868C06898
:10FB300010F0800070F420702968C860F8F7DAF9D6
:10FB400081462868C068800712D4F8F7D3F9B0EB73
:10FB5000090040F2E9318842F3D3FF202968486266
:10FB6000032085F82100002085F82000032026E0EE
:10FB7000286807622868C0F848802868806850F4C0
:10FB80000070296888602868806850F400502968EF
:10FB90008860DFF84802016851F480210160DFF8D5
:10FBA0004002016851F480210160FF202968486209
:10FBB000012085F82100002085F820000020BDE804
:10FBC000F28370B504000D0094F82000012801D1E3
:10FBD000022062E0012084F82000022084F8210045
:10FBE000CA2021684862532021684862B5F5807FA9
:10FBF00024D12068806830F4807021688860206893
:10FC0000806830F4805021688860F8F773F9060046
:10FC10002068C068C00736D4F8F76CF9801B40F242
:10FC2000E9318842F4D3FF2021684862032084F838
:10FC30002100002084F8200003202EE02068806846
:10FC400030F40070216888602068806830F40050CB
:10FC500021688860F8F74EF906002068C0688007C0
:10FC600011D4F8F747F9801B40F2E9318842F4D308
:10FC7000FF2021684862032084F82100002084F8D6
:10FC80002000032009E0FF2021684862012084F859
:10FC90002100002084F82000002070BD10B5040071
:10FCA0005FF480204F49086020688068C0040ED54A
:10FCB0002068C068C0050AD52068C06810F08000C0
:10FCC00070F4C0702168C860200000F049FE206810
:10FCD000806880040ED52068C06880050AD5206839
:10FCE000C06810F0800070F420702168C8602000A7
:10FCF00000F082FF012084F8210010BD38B5040017
:10FD000039482168C860F8F7F5F805002068C06830
:10FD1000800608D4F8F7EEF8401B40F2E93188423B
:10FD2000F4D3032000E0002032BD70B504000026AB
:10FD30002068C06840061BD45FF0FF302168C860AF
:10FD4000F8F7D8F805002068C068400610D43000E5
:10FD5000C0B203280CD0F8F7CDF8401B40F2E931CF
:10FD60008842F0D303200600032084F82100EAE74C
:10FD70003000C0B270BD70B5040000251B4801689A
:10FD800031F0800101601A4E306880060AD42000EC
:10FD9000FFF7B4FF002817D0032084F821000320C8
:10FDA000050011E0306830F0200030602000FFF7DF
:10FDB000A5FF002804D0032084F8210003200500BB
:10FDC000306850F0200030602800C0B270BD0000E4
:10FDD000BFFF8FFF7F7F7F003FFFFF0000040140D8
:10FDE00008040140140401405FFF03000C28004098
:10FDF000082800400100002208000300DBB20A2BA3
:10FE000002D3521C0A38F8E750EA0210C0B2704719
:10FE10000100C9B209090A2211FB02F110F00F001A
:10FE20004018C0B27047000080B50020DFF8001312
:10FE30000860DFF800030068804702BD2DE9F0414B
:10FE400004000D0016001F00DDF81880002C18D0EB
:10FE50003800002815D0002020602800DFF8D412D8
:10FE6000496A88476060002020720020607200208C
:10FE7000A072E760C4F81080E67200206061002084
:10FE800000E00120BDE8F0812DE9F04704005FF0BB
:10FE90000008002C3BD0200000F002F9002836D1E9
:10FEA000607A002833D160680700DFF88892D9F8BB
:10FEB000200080470600B74200D2370027600020AC
:10FEC0002072012060720020A072DFF864A2DAF8CC
:10FED0000000002806D1D9F810008047200000F06B
:10FEE00019F916E0D9F8180080470500206828188D
:10FEF00020602068DAF800100968884203D22000E8
:10FF000000F008F905E0200000F0EDF801E0012024
:10FF100080464046C0B2BDE8F0872DE9F0410500BB
:10FF20000026002D40D0DFF80882D8F80070D8F8FD
:10FF300000400120A872D8F80000002836D0002028
:10FF40006872D8F80000A8421AD10020D8F8001032
:10FF50000872D8F800004069002809D0D8F80000DD
:10FF60004069C8F80000D8F8000000F0A6F818E0D2
:10FF7000DFF8C001C06880470020C8F8000010E02A
:10FF8000002C0ED0AC4209D16069002802D064690F
:10FF90007C6102E0002004007C6102E027006469CB
:10FFA000EEE70020060001E0012006003000C0B2AC
:10FFB000BDE8F08170B504000D000026002C02D1D0
:10FFC0000120060010E028005A49496A884760600D
:10FFD000200000F065F8002806D02000FFF79DFF04
:10FFE0002000FFF751FF06003000C0B270BD2DE9C0
:10FFF000F843504D6869804706002869804707002C
:020000040801F1
:10000000B7EB0608DFF82891D9F8000000280FD0D8
:10001000D9F8000004002068804504D22068B0EBC5
:100020000800206001E0002020606469002CF2D10B
:10003000D9F80000002824D0D9F800000068002872
:1000400006D0A8698047D9F800100968814218D203
:10005000D9F800000400D9F800004069C9F8000090
:1000600000202072002060722069E1688847E07AF1
:100070000128DDD1A07A0028DAD12000FFF704FFA3
:10008000D6E7D9F80000002808D0D9F80000007A97
:10009000002803D1D9F8000000F00FF8BDE8F18383
:1000A000020023480168002905D0914201D10120B6
:1000B00002E04969F7E70020704770B504001D4D64
:1000C000286A8047060001202072A86980472168BD
:1000D0003018814203D2A869804730182060206818
:1000E000A968884770BD10B411490A6809684B694E
:1000F0005169002909D019680468A14202D21A0086
:100100005B69F5E75061436102E0506100214161A4
:1001100010BC704738B5050005480468002C01D0B4
:10012000002121726C6105600068FFF7C6FF31BDD8
:10013000F82D0020B01D01082DE9FC4704000D003A
:100140005FF0FF3600226E4BD3E90001CDE90001DC
:100150005FF000094846A18880B2884224D2206816
:10016000494689B2405C3D2805D02068494689B29D
:10017000405C3F2800D117E02068494689B2405CC6
:1001800041280EDB2068494689B2405C5B2808DACA
:100190002068494689B2405C203021684A4692B2C4
:1001A000885419F10109D5E700273800C0B2412869
:1001B00080F2A280DFF84C8121003800C0B200013B
:1001C0004044083000F019FD0600002E00F1928036
:1001D0003800C0B2000140444068002800F08A8026
:1001E0003800C0B2000140444068002808D14FF4F4
:1001F0007A73A28821004448F9F731F801207CE0A5
:10020000DFF808A15046F2F71BFF0020010089B279
:10021000A288921B914223DA21683144020092B2F3
:10022000895C3F290AD021683144020092B2895C7E
:100230003D2903D0BAF80410802900DB10E02168C2
:100240003144020092B2895CDAF80020BAF8043036
:10025000D154BAF80410491CAAF80410401CD5E780
:100260003900C9B209014144898916FA81F6B146BB
:100270004846A18880B2884226D22068494689B281
:10028000405C0D280CD1484680B2A188491E8842A6
:1002900006DA2068494689B2084440780A2813D013
:1002A000BDF8040080280CD22068494689B2405C21
:1002B0000099BDF804208854BDF80400401CADF836
:1002C000040019F10109D3E7114805702800C0B2F4
:1002D000401E012802D9801E09D009E0002168468D
:1002E0003A00D2B2120142445268904700E0FFE760
:1002F000012002E07F1C58E70020BDE8F68700BF20
:10030000DC260108CC0A002000260020C40A0020B8
:10031000252E002010B586B0DFF84840002201A944
:100320002000FFF799FA002269462000FFF72DFB15
:10033000DFF834009DF8061081709DF805104170BB
:100340009DF8041001709DF80010C1709DF8021016
:1003500001719DF8011041719DF80310817106B083
:1003600010BD0000E42C0020B02D002010B50400CA
:10037000012210215448F2F7FAFD012010BD70B59A
:100380000400524D524E30786978884207D0514867
:10039000697850F8210000F02BF86878307021005F
:1003A000C9B24D48F7F703FF012070BD10B5040036
:1003B0004A48C078012802D14948F6F75CFF03217A
:1003C0004548F7F7F4FE4648F2F73AFE012010BD23
:1003D00010B504003F483D49497850F8210000F02D
:1003E00007F82100C9B23C48F7F7E1FE012010BD33
:1003F00010B504003B483C49016044600021816025
:100400000021C160002101610C2141610021816155
:100410000021C1610021016200214162F8F7E2FE82
:10042000002801D0FCF776FAFEF790FF10BD80B5EA
:10043000F6F709FF27482549497850F82100FFF7CA
:10044000D7FF01BD70B50020002400252800C0B2F0
:10045000042836DA204E2800C0B20001304440782B
:1004600001282CD1012004002800C0B20001304432
:10047000406800280ED0F7F73DFD2900C9B20901F8
:1004800031444968401A2900C9B2090131448968D8
:10049000884214D300202900C9B2090131444870B0
:1004A000F7F728FD2900C9B2090131444860280046
:1004B000C0B22900C9B209013144C96888476D1C1E
:1004C000C4E72000C0B270BD000400483C0F00200B
:1004D000212E0020B4090020E8090020E42D00208E
:1004E000F40E002088260020003801400200002081
:1004F0001168097830290CDB116809783A2908DA83
:1005000011684B1C13600A23097803FB0010303874
:10051000EEE770472DE9F04F91B00400DDF86880F8
:100520001B9D1C9EDFF808030768700603D5DFF8E3
:10053000040300680700022B01DB252B01DB0020F0
:1005400088E0F00702D55FF0300C01E05FF0200C8E
:100550005FF0000EB00706D5002A04D52D20864690
:100560005242B8F101085FF00009002A06D130209C
:10057000EA460AF8090019F1010910E0002A0ED034
:1005800010009A46B0FBFAFB0AFB1B00385CEA46F7
:100590000AF8090019F10109B2FBF3F2EEE74D4543
:1005A00000DA4D46B8EB0508F0070DD44046B0F12F
:1005B0000108012808DB20202070641C491E002946
:1005C00001D1200046E0F1E77046C0B2002807D014
:1005D00084F800E0641C491E002901D1200039E0A4
:1005E0004046B0F10108012808DB84F800C0641C13
:1005F000491E002901D120002CE0F1E72800451E0A
:10060000814508DA30202070641C491E002901D180
:1006100020001FE0F2E74846B0F1010901280ADB9B
:10062000684610F809002070641C491E002901D199
:1006300020000FE0EFE74046B0F10108012808DB99
:1006400020202070641C491E002901D1200001E0F7
:10065000F1E7200011B0BDE8F08F2DE9F74F88B029
:1006600005001E000998012801DA0020DDE0AA46F5
:100670000A980078002806D1BAEB05000999491EAE
:100680008842C0F2CC80BAEB05000999491E884225
:1006900080F2C5800A980078252806D00A9800784C
:1006A0008AF800001AF1010AB5E0002080460A9895
:1006B000401C0A900A980078302801D158F00108AF
:1006C0005FF0FF3BD9460A980078302807DB0A988C
:1006D00000783A2803DA0AA8FFF708FF8146CDF828
:1006E0001CB0CDF818B00A2005900A980078582858
:1006F00043D063280AD0642844D0692842D07328A4
:1007000016D0752840D0782839D03EE0B9F10109DB
:10071000B9F1010F05DB20208AF800001AF1010A67
:10072000F4E73068361D8AF800001AF1010A72E019
:100730003068361D0400002C01D13F480400200021
:10074000F7F776F904904846B0F10109049981421F
:1007500005DA20208AF800001AF1010AF3E70020E8
:1007600007000498874207DA20788AF80000641CA2
:100770001AF1010A7F1CF4E74DE058F04008102000
:10078000059026E058F0020823E00A980078252812
:1007900004D025208AF800001AF1010ABAEB0500FE
:1007A0000999491E884214DA0A980078002806D070
:1007B0000A9800788AF800001AF1010A02E00A9803
:1007C000401E0A90BAEB05000999491E884200DADA
:1007D00021E006986C2803D13068361D039009E0AB
:1007E0005FEA887003D53068361D039002E03068F8
:1007F000361D0390CDF8088007980190CDF8009041
:10080000059B039A0999491EBAEB0500091A50463F
:10081000FFF780FE82460A98401C0A9028E70020D5
:100820008AF80000BAEB050528000BB0BDE8F08F90
:10083000FC0E0020000F0020E426010880B5AFF375
:100840000080024A11001820ABBEFBE72600020020
:1008500080B5DFF87003DFF870130160002141609C
:100860001F21816040F2FF31C16000210161002140
:100870004161002181610021C161FEF70DFF002867
:1008800001D0FCF747F801BD38B5DFF840432078C8
:1008900000280FD1FFF7DCFFDFF828534FF48071F9
:1008A0002800FFF78EF9280000F09AFA00F01CF8F3
:1008B00001202070002032BD10B50400200000F09F
:1008C00055F8002010BD80B5DFF8F8020168C9684E
:1008D00011F0800171F4C0710268D1604FF4807131
:1008E000FFF76FF9002002BD10B5DFF8E442211DCB
:1008F00014F1180000F01DF92060206810BDDFF829
:10090000D0020068704780B586B001A9684600F043
:1009100010F9AF490968401A07B000BD10B586B09C
:100920000024AA480078012804D101A9684600F0F3
:1009300000F90400200006B010BD0320704700B588
:100940008021A1FB00017D220023F9F73DFD00BDC0
:100950007D21A1FB0001C00940EA4160C90970473F
:1009600010B504009B480068804710BD2DE9F04F8A
:1009700099B004004021002209AD2800F7F772FD6C
:100980005FF000085FF0000A002600275FF0000B10
:100990008F4D04A8291D1422F9F7D2FCA8690390F1
:1009A000FFF791FF40F2FF30059D451B20008005B9
:1009B000800D4519A40A9DF80E908748844204D3FF
:1009C0008648041919F10109F7E79DF81080B4F57C
:1009D000616F04D3B4F5616418F10108F7E79DF87D
:1009E00011703C2C02D33C3C7F1CFAE79DF81200AE
:1009F000210051FA80F6280080B2B0F5806F03DB49
:100A0000B5F58065761CF6E7300080B23C2802D34D
:100A10003C3E7F1CF8E7380080B23C2803D33C3FC3
:100A200018F10108F7E7404680B2182804D3B8F15E
:100A3000180819F10109F6E79DF80F00042190FB51
:100A4000F1F201FB1200002817D165499DF80D0055
:100A5000084410F8010C4A4680B292B2904223D268
:100A60001FFA89F948469DF80D20114411F8011C20
:100A700090FBF1F901FB190916E05A499DF80D00A8
:100A8000084410F8010C4A4680B292B290420BD250
:100A90001FFA89F948469DF80D20114411F8011CF0
:100AA00090FBF1F901FB1909DFF83CA140F2FF319D
:100AB000280080B2091ACAF804105FF02060CAF852
:100AC0001C008AF802608AF801708AF800808AF8AF
:100AD00024909DF813008AF803000020CAF8200033
:100AE0005FF00040CAF814004FF48070CAF8280084
:100AF0000020CAF80C000020CAF81000002251465D
:100B00003048FEF76BFF002810D0DAF8040002909E
:100B10009AF8020001909AF8010000909AF80030CB
:100B20009AF82420314909A8F7F76CF919B0BDE803
:100B3000F08FF8B504000D000026224F002221009E
:100B40003800FEF722FF002229003800FEF784FE5D
:100B5000E17840F2B5504143C91C8908E07804228D
:100B600090FBF2F302FB1300002801D1204A00E0C1
:100B7000204A63783D2043433C3B022093FBF0F046
:100B800041186078401EC0B240001300C34013F00B
:100B90000303C91AA078401E41180F484143AB789F
:100BA0006E783C204643F3182E784FF4616000FBCA
:100BB00006335918890201F2FF316868091A0800E2
:100BC000F2BD0000E42C0020002800402A2E002066
:100BD000082D0020F42D00208051010080AEFEFF82
:100BE000F4250108E8250108682C0020981E01085A
:100BF00050554400A0AA990070472DE9FE4F04000B
:100C00000D000020002600270021ADF804105FF041
:100C100001085FF000095FF0000A216809782129C6
:100C200001D101218A465FF0000B584600B2A98825
:100C3000884272DA20685146C9B2405C29685A4637
:100C400012B2895C884265D1012080465046C0B20C
:100C5000401C0600002081460020ADF80400300052
:100C600000B2A18888424ADA2068310009B2405CAB
:100C70007C281ED1BDF90400002804D10120814642
:100C800016EB0B00070001A800903B001BB22A00E6
:100C90002100701C00B200F059F880464046C0B2F6
:100CA000012806D15146C9B2584600B200F03DF8BD
:100CB00039E04846C0B200280FD12068310009B29F
:100CC000405C29685A4612B21144320012B2895C63
:100CD000884202D00020804611E04846C0B2002879
:100CE00001D1761CBBE73000BDF9041000B2884288
:100CF00003DABDF904000600B1E7761CAFE7404611
:100D0000C0B2012806D15146C9B2584600B200F01F
:100D10000CF808E01BF1010B87E75146C9B25FF000
:100D2000FF3000F002F8BDE8FE8F02000800C0B2FC
:100D3000002802D1100000B207E0100000B2002825
:100D400002D45FF0FF3000E000207047F0B50400EF
:100D5000059D0120002637003FB207FA84F7B1F85D
:100D600004C067453ADA0F68A4460FFA8CFC674462
:100D7000B4460FFA8CFC17F80C707C2F03D137198E
:100D80002F8000B22BE09788B4460FFA8CFC0CFA47
:100D900083FC674506DAB2F904707F1C2F805FF090
:100DA000FF3738000F68A4460FFA8CFC6744B4463E
:100DB0000FFA8CFC17F80C70D2F800C09E460FFAA0
:100DC0008EFEF444B6460FFA8EFE1CF80EC0674540
:100DD00002D05FF0FF373800761CBCE700B2F0BDF0
:100DE000010091F82000012801D102201BE0012020
:100DF00081F82000022081F82100CA200A68506290
:100E000053200A6850620868806850F020000A6821
:100E10009060FF200A685062012081F821000020C4
:100E200081F8200000207047494420536C617665AA
:100E30003A20000000000000000000000000000058
:100E400000000000000000000000000000000000A2
:100E50000000000000000000000000000000000092
:100E6000000000000000F0BF000000000000008053
:100E700000000000000000800000000000000000F2
:100E8000000000C05294EEBF00000048204E51BE4A
:100E9000000000F86467BCBC000000000000000017
:100EA000000000208133EDBF00000080B3DB14BEE2
:100EB000000000506706A3BC000000000000000016
:100EC000000000D0E9DCEBBF00000008C39259BE6F
:100ED00000000080B0D3B8BC00000000000000009B
:100EE00000000070F98FEABF000000C0A51028BE06
:100EF000000000E8BFC0B0BC00000000000000001F
:100F000000000070284CE9BF00000060134B42BE97
:100F1000000000C03D20B8BC000000000000000040
:100F200000000050FA10E8BF000000C05FF62BBEC2
:100F3000000000905C71A7BC0000000000000000F1
:100F400000000020FCDDE6BF000000C0F8F154BE48
:100F500000000018E9F6B9BC000000000000000025
:100F6000000000D0C3B2E5BF00000070E43254BE00
:100F700000000050DB06B4BC0000000000000000D0
:100F800000000010EF8EE4BF00000020F36252BEAC
:100F9000000000C02A879ABC00000000000000008A
:100FA000000000B02272E3BF000000F0E8E056BE8F
:100FB00000000028352DBDBC00000000000000002E
:100FC000000000000A5CE2BF000000B0FA8E41BEE3
:100FD00000000040AE6FBDBC00000000000000003B
:100FE00000000000564CE1BF000000F015CD5FBED0
:100FF00000000000141C90BC000000000000000075
:1010000000000040BD42E0BF00000030F93457BE90
:10101000000000E06C1E93BC000000000000000017
:10102000000000E0F57DDEBF000000B08A535EBE28
:1010300000000080DA77AABC000000000000000079
:10104000000000C09D81DCBF00000000FFA226BEA2
:101050000000006057E2B0BC00000000000000008B
:1010600000000060F98FDABF000000580A8151BE0D
:10107000000000F05F60B8BC00000000000000004D
:101080000000000098A8D8BF000000607A7F45BE2D
:10109000000000D05433A3BC00000000000000009A
:1010A000000000600FCBD6BF000000D091CB40BE47
:1010B000000000406D1BA0BC00000000000000000C
:1010C000000000A0FBF6D4BF00000098C5CE52BEC1
:1010D000000000003A397EBC000000000000000063
:1010E000000000E0FE2BD3BF0000004073872BBE42
:1010F00000000000926879BC0000000000000000C1
:1011000000000040C069D1BF00000058F16353BE29
:1011100000000080438D7CBC000000000000000047
:1011200000000080D85FCFBF000000181F8354BEAE
:10113000000000B03F42A2BC000000000000000020
:101140000000008067FCCBBF00000060FAFF53BEC8
:1011500000000050E00DB8BC0000000000000000DE
:101160000000000098A8C8BF000000607A7F35BE6C
:10117000000000C0543393BC0000000000000000D9
:1011800000000000DC63C5BF00000058D6FF54BE5D
:1011900000000000396490BC000000000000000066
:1011A000000000C0AD2DC2BF00000080A45915BED4
:1011B000000000E0484BABBC000000000000000055
:1011C000000000801A0BBEBF00000050BF3C5ABE9A
:1011D000000000A0B364B6BC0000000000000000E6
:1011E0000000008004D6B7BF00000040BBCF36BE71
:1011F0000000008076CEA8BC0000000000000000C7
:101200000000008032BBB1BF000000402A0043BE96
:1012100000000028C60CBDBC00000000000000005B
:10122000000000009473A7BF000000182B3B59BEBC
:10123000000000C0E55DA5BC00000000000000004B
:1012400000000000EE4397BF000000A0E6C340BED0
:1012500000000020958DB5BC0000000000000000DB
:10126000000000000000008000000000000000807E
:1012700000000000000000800000000000000000EE
:10128000000000000000000000000000000000005E
:10129000000000000000000000000000000000004E
:1012A000000000000000000000000000000000003E
:1012B000000000000000000000000000000000002E
:1012C000000000000000000000000000000000001E
:1012D000000000000000000000000000000000000E
:1012E00000000000000000000000000000000000FE
:1012F00000000000000000000000000000000000EE
:1013000000000000000000000000000000000000DD
:101310000000000000C0F0FCFFFEF8C0000000006C
:1013200000000000000000000000000000000000BD
:1013300000000000000000000000000000000000AD
:10134000000000000000000000000000000000009D
:10135000000000000000000000000000000000008D
:10136000000000000000000000000000000000007D
:10137000000000000000000000000000000000006D
:10138000000000000000000000000000000000005D
:1013900000C0F0FCFFFFFFFFFFFFFFFFFFFCF0C0FE
:1013A00000000000000000000000000080C0C0C07D
:1013B000C0E0F0F0F0F070383C3C3C3C3F3F0F03A5
:1013C000000000000000000000000000000000001D
:1013D000000000000000000000000000000000000D
:1013E00000000000000000000000000000000000FD
:1013F00000000000000000000000000000000000ED
:1014000000000000000000000000000000C0F0FC30
:10141000FFFFFFFFFF3F0F0F03070F3FFFFFFFFF20
:10142000FFFC30383C3C1C0E8FCFC7C3C3C3E373F3
:1014300071303030383C0C0000000070F8CCCC0C1F
:101440000C0000C0F03C0CFCFC000000C0F01C0CC8
:101450000C8CFCF00000000000000CFCFC0000C044
:101460003C0C00C0FCFC0C0000FCFCCCCCCCCC0C3C
:10147000000C8CFCFC1C0C0C0C000000000000009C
:10148000000000000000000000C0F0FCFFFF7F3FF4
:101490000F07C3C040303018CCCCC7C30333301063
:1014A0000C8CCCC4C3C3E3F33130303038380C007B
:1014B000000000000000000000000C0C0C0C0F03EA
:1014C000030C0F030303030F0F000000030F0C0CAA
:1014D0000C0F0301000000000000000F0F0C0300C0
:1014E00000000C0F0F0000000F0F0F0C0C0C000081
:1014F00000000F0F000000000000000000000000CE
:101500000000000000C0F0FC3F3F0F0703000C008C
:10151000C3C13030CCCC03333300000C0C000303C8
:101520000300000001030F0F3C78C0000000000022
:1015300000000000000000000000000000000000AB
:10154000000000000000000000000000000000009B
:10155000000000000000000000000000000000008B
:10156000000000000000000000000000000000007B
:10157000000000000000000000000000000000006B
:101580000000C0300F030300000000000000000056
:101590000000000300000000000000000000000048
:1015A0000000000000000000000000030C30C0003C
:1015B000000000000000000000000000000000002B
:1015C000000000000000000000000000000000001B
:1015D000000000000000000000000000000000000B
:1015E00000000000000000000000000000000000FB
:1015F00000000000000000000000000000000000EB
:1016000000000000000000000000000000000000DA
:1016100000000000000000000000000000000000CA
:1016200000000000000000000000000000000000BA
:1016300000000000000000000000000000000000AA
:10164000000000000000000000000000000000009A
:10165000000000000000000000000000000000008A
:10166000000000000000000000000000000000007A
:10167000000000000000000000000000000000006A
:101680000600000000000000000F00000F00000F27
:1016900000000F000000000000000000000000003B
:1016A0000000000000000000000000000000070033
:1016B000001E00E01F00FF1FF8FF03FF1F00FF01D7
:1016C000000F00000000000000000000000000000B
:1016D0000000000000000000000000000E000000FC
:1016E000C07F00F8FF01FCFF07FCFF073E800F0EE4
:1016F000000E0E000E0E000E1E800FFCFF07FCFFFA
:1017000007F8FF01C07F000000000E00000070001D
:101710000E38000E38000E1C000E0E000EFEFF0FDD
:10172000FEFF0FFEFF0FFEFF0F00000E00000E0079
:10173000000E00000E0000000E00000060000F7898
:10174000800F7CC00F7CE00F1EF00F0EF80E0E7C99
:101750000E0E3E0E1E1F0EFE0F0EFC070EF8030EA1
:10176000F0010E0000000E00000030800138800300
:101770003C80073C800F1E000F0E0E0E0E0E0E0E4C
:101780000E0E1E1F0FFEFF0FFCFB07FCF903F0E01F
:10179000010000000F00000000F00000F80000FE53
:1017A0000080EF00C0E700F0E1007CE0003EE000D8
:1017B000FEFF0FFEFF0FFEFF0FFEFF0F00E0000019
:1017C000E0000E000000008001F88703FE8707FE9E
:1017D000870FFE070F0E030E8E030E8E030E8E076D
:1017E0000F8EFF070EFF070EFE0300FC0000000037
:1017F0000E000000C07F00F0FF01F8FF07FCFF07AC
:101800003E0E0F0E070E0E070E0E070E1E0F0F3E9A
:10181000FF0F3CFE0738FE0330F8010000000E0009
:1018200000000E00000E00000E00000E000F0EE083
:101830000F0EF80F0EFE0F8EFF00CE0F00FE0300FE
:10184000FE00003E00001E00000000000E00000030
:10185000F0E001F8FB03FCFB07FEFF0F1E1F0F0E5D
:101860000E0E0E0E0E0E0E0E1E1F0FFEFF0FFCFBB9
:1018700007FCFB03F0E0010000000E000000F08315
:1018800001F88703FC8F07FE9F0F1E1E0F0E1C0E14
:101890000E1C0E0E1C0E1E8E0FFCFF07FCFF03F825
:1018A000FF01C07F00000000000000000000005F9A
:1018B00000000007000700147F147F14242A7F2AE9
:1018C00012231308646236495522500005030000B4
:1018D000001C2241000041221C00082A1C2A080882
:1018E000083E08080050300000080808080800609A
:1018F00060000020100804023E5149453E00427F2E
:10190000400042615149462141454B311814127F34
:101910001027454545393C4A4949300171090503BD
:101920003649494936064949291E00363600000025
:1019300056360000000814224114141414144122D5
:101940001408000201510906324979413E7E111105
:10195000117E7F494949363E414141227F41412222
:101960001C7F494949417F090901013E41415132EA
:101970007F0808087F00417F41002040413F017FF0
:10198000081422417F404040407F0204027F7F04D0
:1019900008107F3E4141413E7F090909063E415101
:1019A000215E7F09192946464949493101017F01D4
:1019B000013F4040403F1F2040201F7F2018207FD4
:1019C0006314081463030478040361514945430018
:1019D000007F4141020408102041417F00000402C1
:1019E00001020440404040400001020400205454E1
:1019F00054787F4844443838444444203844444868
:101A00007F3854545418087E090102081454543C79
:101A10007F0804047800447D40002040443D0000DD
:101A20007F10284400417F40007C041804787C0823
:101A300004047838444444387C14141408081414FA
:101A4000187C7C080404084854545420043F444043
:101A5000203C4040207C1C2040201C3C4030403C2E
:101A600044281028440C5050503C4464544C4400CA
:101A70000836410000007F000000413608000808D9
:101A80002A1C08081C2A08086070787C7E1C362AEC
:101A9000361C303E3F3E3007087F09077C444444F3
:101AA000387C7C4444387C7C7C44387C7C7C7C382E
:101AB0001E3276321E000002050200004E48345FDE
:101AC00043616C69623A20000000000000000000E1
:101AD0000000000000000000000000000000000006
:101AE00000000000000000000000000000000000F6
:101AF00000000000000000000000000000000000E6
:101B000000000000000000000000000000000000D5
:101B100000000000000000000000000000000000C5
:101B200000000000000000000000000000000000B5
:101B300000000000000000000000000000000000A5
:101B40000000000000000000000000000000000095
:101B50000000000000000000000000000000000085
:101B60000000000000000000000000000000000075
:101B70000000000000000000000000000000000065
:101B80000000000000000000000000000000000055
:101B90000000000000000000000000000000000045
:101BA0000000000000000000000000000000000035
:101BB0000000000000000000000000000000000025
:101BC0000000000000000000000000000000000015
:101BD0000000000000000000000000000000000005
:101BE0000000000000000000FEE7FEE7FEE7FEE761
:101BF000FEE770477047704780B500F05FF82448F3
:101C00000168491C016023480168491C01600168A2
:101C1000C92918D3002101601F490878002802D182
:101C20000120087001E0002008700878012805D123
:101C3000012201211948F1F79AF904E0002201215B
:101C40001648F1F794F901BD80B51548FBF761FA24
:101C500001BD80B51348FBF75CFA01BD80B51248A1
:101C6000F7F792FB01BD80B51048F7F78DFB01BD7A
:101C700080B50F48FEF712F801BD80B50D48FBF79F
:101C800048FA01BD80B50C48F7F77EFB01BD0000A6
:101C9000FC2D0020DC2D00201E2E00200008004816
:101CA000702B0020282B00208826002010270020E1
:101CB000E42C0020E02A00200026002003480168D0
:101CC000034A127889180160704700BFD82D0020A0
:101CD0003F0F0020F0B40246106895681318506852
:101CE00003EB5004C0071CD54D441AE013F8017BE8
:101CF00005F8017B491EF9D198B113F8011BC6F311
:101D00008106032E08BF13F8016B01EB062149423F
:101D1000801C294405D011F8016B05F8016B401EA9
:101D2000F9D1A3420ED013F8016B16F0030104BFE2
:101D300013F8011BC91C30090F28DBD113F8010B64
:101D40000F30D7E7F0BC02F10C007047425220532D
:101D50006C6176653A200000000000000000000081
:101D60000000000000000000000000000000000073
:101D70000000000000000000000000000000000063
:101D8000A0860100400D0300801A060000350C00FB
:101D900040420F0080841E0000093D0000127A00BE
:101DA0000024F40000366E010048E801006CDC02FB
:101DB0008908010800000000B9080108C7080108E7
:101DC000E9080108FF080108070901081D090108C1
:101DD0003B0901083F09010851090108303132333C
:101DE0003435363738396162636465666768696AB5
:101DF0006B6C6D6E6F707172737475767778797ABB
:101E00000000000030313233343536373839414242
:101E1000434445464748494A4B4C4D4E4F5051521A
:101E2000535455565758595A0000000010B50749E9
:101E300079441831064C7C44163404E00A68081DC5
:101E4000114488470146A142F8D110BD2C00000082
:101E5000480000004EF68851CEF20001086840F4B8
:101E600070000860BFF34F8FBFF36F8F4FF00070AB
:101E7000E1EE100A70470000EF5BFFFFE81E000074
:101E8000440F0020000000004DFEFFFF700900001D
:101E90008C0C000000000020616C61726D20666196
:101EA000696C3A2025642D25643A25643A25643A04
:101EB00025640D0A0000000000F00DF8002801D094
:101EC000FFF7B4FFAFF300800020AFF30080FAF714
:101ED000C2FC00F002F80120704700F001B80000D9
:101EE00007463846FEF7AAFCFBE70000755F617005
:101EF000705F636F6D6D3A2074782074696D6572E0
:101F00002063620D0A000000755F6170705F636F8F
:101F10006D3A2075617274202564206572726F724B
:101F2000210D0A00755F6170705F636F6D6D3A20FF
:101F300073657420727463210D0A000043414C499B
:101F400042204E48345F4E20504C55530000000054
:101F500073616F7669657467726F75702E636F6DEC
:101F60002E766E00535654485F53564D5F444C5383
:101F70005F56315F315F310061742B72646C617345
:101F800074666F726C6F673D0000000061742B72A5
:101F9000646C617374666F726F706572613D00008E
:101FA00061742B72646C617374666F726576656EB2
:101FB000743D000061742B72646C617374666F729F
:101FC0006770733D0000000061742B726573746F5D
:101FD0007265736C6176653F0000000053565F4583
:101FE0004E56495F574D5F4E48340000456E74654C
:101FF000722050617373776F72640000312E4D6FE1
:10200000646275732052545500000000362E496EEC
:10201000666F726D6174696F6E00000053455420E5
:102020004D4F44425553205254550000312E4944DF
:102030002020202020203A2000000000322E426183
:102040007564726174653A200000000043414C4998
:10205000422053454E534F5200000000312E436141
:102060006C6962204E48345F4E0000005741524E6A
:10207000494E47204E48345F4E00000052414E47C3
:10208000452053455454494E47000000537563633F
:1020900065737366756C6C792100000000000000A8
:1020A000000000000102030406070809526573746A
:1020B0006F7265204F4B210D0A00000061742B6D7B
:1020C0007174746D61696E3D0000000061742B6D68
:1020D0007174746D61696E3F0000000061742B6D56
:1020E0007174746261636B75703D000061742B6D77
:1020F0007174746261636B75703F000061742B7260
:102100006573657470756C73653F000061742B6650
:102110006C6F777468726573683D000061742B663C
:102120006C6F777468726573683F000061742B711F
:1021300075616E7468726573683D000061742B711F
:1021400075616E7468726573683F000061742B621C
:1021500061747468726573683D00000061742B627D
:1021600061747468726573683F00000061742B6568
:10217000726173656D656D3F0000000061742B66D0
:102180007776657273696F6E3F00000061742B6C27
:102190006F67696E6465783F0000000061742B72A0
:1021A000646C6173746C6F673F00000061742B6C2A
:1021B0006576656C63616C69623D000061742B6CCF
:1021C0006576656C63616C69623F000061742B6CBD
:1021D0006576656C7468726573683D0061742B6C1C
:1021E0006576656C7468726573683F0061742B6511
:1021F000786261747468726573683D0061742B6500
:10220000786261747468726573683F0061742B77DB
:102210006D6368616E6E656C3D00000061742B77C4
:102220006D6368616E6E656C3F00000061742B6DBC
:102230006F64696E666F723D0000000061742B6D03
:102240006F64696E666F723F0000000061742B70EE
:1022500072657373696E666F723D000061742B70F6
:1022600072657373696E666F723F000061742B72E2
:1022700065736574736C6176653F000061742B63F0
:10228000616C69626E68343F00000000014880475D
:10229000014800479D220108012601080248016803
:1022A00051F470010160704788ED00E054656D7075
:1022B00020203A2000000000332E4F6666736574BC
:1022C00000000000342E5761726E696E67000000D6
:1022D000322E43616C6962207048000043414C49D2
:1022E00042204E48345F4E00322E4E48342B205A46
:1022F0003A200000332E4E48342B20533A20000061
:10230000342E436F6E6669726D000000312E4E48A8
:10231000342B2050313A2000322E4E48342B20509E
:10232000323A200043414C4942205048000000000E
:10233000322E50482050313A20000000332E5048B1
:102340002050323A2000000043414C4942204B2BA0
:1023500000000000322E4B2B2050313A20000000AC
:10236000332E4B2B2050323A20000000312E4E48A5
:10237000345F4E3A20000000322E54656D70203AD2
:1023800020000000312E4D6F6465203A20000000CF
:10239000322E55707065723A20000000332E4C6F5B
:1023A0007765723A20000000312E555F4E48342088
:1023B0003A200000322E4C5F4E4834203A20000074
:1023C000332E555F54656D703A200000342E4C5FFB
:1023D00054656D703A2000002A56657273696F6EFD
:1023E00000000000576562736974653A00000000E0
:1023F00025F200082FF200084DF2000852657365BF
:1024000074204F4B210D0A00535F4E48345F50310A
:102410003A200000204D5F4E48345F50313A200092
:1024200020535F4E48345F50323A2000204D5F4EBB
:1024300048345F50323A200020535F50485F50319B
:102440003A200000204D5F50485F50313A20000094
:1024500020535F50485F50323A200000204D5F50BB
:10246000485F50323A20000020535F4B5F50313AB2
:1024700020000000204D5F4B5F50313A20000000EB
:1024800020535F4B5F50323A20000000204D5F4BDD
:102490005F50323A2000000061742B736572693D11
:1024A0000000000061742B736572693F000000003A
:1024B00061742B73696D736572693F0061742B736E
:1024C000777365727665720061742B647574793DFB
:1024D0000000000061742B647574793F00000000F7
:1024E00061742B667265716D696E3D0061742B6657
:1024F0007265716D696E3F0061742B736176656200
:102500006F783F0061742B6E756D77616B653D0070
:1025100061742B726561646C6F673D0061742B7030
:10252000756C73653D00000061742B70756C73658C
:102530003F00000061742B64656275673D00000018
:1025400061742B64656275673F00000061742B6DD8
:1025500072657365743F000061742B7573657275E5
:10256000726C3D0061742B757365726674703D000A
:1025700061742B746573746C6F673F0061742B72A8
:102580006561646C6F673F0061742B736C61766585
:102590003D00000061742B736C6176653F000000A4
:1025A00061742B6F6E74656D683F000061742B6FF2
:1025B000666674656D683F0061742B6964736C6155
:1025C00076653F0061742B6964736C6176653D00CC
:1025D00061742B6272736C6176653F0061742B626B
:1025E00072736C6176653D001F1C1F1E1F1E1F1F2E
:1025F0001E1F1E1F1F1D1F1E1F1E1F1F1E1F1E1FF3
:10260000AFF30080FFF726FCFFF756FC4E48345F1F
:102610004E2E00006D672F4C000000004C6F676766
:10262000696E000053455454494E4700322E4361B1
:102630006C696200352E52616E6765004E48343A0F
:1026400020000000312E526573657400206D672FE5
:102650004C000000332E52657365740070483A20B8
:10266000000000004B2B3A20000000004F4646536C
:1026700045540000496E666F722E00002A4D6F644B
:10268000656C000000000000010203049827002090
:102690000000000098280020000000004552524F22
:1026A00052000000000000000000000000000000D8
:1026B0000C000000000000000C00000061742B7290
:1026C00074633D0061742B7274633F0061742B6707
:1026D00070733F0061742B656E6400001829002040
:1026E000000000003C4E554C4C3E0000252E2A6652
:1026F00000000000686A6C747A4C00004F46460087
:102700004F4E0000208943004B3A2000423A2000FF
:10271000FFF7FEBFFFF7FEBFFFF7FEBFFFF7FEBFED
:10272000FFF7FEBFFFF7FEBFFFF7FEBFFFF7FEBFDD
:10273000FFF7FEBFFFF7FEBFFFF7FEBFFFF7FEBFCD
:10274000FFF7FEBFFFF7FEBFFFF7FEBFFFF7FEBFBD
:10275000FFF7FEBFFFF7FEBFFFF7FEBFFFF7FEBFAD
:10276000FFF7FEBFFFF7FEBFFFF7FEBFFFF7FEBF9D
:10277000FFF7FEBFFFF7FEBFFFF7FEBFFFF7FEBF8D
:10278000FFF7FEBFFFF7FEBFFFF7FEBFFFF7FEBF7D
:10279000FFF7FEBFFFF7FEBFFFF7FEBFFFF7FEBF6D
:1027A000FFF7FEBFFFF7FEBFFFF7FEBFFFF7FEBF5D
:1027B000FFF7FEBFFFF7FEBFFFF7FEBFFFF7FEBF4D
:1027C000FFF7FEBFFFF7FEBFFFF7FEBFFFF7FEBF3D
:1027D000FFF7FEBFFFF7FEBFFFF7FEBFFFF7FEBF2D
:1027E000FFF7FEBFFFF7FEBFFFF7FEBFFFF7FEBF1D
:1027F000FFF7FEBFFFF7FEBFFFF7FEBFD00331328A
:10280000333400014008F4010000313400080101B4
:102810001A1003D0070000831052022912640850D6
:10282000032B3500080310100388130000A7105273
:10283000041021285003253600080510120A08123A
:102840005910120608520504127110617812FE0127
:10285000F26A00011003DC1F01080E81123101B27F
:10286000200120100000456E74657220746F2053A3
:1028700065747570000020100557616974696E6792
:102880000B4110200320446F6E6509520010300385
:102890004572726F721F300600FC26010800270186
:1028A000EC430C26089207ED92010C2550121424DB
:1028B0002548254443AC22302118120444213821F4
:1028C0000CF2011C48220134C3EC1F1890030218BB
:1028D0000001056061182402033000018CF201241C
:1028E0004822020CE2FC48200112000211D22C30D6
:1028F00012031812090CC3B8221812041825F4D2B6
:10290000C418120518120B0CD23448120618120CF7
:102910000CC30C2018120718120D0CD21C18110130
:102920002603B0522C1861011003020400030F119A
:10293000523C18699012031812100CF2014C481303
:1029400004110CD25C183202C319F8D1C0157C1ADC
:1029500004EBD300DC1811012305147851D882054B
:10296000481305150CC308271811481305160CE267
:102970000C181002460005170CD6442011C8130588
:10298000180C83E82230124C2411081305190CD2BC
:10299000F41815DC23051A11D623501118121B0C3C
:1029A000D63CE01101F00104061C00C0F001040651
:1029B0001D00C0F00104061E00C023061F18C2231C
:1029C0009011C02E060C03D2181811081306210C02
:1029D000EA5410110312220CD224C0110113072350
:1029E0000CF2015CA8F00104072400A8F001040720
:1029F0002500A8F40104072600681307270CC3303C
:102A0000233011081307280CD23C1811A8230729DA
:102A10000CF5016813072A0CF20148C013082B0CAF
:102A2000F20164C0F00104082C00C0F00104082D7C
:102A300000C0F00104082E00C013082F0CF601544A
:102A4000681308300CD2601811C023083111F1014D
:102A5000C01308320CD26C60110123093318D1481D
:102A600011C02E0945069278182DB00411C0230913
:102A70003530FD017803130A360CD28478114813DF
:102A80000A370CD290601148130A380CFA019C588E
:102A9000130A390CF2017C60130B3A0CF201A8A85E
:102AA000130B3B0CF201B460130B3C0CD2C0C011F1
:102AB00060130B3D0CD2CC181108130B3E0CF60121
:102AC0007420130C3F0CE2D8D880031C000C40008B
:102AD0000161181D9804130C410CE67CC81130F2FA
:102AE000024230120530F2034348100218000D4430
:102AF0000CD68C08F004010318020E100001E2014C
:102B000014B3093D12600209EE0008242DD8048F89
:102B100015EEFC0721108F8BEEFC07210112971098
:102B200052043112E8198FB3EEFC0721014FB9EEC0
:102B3000FC07610112BF101E6484042D4C05E002E5
:102B4000440F00208F8004596B0008596B842108C2
:102B5000125F10438D6B885201044004056C00081D
:102B6000336C8C52020443A16C3C2DFC056D48076C
:102B700052FB14219452061443556D14211052082F
:102B80001452AD142540520A6443036E142124529A
:102B90000B145233142DFC06520C145263142138BA
:102BA000520D145293142138520E1452BD14213870
:102BB0004300101412E7143002156F000838421059
:102BC0008C12911012F104213852031413B1704C7D
:102BD0001002710008B0D912607D1EC0A5061E80CB
:102BE000E1042E401D03124B0C1DA0081300961883
:102BF00012DA0812E1045403C201001828604A01E5
:102C0000C0210490036D0301080110127F105202CD
:102C10000C25E012AD105203201003E0930400D104
:102C20001061401E102105470D419C211025F070B8
:102C3000011F410040210447AF4194210C2D4C0A53
:102C400047EF419021102D2C0A17A5428C51501BA3
:102C500060EA20111092061012BF102207611101C4
:102C60002D7C0A176D438051202D7C0A12F1106BC8
:102C7000982D38C802803F9829443401982401B027
:102C800051435300A41069C412B010259469C41EA6
:102C9000BC380325906D300852CC105205104FDC23
:102CA00020200A69C452EC106D680352BC505208CF
:102CB0001052C87052091052D410520A1052E0300B
:102CC000620B505110520C1052FC60520D1052F811
:102CD00020520E1043042510520F105210106DECAC
:102CE00003430C2140521110521C10521210522C4E
:102CF00010521310523C10521410124C10217C52DE
:102D00001510525C10621650117021DC52171052CF
:102D100028105218104FBC26AC0A52191052C41079
:102D2000521A10523430521B10524010621C801143
:102D300010252C521D10476C2190521E10527C9071
:102D4000521F105658006905526410522110528CBF
:102D500040522210527020622350511052241052BF
:102D60009C605225101E78AC04255C622650111020
:102D7000254C52271052A01052281056AC50522900
:102D80001052BC10522A1012CC1025BC522B1052DB
:102D9000DC10622C205530522D1052B480522E106F
:102DA000568830522F1052941052301052EC50521C
:102DB000311052FC1052321056A06052331056ACF3
:102DC000006D090E470C2200523510521C1052366D
:102DD00010472C2250523710523C10523810434C9E
:102DE00022F0523910525C10523A10526C10523B81
:102DF0001052C8E0523C1052B8906D960652C41062
:102E0000523E1052D010523F1052DC106D640752E7
:102E10007C905241104ED4EC0848010030212343ED
:102E20003023081FDC1DE407F004081E0108367D6E
:102E3000000452FF01E3EE7A141D60040002032D2A
:022E400001038C
:0400000508012601C7
:00000001FF
