:020000040800F2
:10000000D8300020F50E0108310801083308010836
:100010003508010837080108390801080000000008
:100020000000000000000000000000003B08010884
:100030003D080108000000003F08010841080108D0
:10004000591301085D1301086113010865130108C4
:10005000691301086D130108711301087513010874
:10006000791301087D130108811301088513010824
:1000700089130108910801088D1301089B080108E4
:100080009113010895130108991301089D130108A4
:10009000A1130108A5130108A9130108AD13010854
:1000A000B1130108B5130108B9130108BD13010804
:1000B000C11301080000000000000000C513010882
:1000C000C9130108CD130108D1130108D513010884
:1000D000D9130108A5080108DD130108AF080108BC
:1000E000E1130108B9080108000000000000000049
:1000F0000000000000000000000000000000000000
:1001000000000000E513010800000000E9130108E9
:100110000000000000000000ED130108F1130108C9
:10012000F5130108F9130108FD1301080114010872
:10013000051401080000000000000000000000009D
:10014000091401080D1401081114010815140108FF
:1001500019140108C3080108CD0801081D1401087D
:1001600021140108251401082914010800000000C9
:100170002D14010831140108351401080000000095
:10018000391401083D1401084114010880B5514893
:100190000078012806D0022807D0042808D00828B3
:1001A00009D00BE000F0A2F808E001F0C1F905E089
:1001B00001F0F6FB02E001F03FFEFFE701BD2DE993
:1001C000F0470024444D2888002804D02888401E89
:1001D000288000207CE03F4E307A002877D1202113
:1001E0003E4802F0F7FB002801D1012700E000277C
:1001F000DFF8EC800421404602F0ECFB002802D13D
:100200005FF0010901E05FF000090221404602F0C1
:10021000E1FB002802D15FF0010A01E05FF0000A73
:100220000121404602F0D6FB002801D1012000E068
:10023000002057EA490757EA8A073C0054EAC004FD
:100240002000C0B2012805D0022803D0042801D024
:10025000082834D17068401C7060706850282DD315
:100260003470012030721F490868142801D2192007
:1002700028801D4822000378D2B29A4219D10A6818
:10028000521C0A600A681E2A02D20021716014E022
:100290000A68B42A02D2412171600EE00A68F02A8D
:1002A00002D24621716008E04E227260F0220A609C
:1002B00003E00022726000220A60047007E0002060
:1002C00009490870282070600020064908603078CD
:1002D000BDE8F087D42B0020B82C0020000800488F
:1002E000000400486C2C0020C62C0020F8B584B017
:1002F000DFF8E448A078002820D0012843D0022865
:1003000073D0032800F00481042800F088810528B8
:1003100000F0B981062800F09082072800F074836D
:10032000082800F05D84092800F0E0840A2800F025
:10033000A8850C2800F0AE8601F0EFB8DFF8F85B76
:100340000020E860DFF894680A220021300002F003
:10035000C7FB30203070302070703020B0703020FB
:10036000F070E8680001801CC0B20390029605207E
:10037000019004200090052300220121A01C03F01D
:10038000F7FA01F0CAB8DFF8B00BC168491CC160C8
:10039000C16804291EDBDFF8440803F004FB0128D0
:1003A00015D1A51C0622290014F1080002F0E6FB75
:1003B000F1200390002002900C2001900720009073
:1003C000072300220221280003F0D2FA0BE00020CC
:1003D000A07008E0C0680001801C0200D2B20021B9
:1003E000A01C03F09FFA01F098B8207907280AD0E2
:1003F000C0F08C80092832D01BD30B285BD044D3AB
:100400000C286ED082E0A51C0622290014F10800F9
:1004100002F0B4FBF1200390002002900F20019025
:100420000E2000900E2300220321280003F0A0FAE2
:100430006CE0A51C0622290014F1080002F09EFBC6
:10044000F1200390002002901220019011200090D2
:10045000112300220421280003F08AFA56E0A51C8B
:100460000622290014F1080002F088FBF120039015
:10047000002002902D2001902C2000902C2300229F
:100480000821280003F074FA40E0A51C0622290088
:1004900014F1080002F072FBF1200390002002909A
:1004A000312001902F2000902F23002209212800C5
:1004B00003F05EFA2AE0A51C0622290014F10800C8
:1004C00002F05CFBF12003900020029036200190A6
:1004D00033200090332300220A21280003F048FA39
:1004E00014E0A51C0622290014F1080002F046FBC6
:1004F00000200390002002903920019039200090C4
:10050000392300220B21280003F032FA01F005B84C
:1005100020790E2802D00F2840D07EE0E078002815
:1005200002D001281FD038E0A61C0622310014F1A9
:10053000080002F023FBDFF8005AF220039015F1C7
:100540000C0002900F2001900E2000900E23E27804
:10055000521CD2B20321300003F00AFADFF8E80C93
:100560004078E86019E0A51C0622290014F1080073
:1005700002F004FBF0200390002002903C20019048
:100580003C2000903C2300220C21280003F0F0F9CD
:100590000120DFF8B41C0870FFE73EE0E078002897
:1005A00002D001281FD038E0A61C0622310014F129
:1005B000080002F0E3FADFF88059F220039015F109
:1005C0000C0002900F2001900F2000900F23E27882
:1005D000521CD2B20321300003F0CAF9DFF8680CD4
:1005E0004068E86019E0A51C0622290014F1080003
:1005F00002F0C4FAF0200390002002903C20019009
:100600003C2000903C2300220C21280003F0B0F98C
:100610000120DFF8341C0870FFE700F07EBF20796E
:10062000112802D0122816D02BE0A51C0622290082
:1006300014F1080002F0A2FAF120039000200290C9
:100640001A2001901720009017230022052128006E
:1006500003F08EF915E0A51C0622290014F108000C
:1006600002F08CFAF12003900020029022200190E9
:100670001F2000901F2300220621280003F078F994
:10068000FFE700F04ABF2079172808D0C0F0D380D8
:1006900019286AD029D31A2800F0A780CBE0A51C1E
:1006A0000622290014F1080002F068FAF0200390F5
:1006B000002002903C2001903C2000903C2300222E
:1006C0000C21280003F054F9DFF8500C5FF07E5144
:1006D0000160DFF84C1C00220A60D1ED000A90EDA9
:1006E000000A062003F028FFA5E0E078002802D0E9
:1006F00001281FD038E0A61C0622310014F10800A2
:1007000002F03CFADFF83058F220039015F10C00AB
:1007100002901A200190172000901823E278521CB2
:10072000D2B20521300003F023F9DFF81C0B006D75
:10073000E86019E0A51C0622290014F1080002F067
:100740001DFAF0200390002002903C2001903C20F4
:1007500000903C2300220C21280003F009F901201D
:10076000DFF8E41A0870FFE765E0E078002802D0BF
:1007700001281FD038E0A61C0622310014F1080021
:1007800002F0FCF9DFF8B057F220039015F10C00ED
:1007900002901A200190172000901923E278521C31
:1007A000D2B20521300003F0E3F8DFF89C0A406D77
:1007B000E86019E0A51C0622290014F1080002F0E7
:1007C000DDF9F0200390002002903C2001903C20B5
:1007D00000903C2300220C21280003F0C9F80120DE
:1007E000DFF8641A0870FFE725E0A51C062229003F
:1007F00014F1080002F0C2F9F020039000200290EA
:100800003C2001903C2000903C2300220C21280039
:1008100003F0AEF8DFF8040BDFF8041D0160DFF829
:10082000001BDFF8002D0A60D1ED000A90ED000AF0
:10083000062003F081FE00F070BE20791F2808D04A
:10084000C0F0E08021286AD029D3222800F0A780B8
:10085000D8E0A51C0622290014F1080002F08EF948
:10086000F0200390002002903C2001903C2000905A
:100870003C2300220C21280003F07AF8DFF89C0AC0
:100880005FF07E510160DFF8981A00220A60D1ED16
:10089000000A90ED000A072003F04EFEB2E0E07877
:1008A000002802D001281FD038E0A61C0622310003
:1008B00014F1080002F062F9DFF87C56F220039090
:1008C00015F10C000290222001901F20009020239F
:1008D000E278521CD2B20621300003F049F8DFF86A
:1008E0006809406EE86019E0A51C0622290014F191
:1008F000080002F043F9F0200390002002903C2011
:1009000001903C2000903C2300220C21280003F0A1
:100910002FF80120DFF830190870FFE772E0E07867
:10092000002802D001281FD038E0A61C0622310082
:1009300014F1080002F022F9DFF8FC55F2200390D0
:1009400015F10C000290222001901F20009021231D
:10095000E278521CD2B20621300003F009F8DFF829
:10096000E808806EE86019E0A51C0622290014F151
:10097000080002F003F9F0200390002002903C20D0
:1009800001903C2000903C2300220C21280002F022
:10099000EFFF0120DFF8B0180870FFE732E0A51C78
:1009A0000622290014F1080002F0E8F8F020039074
:1009B000002002903C2001903C2000903C2300222B
:1009C0000C21280002F0D4FFDFF850495FF07E5080
:1009D0002060DFF84C5900202860DFF84C2B2900FC
:1009E0002000D2ED071A92ED061AD2ED050A92ED1B
:1009F000040A03F04BFED5ED000A94ED000A07202F
:100A000003F09AFD00F089BD2079272808D0C0F0B6
:100A1000E08029286AD029D32A2800F0A780D8E0CE
:100A2000A51C0622290014F1080002F0A7F8F02006
:100A30000390002002903C2001903C2000903C2339
:100A400000220C21280002F093FFDFF8D0085FF0AD
:100A50007E510160DFF8C81800220A60D1ED000A5B
:100A600090ED000A082003F067FDB2E0E07800286E
:100A700002D001281FD038E0A61C0622310014F154
:100A8000080002F07BF8DFF8B054F220039015F173
:100A90000C0002902A200190272000902823E27861
:100AA000521CD2B20721300002F062FFDFF8980733
:100AB000806FE86019E0A51C0622290014F10800E7
:100AC00002F05CF8F0200390002002903C2001909E
:100AD0003C2000903C2300220C21280002F048FF1B
:100AE0000120DFF864170870FFE772E0E078002863
:100AF00002D001281FD038E0A61C0622310014F1D4
:100B0000080002F03BF8DFF83054F220039015F1B2
:100B10000C0002902A200190272000902923E278DF
:100B2000521CD2B20721300002F022FFDFF8180772
:100B3000C06FE86019E0A51C0622290014F1080026
:100B400002F01CF8F0200390002002903C2001905D
:100B50003C2000903C2300220C21280002F008FFDA
:100B60000120DFF8E4160870FFE732E0A51C06223A
:100B7000290014F1080002F001F8F0200390002091
:100B800002903C2001903C2000903C2300220C214C
:100B9000280002F0EDFEDFF884475FF07E50206011
:100BA000DFF87C5700202860DFF87C29290020002E
:100BB000D2ED0B1A92ED0A1AD2ED090A92ED080A4B
:100BC00003F064FDD5ED000A94ED000A082003F05F
:100BD000B3FC00F0A2BC00BF1C2C002000000020D1
:100BE00020792C2802D02D283FD07DE0E078002805
:100BF00002D001281ED037E0A61C0622310014F1D5
:100C0000080001F0BBFFCC4DF220039015F10C0061
:100C100002902D2001902C2000902C23E278521C71
:100C2000D2B20821300002F0A3FEDFF81C06006AF1
:100C3000E86019E0A51C0622290014F1080001F063
:100C40009DFFF0200390002002903C2001903C206A
:100C500000903C2300220C21280002F089FE012094
:100C6000DFF8E4150870FFE73EE0E078002802D0E6
:100C700001281ED037E0A61C0622310014F108001E
:100C800001F07CFFAC4DF220039015F10C000290B6
:100C90002D2001902C2000902D23E278521CD2B2FE
:100CA0000821300002F064FEDFF89C05406AE8602D
:100CB00019E0A51C0622290014F1080001F05EFFCE
:100CC000F0200390002002903C2001903C200090F6
:100CD0003C2300220C21280002F04AFE0120DFF80C
:100CE00068150870FFE7FFE700F017BC20792F2890
:100CF00006D0C0F0C580312800F0838042D3BFE029
:100D0000E078002802D0012821D03AE0A71C062272
:100D1000390014F1080001F031FF874D15F10C0680
:100D2000F22003900296312001902F2000902F2373
:100D3000E278521CD2B20921380002F019FEDFF825
:100D4000EC070078E860DFF80005066319E0A51CF1
:100D50000622290014F1080001F010FFF020039092
:100D6000002002903C2001903C2000903C23002277
:100D70000C21280002F0FCFD0120DFF8CC140870E3
:100D8000FFE77DE0E078002802D001281ED037E0A0
:100D9000A61C0622310014F1080001F0EFFE664D9A
:100DA000F220039015F10C000290312001902F20C9
:100DB00000903023E278521CD2B20921300002F0B8
:100DC000D7FDDFF88404806AE86019E0A51C0622DC
:100DD000290014F1080001F0D1FEF020039000205A
:100DE00002903C2001903C2000903C2300220C21EA
:100DF000280002F0BDFD0120DFF84C140870FFE769
:100E00003EE0E078002802D001281ED037E0A61C82
:100E10000622310014F1080001F0B0FE464DF22028
:100E2000039015F10C000290312001902F200090CA
:100E30003123E278521CD2B20921300002F098FD31
:100E4000DFF80404C06AE86019E0A51C0622290046
:100E500014F1080001F092FEF020039000200290AF
:100E60003C2001903C2000903C2300220C212800D3
:100E700002F07EFD0120DFF8D0130870FFE7FFE7E6
:100E80004BE32079332809D0C0F00381352800F0E6
:100E9000848042D3362800F0BE80FAE0E078002853
:100EA00002D001281ED037E0A61C0622310014F122
:100EB000080001F063FE204DF220039015F10C00B4
:100EC000029036200190332000903323E278521CA8
:100ED000D2B20A21300002F04BFDDFF86C03406B08
:100EE000E86019E0A51C0622290014F1080001F0B1
:100EF00045FEF0200390002002903C2001903C2011
:100F000000903C2300220C21280002F031FD01203A
:100F1000DFF834130870FFE7BBE0E078002802D068
:100F2000012820D038E0A61C0622310014F1080068
:100F300001F024FE004D01E0D42B0020F2200390AC
:100F400015F10C00029036200190332000903423DC
:100F5000E278521CD2B20A21300002F009FDBA48F0
:100F6000806BE86018E0A51C0622290014F1080037
:100F700001F004FEF0200390002002903C2001903C
:100F80003C2000903C2300220C21280002F0F0FCC1
:100F90000120AD490870FFE77BE0E078002802D02F
:100FA00001281ED036E0A61C0622310014F10800EC
:100FB00001F0E4FDDFF8D059F220039015F10C00A8
:100FC000029036200190332000903523E278521CA5
:100FD000D2B20A21300002F0CBFC9B48C06BE86023
:100FE00018E0A51C0622290014F1080001F0C6FD36
:100FF000F0200390002002903C2001903C200090C3
:101000003C2300220C21280002F0B2FC01208E4972
:101010000870FFE73DE0E078002802D001281ED0EC
:1010200036E0A61C0622310014F1080001F0A6FDEE
:10103000DFF85459F220039015F10C00029036208D
:101040000190332000903623E278521CD2B20A215C
:10105000300002F08DFC7C48006CE86018E0A51CB4
:101060000622290014F1080001F088FDF020039009
:10107000002002903C2001903C2000903C23002264
:101080000C21280002F074FC01206F490870FFE772
:10109000FFE742E2207A032810D0052800F04381C0
:1010A000062800F09381072800F0E381082839D052
:1010B000092870D00A2800F0B6802DE2322002F014
:1010C00003F8032060490870A07A0E2802D00F2888
:1010D0000AD026E0DFF8B4084178DFF8AC08C06831
:1010E000C0B205F060F81CE000200100C9B20B2975
:1010F00010DADFF89C180200D2B251F82210DFF8A3
:101100008828D268914203D1DFF88018487001E046
:10111000401CEAE7DFF874084178007805F043F8EE
:10112000FFE7F9E1484D03202870322001F0CCFFA1
:10113000A07A2C2802D02D2816D02BE0287A05F092
:1011400043FA00EE100ADFF84C08D0ED0A0ADFF887
:10115000380890ED031AB8EEC11AB8EE400A81EED5
:10116000000A03F0B5FA15E0687A05F02DFA00EEF2
:10117000100ADFF81408D0ED030AF8EEE00AB8EE22
:10118000400AC0EE800ADFF80C0890ED090A03F06F
:101190009FFAFFE7C0E12C4D03202870322001F0B8
:1011A00093FFA07A2F2804D03CD3312824D00DD32C
:1011B00038E0DFF87803D0ED020A90ED010ADFF89D
:1011C000C807C068C0B203F035FB2BE0A87A05F071
:1011D000FBF900EE100AD548DFF8AC17D1ED030A91
:1011E000F8EEE00AB8EE400AC0EE800A90ED010A7F
:1011F000007803F01FFB15E0A87A05F0E5F900EE92
:10120000100ACA48D0ED020ADFF87C1791ED031AE4
:10121000B8EEC11AB8EE400A81EE000A007803F079
:1012200009FBFFE778E1084D03202870322001F028
:101230004BFFA07A332809D074D335283AD01FD376
:10124000362851D06EE000BF7C000020E87A05F01F
:10125000BBF900EE100ADFF84007D0ED031A90ED5D
:10126000021AD0ED010ADFF8200790ED032AB8EE4C
:10127000C22AB8EE400A82EE000A03F096FB51E063
:10128000E87A05F0A1F900EE100ADFF80C07D0EDBE
:10129000031A90ED021ADFF8F016D1ED030AF8EE0A
:1012A000E00AB8EE400AC0EE800A90ED000A03F0B2
:1012B0007CFB37E0E87A05F087F900EE100ADFF8EA
:1012C000D806D0ED031ADFF8C016D1ED030AF8EE08
:1012D000E00AB8EE400A80EE801AD0ED010A90EDE7
:1012E000000A03F062FB1DE0E87A05F06DF900EEFC
:1012F000100ADFF8A406DFF89016D1ED030AF8EE25
:10130000E00AB8EE400AC0EE801A90ED021AD0ED65
:10131000010A90ED000A03F048FB03E0702C002066
:10132000742C0020F8E0A07A172806D04DD3192895
:1013300027D005D31A2845D047E003F0EBF844E066
:10134000DFF8584603202070322001F0BDFE207ADD
:1013500005F03AF900EE100ADFF82C06D0ED030A8A
:10136000F8EEE00AB8EE400A80EE800A002003F0B2
:101370006FFCDFF8200690ED010A012003F068FC05
:1013800023E0DFF8184603202070322001F09CFE95
:10139000207A05F019F900EE100ADFF8EC05D0ED1F
:1013A000030AF8EEE00AB8EE400A80EE800A022056
:1013B00003F04EFCDFF8DC0590ED010A032003F09A
:1013C00047FC02E003F0A6F8FFE7A5E0A07A1F289B
:1013D00006D04DD3212827D005D3222845D047E079
:1013E00003F098F844E0DFF8B44503202070322081
:1013F00001F06AFE207A05F0E7F800EE100ADFF847
:101400008805D0ED030AF8EEE00AB8EE400A80EE57
:10141000800A042003F01CFCDFF8780590ED020A36
:10142000052003F015FC23E0DFF870450320207051
:10143000322001F049FE207A05F0C6F800EE100ACD
:10144000DFF84405D0ED030AF8EEE00AB8EE400AF2
:1014500080EE800A062003F0FBFBDFF8380590EDF4
:10146000020A072003F0F4FB02E003F053F8FFE761
:1014700052E0A07A272806D04DD3292827D005D3BB
:101480002A2845D047E003F045F844E0DFF80C4552
:1014900003202070322001F017FE207A05F094F826
:1014A00000EE100ADFF8E004D0ED030AF8EEE00ADF
:1014B000B8EE400A80EE800A082003F0C9FBDFF88E
:1014C000D40490ED030A092003F0C2FB23E0DFF807
:1014D000CC4403202070322001F0F6FD207A05F084
:1014E00073F800EE100ADFF8A004D0ED030AF8EE5E
:1014F000E00AB8EE400A80EE800A0A2003F0A8FB5A
:10150000DFF8900490ED030A0B2003F0A1FB02E04A
:1015100003F000F8FFE7FFE7FFE705B0F0BD0000CC
:1015200048E17A3F000080BEE82A0020542C0020C9
:1015300010B5DFF8F4389878002815D0022825D0A7
:1015400013D304287DD02ED3062800F0F180C0F0FC
:10155000B880082800F08280C0F020810A2800F0BE
:10156000A681C0F051810DE20CE2DFF8C008DFF87F
:101570001814CA68825C521CCB68C254CA68825C68
:101580003A2A02DB3022C9684254FBE158791979C2
:10159000884202D21879401E1871F1220021981C4D
:1015A00002F0C0F9EEE1D87800280CD15879197909
:1015B000884202D21879401E1871F1220021981C2D
:1015C00002F0B0F93CE018790E2802D00F2812D0B2
:1015D00036E0D878002802D0012801D00AE009E0DE
:1015E000DFF8A403C168B1F5807F02DAC168491C45
:1015F000C160FFE724E0D878002802D0012801D09C
:101600001EE01DE000210800C0B20B2817DADFF849
:101610008023DFF874030B00DBB252F82330C46878
:10162000A3420AD10B00DBB20A2B06DA0B00DBB2B5
:1016300002EB83025268C26001E0491CE3E7FFE766
:10164000A0E158791979884202D21879401E1871A0
:10165000F1220021981C02F065F993E1D878002866
:101660000CD158791979884202D21879401E187124
:10167000F1220021981C02F055F921E018792C285C
:1016800002D02D280ED01BE0D878002802D00128E7
:1016900001D006E005E0DFF8F002C168491CC16036
:1016A000FFE70DE0D878002802D0012801D006E03D
:1016B00005E0DFF8D402C168491CC160FFE7FFE71D
:1016C00060E1D87800280CD158791979884202D283
:1016D0001879401E1871F1220021981C02F022F99D
:1016E00025E01879172806D021D3192812D003D362
:1016F0001A281CD01BE01AE0D878002802D0012854
:1017000001D006E005E0DFF88002C168491CC16035
:10171000FFE70CE0D878002802D0012801D005E0CE
:1017200004E09948C168491CC160FFE7FFE729E16F
:10173000D87800280CD158791979884202D21879C2
:10174000401E1871F1220021981C02F0EBF824E0F1
:1017500018791F2806D020D3212811D003D322289E
:101760001BD01AE019E0D878002802D0012801D057
:1017700005E004E08448C168491CC160FFE70CE053
:10178000D878002802D0012801D005E004E07E4886
:10179000C168491CC160FFE7FFE7F3E0D878002883
:1017A0000CD158791979884202D21879401E1871E3
:1017B000F1220021981C02F0B5F824E018792728BE
:1017C00006D020D3292811D003D32A281BD01AE011
:1017D00019E0D878002802D0012801D005E004E003
:1017E0006948C168491CC160FFE70CE0D87800284F
:1017F00002D0012801D005E004E06348C168491C1B
:10180000C160FFE7FFE7BDE0D87800280CD1587928
:101810001979884202D21879401E1871F1220021EC
:10182000981C02F07FF841E018792F2804D03DD3AE
:10183000312829D012D339E0D878002802D00128E5
:1018400001D00AE009E05049C868002802D101200F
:10185000C86001E00020C860FFE727E0D8780028D2
:1018600002D0012801D00EE00DE04C48807A04F04F
:10187000ABFE454AD368C8214843834202D2D068B0
:10188000401CD060FFE711E0D878002802D0012882
:1018900001D00AE009E03C48C168404A926A91429E
:1018A00002DAC168491CC160FFE7FFE76AE0D87847
:1018B00000280CD158791979884202D21879401E33
:1018C0001871F1220021981C02F02CF859E01879C7
:1018D000332806D055D335282BD018D336283ED000
:1018E0004FE0D878002802D0012801D00EE00DE0AA
:1018F0002A48C07A04F068FE234AD368C8214843C6
:10190000834202D2D068401CD060FFE739E0D8782B
:10191000002802D0012801D00AE009E01A48C16875
:101920001E4A526B914202DAC168491CC160FFE74E
:1019300027E0D878002802D0012801D00EE00DE081
:101940001648C07A04F040FE0F4AD368502148433D
:10195000834202D2D068401CD060FFE711E0D87803
:10196000002802D0012801D00AE009E00648C16839
:101970000A4AD26B914202DAC168491CC160FFE792
:10198000FFE7FFE710BD0000D42B00208C0E0020E5
:1019900004090020A02A00202C2C00207C0000201C
:1019A00010B5DFF884349878002815D0022825D0A7
:1019B00013D304287DD02ED3062800F0F880C0F081
:1019C000B880082800F08280C0F02D810A2800F03D
:1019D000BB81C0F0648126E225E2DFF85004DFF825
:1019E0005014CA68825C521ECB68C254CA68825CBA
:1019F000302A02DA3922C968425414E218799979F6
:101A0000884202D21879401C1871F1220021981CDA
:101A100001F088FF07E2D87800280CD1187999796D
:101A2000884202D21879401C1871F1220021981CBA
:101A300001F078FF3CE018790E2802D00F2811D071
:101A400036E0D878002802D0012801D009E008E06B
:101A5000DFF8DC03C168012902DBC168491EC160EF
:101A6000FFE725E0D878002802D0012801D01FE048
:101A70001EE00A221000C0B2002818D0DFF8B433EC
:101A8000DFF8AC131000C0B253F82000CC68A042BD
:101A90000BD11000C0B2002807D01000C0B203EB79
:101AA000800050F8040CC86001E0521EE2E7FFE736
:101AB000B9E118799979884202D21879401C1871D5
:101AC000F1220021981C01F02DFFACE1D87800280C
:101AD0000CD118799979884202D21879401C187172
:101AE000F1220021981C01F01DFF21E018792C281B
:101AF00002D02D280ED01BE0D878002802D0012873
:101B000001D006E005E0DFF82803C168491EC16086
:101B1000FFE70DE0D878002802D0012801D006E0C8
:101B200005E0DFF80C03C168491EC160FFE7FFE76D
:101B300079E1D87800280CD118799979884202D2B5
:101B40001879401C1871F1220021981C01F0EAFE5E
:101B50002CE01879172806D028D3192815D003D3DC
:101B60001A2823D022E021E0D878002802D00128CA
:101B700001D009E008E0DFF8B802C168012902DB02
:101B8000C168491EC160FFE710E0D878002802D084
:101B9000012801D009E008E0DFF89402C1680129BA
:101BA00002DBC168491EC160FFE7FFE73BE1D8786F
:101BB00000280CD118799979884202D21879401CF2
:101BC0001871F1220021981C01F0ACFE2AE018796E
:101BD0001F2806D026D3212814D003D3222821D0B1
:101BE00020E01FE0D878002802D0012801D008E0CA
:101BF00007E08F48C168012902DBC168491EC16046
:101C0000FFE70FE0D878002802D0012801D008E0D3
:101C100007E08748C168012902DBC168491EC1602D
:101C2000FFE7FFE7FFE0D87800280CD11879997911
:101C3000884202D21879401C1871F1220021981CA8
:101C400001F070FE2AE01879272806D026D329282B
:101C500014D003D32A2821D020E01FE0D878002810
:101C600002D0012801D008E007E07148C1680129CD
:101C700002DBC168491EC160FFE70FE0D878002889
:101C800002D0012801D008E007E06948C1680129B5
:101C900002DBC168491EC160FFE7FFE7C3E0D878F7
:101CA00000280CD118799979884202D21879401C01
:101CB0001871F1220021981C01F034FE43E01879DC
:101CC0002F2804D03FD3312826D012D33BE0D87838
:101CD000002802D0012801D00AE009E05449C86870
:101CE000002802D10120C86001E00020C860FFE7A1
:101CF00029E0D878002802D0012801D00BE00AE0C2
:101D00004B48DFF86419C96AC268914202DAC168B7
:101D1000491EC160FFE716E0D878002802D00128EC
:101D200001D00FE00EE0DFF84009807A04F04CFCAF
:101D30003F4A00214843D168884202D2D068401E01
:101D4000D060FFE7FFE76EE0D87800280CD1187963
:101D50009979884202D21879401C1871F122002129
:101D6000981C01F0DFFD5DE01879332806D059D3C7
:101D700035282DD015D336283DD053E0D87800280B
:101D800002D0012801D00BE00AE02948DFF8D8187A
:101D9000896BC268914202DAC168491EC160FFE7DF
:101DA00040E0D878002802D0012801D00FE00EE0F2
:101DB000DFF8B408C07A04F007FC1D4A002148434C
:101DC000D168884202D2D068401ED060FFE729E087
:101DD000D878002802D0012801D00BE00AE014488E
:101DE000DFF88418096CC268914202DAC168491EA2
:101DF000C160FFE716E0D878002802D0012801D0A2
:101E00000FE00EE0DFF86008C07A04F0DDFB084A5E
:101E100000214843D168884202D2D068401ED06079
:101E2000FFE7FFE7FFE710BD1C2C002000000020AB
:101E3000D42B0020040900207FB5DFF83048A078BB
:101E400000281ED001281DD002281ED003281FD034
:101E5000042800F09080052800F0A880062800F0F3
:101E60004A81082800F0EC81092800F05C820A28E9
:101E700000F004830B2800F0E2830C2800F0E683D6
:101E8000F1E3F0E30020A070EDE30020A070EAE3AE
:101E900020790E2802D00F2836D06BE0E078002899
:101EA00002D0012816D02EE0A51CF12003900020BE
:101EB00002900C20019007200090072300220221AD
:101EC000280001F055FD0622290014F1080000F059
:101ED00055FE18E0A51C0622290014F1080000F0A8
:101EE0004DFEF1200390DFF8880702900F2001904B
:101EF0000E2000900E23E078421ED2B2032128006B
:101F000001F036FDFFE735E0E078002802D0012837
:101F100016D02EE0A51CF1200390002002900C208A
:101F2000019007200090072300220221280001F0E1
:101F30001FFD0622290014F1080000F01FFE18E022
:101F4000A51C0622290014F1080000F017FEF1205C
:101F50000390DFF8200702900F2001900E200090E0
:101F60000F23E078421ED2B20321280001F000FDC9
:101F7000FFE7FFE777E320791138012815D8A51C82
:101F8000F1200390002002900C2001900720009087
:101F9000082300220221280001F0EAFC0622290081
:101FA00014F1080000F0EAFDFFE75CE32079172850
:101FB00008D0C0F09F80192850D019D31A2800F0FB
:101FC000838097E0A51CF12003900020029012204E
:101FD000019011200090112300220421280001F01B
:101FE000C7FC0622290014F1080000F0C7FD81E0BB
:101FF000E078002802D0012816D02EE0A51CF120A0
:1020000003900020029012200190112000901123D3
:1020100000220421280001F0ABFC0622290014F163
:10202000080000F0ABFD18E0A51C0622290014F101
:10203000080000F0A3FDF1200390DFF83C060290B9
:102040001A200190172000901823E078421ED2B287
:102050000521280001F08CFCFFE74BE0E078002828
:1020600002D0012816D02EE0A51CF12003900020FC
:1020700002901220019011200090112300220421CF
:10208000280001F075FC0622290014F1080000F078
:1020900075FD18E0A51C0622290014F1080000F0C7
:1020A0006DFDF1200390DFF8D40502901A20019015
:1020B000172000901923E078421ED2B20521280093
:1020C00001F056FCFFE715E0A51CF120039000206D
:1020D000029012200190112000901123002204216F
:1020E000280001F045FC0622290014F1080000F048
:1020F00045FDFFE7B7E220791F2808D0C0F09F8098
:10210000212850D019D3222800F0838097E0A51C05
:10211000F1200390002002901220019011200090E5
:10212000122300220421280001F022FC06222900AB
:1021300014F1080000F022FD81E0E078002802D0D0
:10214000012816D02EE0A51CF1200390002002905B
:102150001220019011200090122300220421280057
:1021600001F006FC0622290014F1080000F006FD2B
:1021700018E0A51C0622290014F1080000F0FEFC5E
:10218000F1200390DFF8F8040290222001901F2034
:1021900000902023E078421ED2B20621280001F0F0
:1021A000E7FBFFE74BE0E078002802D0012816D0DB
:1021B0002EE0A51CF1200390002002901220019037
:1021C00011200090122300220421280001F0D0FBEE
:1021D0000622290014F1080000F0D0FC18E0A51C2C
:1021E0000622290014F1080000F0C8FCF120039039
:1021F000DFF890040290222001901F2000902123FC
:10220000E078421ED2B20621280001F0B1FBFFE7C0
:1022100015E0A51CF12003900020029012200190EF
:1022200011200090122300220421280001F0A0FBBD
:102230000622290014F1080000F0A0FCFFE712E2DA
:1022400020792C2802D02D2836D06BE0E0780028A9
:1022500002D0012816D02EE0A51CF120039000200A
:1022600002900C20019007200090092300220221F7
:10227000280001F07DFB0622290014F1080000F07F
:102280007DFC18E0A51C0622290014F1080000F0CE
:1022900075FCF1200390DFF8F00302902D200190EF
:1022A0002C2000902C23E078421ED2B20821280076
:1022B00001F05EFBFFE735E0E078002802D001285E
:1022C00016D02EE0A51CF1200390002002900C20D7
:1022D000019007200090092300220221280001F02C
:1022E00047FB0622290014F1080000F047FC18E023
:1022F000A51C0622290014F1080000F03FFCF12083
:102300000390DFF8880302902D2001902C2000908C
:102310002D23E078421ED2B20821280001F028FBCC
:10232000FFE7FFE79FE120792F2805D0C0F0A580C7
:1023300031286DD037D3A0E0E078002802D0012802
:1023400016D02FE0A51CF1200390002002900C2055
:102350000190072000900A2300220221280001F0AA
:1023600007FB0622290014F1080000F007FC19E021
:10237000A51C0622290014F1080000F0FFFBC44E42
:10238000F12003900296312001902F2000902F23FE
:10239000E078421ED2B20921280001F0E9FAB248E1
:1023A0000663FFE769E0E078002802D0012816D034
:1023B0002DE0A51CF1200390002002900C2001903C
:1023C000072000900A2300220221280001F0D0FA01
:1023D0000622290014F1080000F0D0FB17E0A51C2C
:1023E0000622290014F1080000F0C8FBF120039038
:1023F000A8480290312001902F2000903023E078EF
:10240000421ED2B20921280001F0B2FAFFE734E0FF
:10241000E078002802D0012816D02DE0A51CF1207C
:102420000390002002900C200190072000900A23C6
:1024300000220221280001F09BFA0622290014F153
:10244000080000F09BFB17E0A51C0622290014F1F0
:10245000080000F093FBF12003908F480290312098
:1024600001902F2000903123E078421ED2B2092142
:10247000280001F07DFAFFE7FFE7F4E02079332838
:1024800008D0C0F0DB8035286ED038D3362800F075
:10249000A080D3E0E078002802D0012816D02DE0FB
:1024A000A51CF1200390002002900C200190072031
:1024B00000900B2300220221280001F059FA062285
:1024C000290014F1080000F059FB17E0A51C0622B2
:1024D000290014F1080000F051FBF12003906F482F
:1024E000029036200190332000903323E078421E82
:1024F000D2B20A21280001F03BFAFFE79EE0E07823
:10250000002802D0012816D02DE0A51CF120039050
:10251000002002900C200190072000900B23002245
:102520000221280001F024FA0622290014F10800F3
:1025300000F024FB17E0A51C0622290014F1080076
:1025400000F01CFBF12003905548029036200190CA
:10255000332000903423E078421ED2B20A212800B2
:1025600001F006FAFFE769E0E078002802D00128D0
:1025700016D02DE0A51CF1200390002002900C2025
:102580000190072000900B2300220221280001F077
:10259000EFF90622290014F1080000F0EFFA17E025
:1025A000A51C0622290014F1080000F0E7FAF1202A
:1025B00003903C4802903620019033200090352350
:1025C000E078421ED2B20A21280001F0D1F9FFE7DB
:1025D00034E0E078002802D0012816D02DE0A51CB8
:1025E000F1200390002002900C2001900720009021
:1025F0000B2300220221280001F0BAF9062229004B
:1026000014F1080000F0BAFA17E0A51C0622290010
:1026100014F1080000F0B2FAF12003902248029071
:1026200036200190332000903623E078421ED2B24B
:102630000A21280001F09CF9FFE7FFE713E00622DA
:1026400014F10801A01C00F099FA0CE0064D28785E
:10265000022807D0062214F10801A01C00F08EFA0F
:1026600000202870FFE77FBD7C0000201C2C00208C
:102670007D00002080000020CC000020D000002041
:10268000E0000020E40000209C000020A0000020CA
:10269000542C0020A4000020A8000020B00000203E
:1026A000B4000020B8000020BC000020F8B40300F3
:1026B00000250868E840002800F0D78001260F6850
:1026C00016FA05F007403A00002A00F0CC8008799D
:1026D00010F00300012804D0087910F0030002284C
:1026E0001DD19F685FF0030C2800C0B240001CFAA7
:1026F00000FC37EA0C07D1F80CC02800C0B240003B
:102700001CFA00FC5CEA07079F605868AE40B043C3
:102710004E68C6F30016AE40304304005C60087992
:1027200010F0030003280ED0DE6803272800C0B293
:1027300040008740BE438F682800C0B240008740F9
:102740003E433400DC60087910F00300022818D101
:102750002800C00803EB8000066A0F2715F0070069
:10276000C0B280008740BE430F6915F00700C0B2B9
:10277000800087403E4334002800C00803EB8000FF
:1027800004621E6803272800C0B240008740BE4391
:102790000F7917F003072800C0B2400087403E437E
:1027A00034001C60486810F4403F5CD095480668CF
:1027B00056F001060660006810F0010000900098D5
:1027C000914F2800800857F820605FF00F0C15F03B
:1027D0000300C0B280001CFA00FC36EA0C06B3F11C
:1027E000904F01D1002414E08848834201D1012494
:1027F0000FE08748834201D102240AE085488342E2
:1028000001D1032405E08448834201D1042400E07F
:10281000072415F00300C0B280008440264328003E
:10282000800847F820607D4C206890434F68FF0285
:1028300000D5104320607A4E346894434F68BF023D
:1028400000D514433460774E306890434F68BF031F
:1028500000D510433060744E346894434F68FF03D2
:1028600000D5144334606D1C23E7F1BC70472DE99B
:10287000F041030000250800E840002800F0A8808F
:10288000012616FA05F008400200002A00F09E809A
:10289000DFF874C1280080085CF820000F2715F0CD
:1028A000030E5FFA8EFE5FEA8E0E17FA0EFE1EEA28
:1028B00000000400B3F1904F02D15FF0000E19E068
:1028C0005248834202D15FF0010E13E05048834228
:1028D00002D15FF0020E0DE04E48834202D15FF05C
:1028E000030E07E04C48834202D15FF0040E01E082
:1028F0005FF0070E15F00300C0B280001EFA00FE64
:1029000074452CD14848D0F800E03EEA020EC0F8E9
:1029100000E04448D0F800E03EEA020EC0F800E0D3
:102920003F48D0F800E03EEA020EC0F800E03B4825
:10293000D0F800E03EEA020EC0F800E015F0030017
:10294000C0B2800017FA00F00400280080085CF88C
:102950002000A043AE465FEA9E0E4CF82E005FF0CA
:10296000030C1868AE465FFA8EFE5FEA4E0E1CFA44
:102970000EFE5EEA000018602800C00803EB800E1F
:102980002800C00803EB8000D0F8208015F0070075
:10299000C0B28000874038EA0707CEF820709868F8
:1029A0002F00FFB27F001CFA07F7B8439860586801
:1029B000AE4030EA06065E60DE682800C0B2400025
:1029C0001CFA00FC36EA0C0CC3F80CC06D1C52E774
:1029D000BDE8F081020010690B009BB2184201D0E3
:1029E000012000E00020C0B270471300DBB2002BD2
:1029F00003D00B009BB2836102E00B009BB28362A9
:102A000070470000601002400800014000040048C8
:102A100000080048000C004800100048080401406D
:102A20000C040140040401400004014038B50400D6
:102A30000D00DFF8FC010168200000F006F8A84254
:102A400001D3012000E0002032BD814204D25FF0BA
:102A5000FF32101A081800E0081A704738B52DED3B
:102A6000048B08EE100A0C001500DFED438A2800E5
:102A7000C0B2FB2810DBB8EEC89A2800C0B24042B2
:102A8000C0B200F08BF829EE009A00212000B0EED1
:102A9000490A00F0B1F80EE0B8EEC89A2800C0B2BA
:102AA00000F07CF889EE009A2900C9B22000B0EE4F
:102AB000490A00F0A1F8BDEC048B31BD10B400212F
:102AC0000A00838892B29A4206D2002203680C0060
:102AD000A4B21A55491CF3E70022828010BC70474B
:102AE00010B4040013005A1E9BB2002B02D02170B8
:102AF000641CF7E710BC704770B504000D001600A9
:102B0000DFF8240100782100C9B2884209D3DFF838
:102B100024211068002804D0310089B228001268EE
:102B2000904770BD38B504000D00280003F052FF37
:102B3000020092B229002000C0B2FFF7DDFF31BDD4
:102B400070B504000D00280003F044FF020092B2AB
:102B500029002000C0B2FFF7CFFFDFF8DC6030684B
:102B6000002807D0280003F035FF010089B22800B3
:102B70003268904770BD00000000000030B40400CF
:102B80000D0013005A1E9BB2002B04D02B7823702B
:102B90006D1C641CF5E730BC7047000010B50400E4
:102BA0002000C0B2FB2816DB2000C0B2D0F5807038
:102BB00003F048FF41EC110B9FED200B03F05BFF8E
:102BC00053EC102B0020194903F05EFF04F080F84D
:102BD00000EE100A0FE02000C0B204F0ADF841ECA6
:102BE000110B9FED160B03F046FF51EC100B04F098
:102BF0006FF800EE100A10BD38B52DED028B82B0D3
:102C0000B0EE408A04000D0018EE100A04F0A2F89D
:102C1000CDE900012A000B49200004F0BFF802B002
:102C2000BDEC028B31BD0000900E00200000F03F93
:102C3000A82C0020B02C0020AC2C002000000000AC
:102C4000000024403413010880B500224FF40071C5
:102C5000DFF86C0CFFF7C9FE00224FF400715FF043
:102C60009040FFF7C2FE04F0B9F8DFF8AC0CDFF8D3
:102C7000AC1C0163DFF8A81C421CC1F85821021DDE
:102C8000C1F8702110F114020A62027A81F825203D
:102C900010F11C028A63427A81F83D2010F1200273
:102CA000C1F82824027A81F82D2410F12402C1F8F9
:102CB0004024427A81F8452410F12802C1F8882482
:102CC000827A81F88D2410F12C02C1F8A024827A36
:102CD00081F8A52410F13402C1F8D024C27A81F819
:102CE000D52410F13802C1F8E824C27A81F8ED2425
:102CF00010F13C02C1F80025C27A81F8052510F1D7
:102D00004002C1F81825C27A81F81D25DFF85C2C35
:102D10001268C1F86025DFF8042D1268C1F890250B
:102D200010F14402C1F8E821027A81F8ED2110F196
:102D30004802C1F80022027A81F8052210F14C0203
:102D4000C1F81822027A81F81D2210F15002C1F850
:102D50004822027A81F84D2210F15402C1F8602213
:102D6000027A81F8652210F15802C1F8A822027A8D
:102D700081F8AD2210F15C02C1F8C022027A81F81C
:102D8000C52210F16002C1F8D822027A81F8DD2252
:102D900010F16402C1F80823027A81F80D2310F1C2
:102DA0006802C1F82023027A81F8252310F16C0211
:102DB000C1F86823027A81F86D2310F17002C1F81E
:102DC0008023027A81F8852310F17402C1F89823D8
:102DD000027A81F89D2310F17802C1F8C823027AA3
:102DE00081F8CD2310F17C02C1F8E023007A81F84C
:102DF000E50301BD38B5002000242000C0B207283B
:102E000035DADFF8785C2000C0B200012844407851
:102E100001282AD12000C0B20001284440680028BF
:102E20000ED004F033F82100C9B2090129444968E1
:102E3000401A2100C9B2090129448968884214D383
:102E400000202100C9B209012944487004F01EF88D
:102E50002100C9B20901294448602000C0B2210004
:102E6000C9B209012944C9688847641CC5E7002024
:102E700032BD38B50400DFF8085C687800281FD13F
:102E800000224FF40071DFF8380AFFF7AEFD002290
:102E90004FF400715FF09040FFF7A7FD03F09EFF35
:102EA00089200090202307220521DFF8D80B03F0AA
:102EB000F3FF012068700221DFF8C00B04F034F941
:102EC000012032BD7CB50400DFF8BC5B2878002807
:102ED00003D0022823D003D33DE004F04FF93AE0B9
:102EE00004F0C2F989200090202307220521DFF891
:102EF000940B03F0D1FFDFF8942B03212C2004F076
:102F0000E5F8DFF88C2B0421082004F0DFF804F04A
:102F100008FA41F28830DFF8641B88611BE0012069
:102F2000DFF85C1B487089200090202307220521D0
:102F3000DFF8500B03F0B0FFDFF8406B02213000E8
:102F400004F0F2F80321300004F0EEF80421300020
:102F500004F0EAF8FFE72878401C28702100C9B285
:102F6000DFF8180B04F0EFF8012076BD70B504000F
:102F700000F0BCF8DFF8085B6878012803D1A87876
:102F800000F0A0FC04E00021DFF8F00A04F0CCF827
:102F9000DFF8080BA9780278914207D0A978017070
:102FA000DFF8FC0A0068DFF8FC1A0860A8780D2832
:102FB00012D1DFF8F06A4FF4FA613068FFF736FD9E
:102FC000012809D1DFF8D80A00683060062215F11F
:102FD0000801A81CFFF7D2FD2100C9B2DFF89C0A46
:102FE00004F0B1F8012070BD10B50400DFF8B81A84
:102FF000DFF8B80A0069FFF719FD012827D1DFF8CB
:10300000B00A0178012905D1002101700020DFF804
:10301000701A8870DFF89C0A0188491C018042F20E
:103020001071DFF8582A2300DBB21B011A449268A2
:10303000B1FBF2F102888A420DD300210180DFF852
:10304000401A8878002806D00020887003E001200C
:10305000DFF85C1A08702100C9B2DFF8200A04F01A
:1030600072F8012010BD38B50400FDF7A8F8DFF8AC
:103070003C5A287A012808D10521DFF8000A04F01B
:1030800053F8DFF81C0A006828612100C9B2DFF894
:10309000EC0904F058F8012032BD10B50400FDF72A
:1030A00075F8DFF8080A0021017000210172012083
:1030B00010BD10B5040000224FF40051DFF80008E5
:1030C000FFF793FC012010BD10B5040001224FF45E
:1030D0000051DFF8EC07FFF788FCDFF8A0092100BA
:1030E00089B28166062104F02EF810BD70B5DFF8B4
:1030F0002848DFF8C409216B097850F82100DFF86F
:103100002018C1F87004DFF8B40901786170DFF8A5
:10311000B019407851F820006060207A03F054FA2A
:1031200000EE100ADFF89C59B8EE400AD5ED020A0D
:1031300020EE200ABDEEC00A84ED030A607A03F097
:1031400043FA00EE100AB8EE400AD5ED040A20EE6C
:10315000200ABDEEC00A84ED040A207A03F034FA96
:1031600000EE100AB8EE400AD5ED050A20EE200A5E
:10317000BDEEC00A84ED050A207A03F025FA00EEC0
:10318000100AB8EE400AD5ED060A20EE200ABDEE80
:10319000C00A84ED060A607A03F016FA00EE100AFF
:1031A000B8EE400AD5ED080A20EE200ABDEEC00AAE
:1031B00084ED070A207A03F007FA00EE100AB8EE51
:1031C000400AD5ED090A20EE200ABDEEC00A84EDC2
:1031D000080A607A03F0F8F900EE100AB8EE400A27
:1031E000D5ED0A0A20EE200ABDEEC00A84ED090AD8
:1031F000A07A03F0E9F900EE100ADFF82067B8EED4
:10320000400AD6ED020A20EE200ABDEEC00A84ED87
:103210000A0AA07A03F0D8F900EE100AB8EE400AC4
:10322000D6ED010A20EE200ABDEEC00A84ED0B0A9D
:10323000E07A03F0C9F900EE100ADFF88C68B8EE06
:10324000400AD6ED000A20EE200ABDEEC00A84ED49
:103250000D0AE07A03F0B8F900EE100AB8EE400A61
:10326000D6ED010A20EE200ABDEEC00A84ED0E0A5A
:10327000E07A03F0A9F900EE100AB8EE400AD6EDA4
:10328000020A20EE200ABDEEC00A84ED0F0AE07AA1
:1032900003F09AF900EE100AB8EE400AD6ED030AE0
:1032A00020EE200ABDEEC00A84ED100A207A03F059
:1032B0008BF900EE100AB8EE400AD5ED010A20EEB7
:1032C000200ABDEEC00A84ED110A207A03F07CF9D1
:1032D00000EE100AB8EE400AD5ED0B0A20EE200AE7
:1032E000BDEEC00A84ED120A207A03F06DF900EEFB
:1032F000100AB8EE400AD5ED0C0A20EE200ABDEE09
:10330000C00A84ED130A207A03F05EF900EE100A79
:10331000DFF8B867B8EE400AD6ED000A20EE200AC2
:10332000BDEEC00A84ED140A207A03F04DF900EED8
:10333000100AB8EE400AD6ED020A20EE200ABDEED1
:10334000C00A84ED150A207A03F03EF900EE100A57
:10335000B8EE400AD5ED020A20EE200ABDEEC00A02
:1033600084ED160A207A03F02FF900EE100AB8EE69
:10337000400AD5ED0D0A20EE200ABDEEC00A84ED0C
:10338000170A207A03F020F900EE100AB8EE400A7E
:10339000D5ED0E0A20EE200ABDEEC00A84ED180A13
:1033A000207A03F011F900EE100AB8EE400AD6EDCB
:1033B000040A20EE200ABDEEC00A84ED190A207A24
:1033C00003F002F900EE100AB8EE400AD6ED060A44
:1033D00020EE200ABDEEC00A84ED1A0A207A03F01E
:1033E000F3F800EE100AB8EE400AD5ED030A20EE1D
:1033F000200ABDEEC00A84ED1B0A207A03F0E4F82F
:1034000000EE100AB8EE400AD5ED0F0A20EE200AB1
:10341000BDEEC00A84ED1C0A207A03F0D5F800EE58
:10342000100AB8EE400AD5ED100A20EE200ABDEED3
:10343000C00A84ED1D0A207A03F0C6F800EE100AD7
:10344000B8EE400AD6ED080A20EE200ABDEEC00A0A
:1034500084ED1E0A207A03F0B7F800EE100AB8EEE9
:10346000400AD6ED0A0A20EE200ABDEEC00A84ED1D
:103470001F0A70BD2DE9F84F8AB0060020210022F6
:1034800002AC200003F0BAFF0024002500208DF8D4
:10349000050000208DF806001827DFF8848430002E
:1034A000C0B27843404490F815903000C0B27843E1
:1034B00040444068002842D001213000C0B200F0F2
:1034C000A9F900280ED13000C0B2784340444268C8
:1034D0003000C0B278434044017D4846C0B203F09A
:1034E000F5FD1EE05FF0000A3000C0B278434044B2
:1034F000406803F06FFA5146C9B2814207D22020DA
:1035000002A95246D2B288541AF1010AECE702AA83
:103510003000C0B278434044017D4846C0B203F059
:10352000D5FD3000C0B278434044406803F052FA01
:10353000DFF89C150979491C484310FA89F93000D5
:10354000C0B2784340448068002800F03A813000DF
:10355000C0B278434044007B00280BD002281ED024
:1035600012D3042830D024D3062845D036D30728D8
:103570003ED044E03000C0B27843404480680078D8
:10358000002104000D003AE03000C0B2784340440E
:10359000806890F90000C11704000D002FE0300092
:1035A000C0B27843404480680088002104000D00C8
:1035B00025E03000C0B2784340448068B0F9000094
:1035C000C11704000D001AE03000C0B27843404437
:1035D00080680068002104000D0010E03000C0B2D7
:1035E0007843404480680068C11704000D0006E07D
:1035F00001208DF8050002E002208DF805009DF8FD
:10360000050000280CD13000C0B278434044407B14
:1036100040420200D2B202A92000FFF71FFA26E0C2
:103620009DF8050001281AD13000C0B2784340440B
:10363000806803F0CFF9202819D23000C0B2784357
:103640004044806803F0C6F9020092B23000C0B274
:1036500078434044816802A8FFF790FA07E0300001
:10366000C0B278434044806800788DF80800022199
:103670003000C0B200F0CEF8012823D13000C0B233
:1036800078434044807DC0B200098DF806009DF863
:1036900006000F2805D0202002A99DF80620885496
:1036A00010E05FF0000A02A803F094F95146C9B295
:1036B000814207D2202002A95246D2B288541AF180
:1036C000010AF0E73000C0B201285ED15FF0000AC5
:1036D00000208DF804003000C0B278434044407BA5
:1036E000002802D009208DF80400392000902E23F4
:1036F00015220F21DFF8DC0303F0B4FE02A803F06B
:1037000069F98346DFF8C8030079401C00FB0BFB16
:103710005846C0B2022190FBF1F01F280BDA584640
:10372000C0B2022190FBF1F0D0F140009DF80410EE
:1037300050FA81FA07E05846C0B2D0F15F009DF818
:10374000041050FA81FA02AA3000C0B27843404413
:10375000007D401CC0B2DFF878134979D1EBC0017D
:10376000491EC9B25046C0B204F026F85AFA8BF08E
:103770009DF80490B0EB09098920009020230722CE
:103780000521C04803F088FB1BE08920009020231E
:1037900007220521BB4803F07FFB02AA3000C0B21C
:1037A00078434044017D4846C0B203F08FFC02A834
:1037B00003F010F9C6490979491C484310FA89F009
:1037C00081463000C0B278434044006900281ED0D2
:1037D0003000C0B2784340448068002817D03000E1
:1037E000C0B2784340448068BB4988420FD0300063
:1037F000C0B27843404402693000C0B207FB00F712
:1038000008EB0700017D4846C0B203F05FFC0BB037
:10381000BDE8F08FF8B504000D0041492200D2B296
:103820001820424301EB0200817D2800C0B2014014
:103830002800C0B281422FD1F826A84F4FF49671CC
:103840002800C0B2704338442200D2B250F822009F
:10385000FFF7ECF801282AD12800C0B206FB00F6D9
:1038600007EB06002100C9B28D4A126840F82120FA
:103870003E209B492A00D2B242430A442300DBB2D5
:103880002E00F6B200FB06F008442100C9B2405CED
:10389000D0F10100D0540AE091492A00D2B23E2072
:1038A000424301EB02002100C9B2002242548C497C
:1038B000EDB23E20454301EB0500E4B2005DF2BDF0
:1038C0000008004870B50400002603F0CDFC00F0AD
:1038D00081F82000C0B200F087F82000C0B200F0EC
:1038E0009FF80025280080B23E2811DA0C492A00F2
:1038F00092B21820424301EB0200C07D2100C9B200
:10390000884203D12800C0B2FFF7B4FD6D1CE9E77F
:1039100003F007FD70BD00007C000020542C002047
:1039200060010020F0B44271C47803792500EDB243
:10393000AB420AD3F0256B4E2700FFB218235F433A
:1039400006EB07039D75641CEFE71823654C85782B
:103950005D4325444679AE75002904D0857803FB84
:1039600005F323449960F0BC70470000C8070020AD
:103970002DE9F84F0700884691469A460A9E0B9D0E
:10398000DDF830B00D9C87F8008087F8019087F84B
:1039900002A0FE703D712200D2B259463800FFF7F6
:1039A000C1FFBDE8F18F10B4010000221000C0B2C9
:1039B00004280CD21000C0B2085C4B4B1400E4B2D7
:1039C0001B5D984201D0002002E0521CEEE701206E
:1039D00010BC704780B50120009008237F22082189
:1039E000002003F06DFF01BD10B504002000C0B23F
:1039F000002812D133480078002807D125A2394881
:103A000090F84410782003F061FB06E022A23548CC
:103A100090F84410782003F059FB10BDFC00002002
:103A20000100C9B20C2924D130490978002906D0F7
:103A300002290ED008D3042915D00FD318E02C4941
:103A4000284AC2F8A81518E02A49264AC2F8A8153B
:103A500013E02949234AC2F8A8150EE02749214A54
:103A6000C2F8A81509E026491E4AC2F8A81504E0C4
:103A700003E01F491B4AC2F8A81570470C0000203C
:103A80001C2C0020F0040108C72C00203410010871
:103A9000B80B0108200000004E000000C82C0020D8
:103AA000A82C0020842C002080EE3600D42B00208F
:103AB000C92C0020BA2C0020580100208C0E0020B8
:103AC00004090020A02A00202C2C0020E82A002035
:103AD0003C2C0020C80201088E0E0020441B002050
:103AE0002C24002060010020040100207C00002024
:103AF00008010020180100202801002038010020C2
:103B00004801002010B504000121DFF8700B03F01C
:103B10001AFB012010BD30B587B00400142100222B
:103B200002AD280003F06AFCDFF8940AD0E9002314
:103B3000CDE9002302A80090DFF8885A297868466A
:103B400000F01BFA28786870BDF80410009800F0A7
:103B50006EFDDFF82C0B8078002809D12878022828
:103B600003DA2878401C287001E00020287008E063
:103B70002878052803DA2878401C287001E0002006
:103B80002870DFF8F85A0221280003F0CDFA03214B
:103B9000280003F0D8FA2100C9B2280003F0D3FAB4
:103BA000012007B030BD10B50400DFF8D81A8888AE
:103BB000002810D0DFF8D00A02888B889A4208D1FA
:103BC000002101800321DFF8B40A03F0ADFA0120DF
:103BD00008E0898801802100C9B2DFF8A00A03F05B
:103BE000B2FA012010BD2DE9F041040000250026A5
:103BF000DFF8907AB88803283DDB3868B988084434
:103C000010F8010C3968BA88114411F8021C51EA05
:103C100000210E00B988891E386803F0EBFE05000C
:103C20002800310080B289B288421DD10721DFF817
:103C30004C0A03F088FA3868007802280DD1DFF8C2
:103C40008489012198F8010000F0B0F998F801206A
:103C5000D7E9000100F09AF913E00021DFF86409C8
:103C6000407800F0A3F90CE00021DFF85809407813
:103C700000F09CF905E00021DFF84809407800F0E9
:103C800095F9DFF84009407800F0EEF80221DFF8FE
:103C9000EC0903F06AFA0120BDE8F0810100DFF8C9
:103CA000900B0278032A01D0042202700120704791
:103CB00001000120704710B50400DFF8080A017800
:103CC000012936D1DFF8001AC978012931D1DFF88E
:103CD000FC1991ED060AD0ED020AB4EE600AF1EE8D
:103CE00010FA08DA91ED060AD0ED010AB4EE600A86
:103CF000F1EE10FA0ED501224FF400615FF0904012
:103D0000FEF773FE01224FF480515FF09040FEF702
:103D10006CFE1CE000224FF400615FF09040FEF763
:103D200064FE00224FF480515FF09040FEF75DFE8C
:103D30000DE000224FF400615FF09040FEF755FE69
:103D400000224FF480515FF09040FEF74EFEDFF806
:103D50002C094FF47A7181662100C9B203F0F3F99E
:103D6000012010BD38B50400DFF8201A08780028BB
:103D70001FD101200870DFF8185A012210212800F5
:103D8000FEF733FE002208212800FEF72EFE002257
:103D90000421DFF8000AFEF728FE4FF4FA60DFF88E
:103DA000DC18886704F008F804F0B1F904F0A0F911
:103DB00012E00020087001220821DFF8D409FEF784
:103DC00014FE01220421DFF8CC09FEF70EFE4EF6A8
:103DD0006020DFF8A81888672100C9B2DFF89C08C6
:103DE00003F0B1F9012032BD10B50400DFF8DC1892
:103DF0000878002803D1002081F844001AE0DFF899
:103E000080088278052A0ED082780C2A02D1027AA4
:103E1000052A08D08278062A05D082780C2A06D195
:103E2000007A062803D1032081F8440002E0022032
:103E300081F84400DFF89008C078012806D10120FD
:103E400081F84500012081F8460005E0002081F856
:103E50004500002081F846002100C9B2DFF81C08A7
:103E600003F071F9012010BD38B52DED028B04006F
:103E70009FED9B8A2000C0B200285CD1DFF84C582F
:103E800095ED010ADFED970A20EE200ABDEEC00A8B
:103E900010EE100A00F062FA85ED010A95ED010AB4
:103EA00000F0CAFA85ED050A95ED040A00F024FB3E
:103EB00085ED080AA868A86195ED080AD5ED0A0AFB
:103EC00030EE200ADFF83C0AD0ED020AF4EE400A98
:103ED000F1EE10FA02D5D0ED020A0BE0D0ED030AA4
:103EE000B4EE600AF1EE10FA02D5D0ED030A01E05B
:103EF000F0EE400AC5ED080AD5ED050A95ED091A60
:103F000030EE818AD0ED000AF4EE480AF1EE10FAA4
:103F100002D590ED000A0BE090ED010AB4EE408A64
:103F2000F1EE10FA02D590ED010A01E0B0EE480A78
:103F300085ED050AFFE7DFF894572878002807D1B8
:103F40000020686095ED010A00F076FA85ED050A1B
:103F50002878002803D10020A8610020A8612878D3
:103F6000002807D10020286195ED040A00F0C4FA6A
:103F700085ED080ABDEC028B31BD38B504000D009B
:103F80002900C9B2200000F01BF831BD70B5040053
:103F90000D00160020000078C0B2022805D13200C2
:103FA000D2B22000290000F09FF870BD38B504009F
:103FB0000D002900C9B22000C0B200F03EF931BDA9
:103FC0003EB504000D002800C0B200280CD0022825
:103FD0001ED013D304282FD024D3062840D035D3A5
:103FE000082867D051D37AE0062000904FF4205380
:103FF00003220221200003F01BFD70E0042000904A
:104000004FF4185303220221200003F011FD66E053
:10401000022000904FF4105303220221200003F0ED
:1040200007FD5CE0042000904FF458530322022166
:10403000200003F0FDFC52E0042000904FF4885370
:1040400003220221200003F0F3FC48E0042000904A
:104050004FF4545303220221200003F0E9FC3EE018
:10406000DFF8CC0B818808290ED101680191808886
:10407000022190FBF1F080B200904FF458531022CF
:104080000221200003F022FD29E0DFF8A40B818843
:1040900008290ED1016801918088022190FBF1F07E
:1040A00080B200904FF4885310220221200003F0C8
:1040B0000DFD14E0DFF8780B818808290ED1016826
:1040C00001918088022190FBF1F080B200904FF4C2
:1040D000545310220221200003F0F8FCFFE737BD03
:1040E000000000000000C8422DE9F84304000D0064
:1040F00016000020ADF8000000273000C0B20028F4
:104100000FD0022831D01BD3042859D03CD3062825
:1041100000F08E8070D3082800F08A80C0F088807C
:1041200089E00320ADF8000004226946200000F079
:104130004BFA0700DFF8D419380002F061FB7AE08F
:104140000320ADF8000004226946200000F03CFA8C
:10415000804604226946200000F036FA0700DFF8A6
:10416000B019380002F04CFB65E00320ADF8000008
:1041700004226946200000F027FA0700DFF89419AE
:10418000380002F03DFB56E00320ADF800000422A9
:104190006946200000F018FA8046DFF8309519F1E2
:1041A0002C01404602F02CFB04226946200000F05E
:1041B0000BFA070019F13001380002F021FB3AE058
:1041C0000320ADF8000004226946200000F0FCF94D
:1041D0008046DFF8F89419F13401404602F010FBF4
:1041E00004226946200000F0EFF9070019F13801B8
:1041F000380002F005FB1EE00320ADF800000422A9
:104200006946200000F0E0F98046DFF8C09419F11B
:104210003C01404602F0F4FA04226946200000F016
:10422000D3F9070019F14001380002F0E9FA02E081
:1042300000F063F9FFE7BDE8F1830200D2B2002A83
:10424000082A1BD80A00D2B2012A0ED1DFF87C243A
:1042500000235370012313700200D2B2002A0CD144
:104260000122DFF86434DA7007E0DFF86024537865
:10427000032B02DA53785B1C5370FFE7DFF84C34F2
:104280005A78002A1CD05A78032A19DB00221A70A7
:1042900000225A6000229A600022DA6000221A612D
:1042A0000022DA6200221A6300225A6300229A6313
:1042B0000022DA6300221A640022DFF80C34DA707C
:1042C00070472DE9F04100242500EDB20A2D43DAB4
:1042D00000252E00F6B2092E3CDA2E00F6B201EBD4
:1042E000860676682F00FFB251F82770BE422FDA9B
:1042F00000262F00FFB251F82770AC465FFA8CFC05
:1043000001EB8C0CDCF804C0AE465FFA8EFE41F87F
:104310002EC0AC465FFA8CFC01EB8C0CCCF8047020
:10432000AC465FFA8CFC50F82CC0AE465FFA8EFEAD
:1043300000EB8E0EDEF804E0A8465FFA88F840F83D
:1043400028E0AE465FFA8EFE00EB8E0ECEF804C07B
:104350006D1CBEE7641CB7E7BDE8F08138B52DEDF4
:10436000028B04009FED738ADFF8C81808780028D4
:104370002AD10120087000210800C0B20A2815DAED
:104380000800C0B2DFF8B0280B00DBB242F823000F
:10439000DFF8A8280800C0B252F82000002803D196
:1043A0000800C0B242F82040491CE5E7DFF88C580D
:1043B000092300222900DFF88008FFF782FF95ED2E
:1043C000050AB8EEC00A30E000200100C9B20A298F
:1043D0001EDADFF864180200D2B251F82220092A4E
:1043E0000BD100220300DBB241F82320DFF84C1888
:1043F0000200D2B241F8224008E00200D2B251F8E5
:104400002220521C0300DBB241F82320401CDCE7D1
:10441000DFF82858092300222900DFF81C08FFF7DD
:1044200050FF95ED050AB8EEC00ADFED910A80EE67
:10443000200ABDEC028B31BDF0EE400A9FED5E1A02
:104440009FED5E3ADFED3B3AF5EE400AF1EE10FAF1
:1044500040D0F0EE603A9FED870ADFF8000C90ED57
:10446000004A34EE634AB4EE404AF1EE10FA08DA3C
:1044700090ED004A33EEC44AB4EE404AF1EE10FA31
:1044800003DB9FED7D0A21EE001ADFF8B40790ED03
:10449000000AF0EE401ADFF8AC1791ED000A30EE9A
:1044A000010AB0EE402A32EE030A82EE000AF0EE74
:1044B000402A33EEE10AB0EE614A00EE224A80ED76
:1044C000004AB7EE000A30EE620A20EE020A81EDE1
:1044D000000A08E0DFF86C075FF07E510160DFF84A
:1044E000600700210160DFF85807DFF8701B0268E1
:1044F0000A6090ED000A7047704780B50320DFF82E
:104500003013087004215D4802F02FFE3220FEF7C0
:10451000DBFD01BD80B5DFF8300700782949087060
:104520000220DFF80C1308700421544802F00BFE3F
:1045300001BD000000000000F8B52DED028B040065
:10454000F0EE408AB0EE608A0025DFF8E4663000C5
:10455000FEF7B4FAB0EE680A02F02AFA07003068F3
:1045600007703800000A316848703800000C316864
:1045700088703800000E3168C870B0EE480A02F04A
:1045800017FA316808710100090A32685171010097
:10459000090C326891710100090E3268D17108214D
:1045A000B180DFF8A4160C700121DFF8A02611708D
:1045B000BDEC028BF1BD000095BFD63317B7D138E3
:1045C000EC120108C22C0020F0B4030000200C887B
:1045D0001500EDB2042D16D12500ADB21D44EE78C4
:1045E0002500ADB21D44AD7855EA06252600B6B2C9
:1045F0001E4476782700BFB2DF5D57EA062757EAE8
:10460000054738000DE01500EDB2022D09D1250057
:10461000ADB25D5D2600B6B21E44767856EA052638
:1046200030000D8855FA82F50D80F0BC704770B5EA
:1046300004000D00DFF8286A01224FF48051300099
:10464000FEF7D3F90A2003F085FD03F049FD4FF48E
:104650007A732A0092B22100DFF85C0D03F0CBFDE3
:1046600000224FF480513000FEF7BFF970BD00000A
:104670000000C842CDCC4C3E00007A4478090020AE
:104680001C2C00203C0E0020C02C0020F4EE601AF0
:10469000F1EE10FA05D15FF07E52026000220A604E
:1046A0000FE031EE402A71EEE02A82EE222A80ED00
:1046B000002A90ED002AF0EE402A42EE602AC1ED79
:1046C000002A7047542C0020942C0020A02A00209F
:1046D0002DE9F0412DED028B8EB0F0EE408AB0EE68
:1046E000608A322100226C46200002F087FE0027FB
:1046F00000240025DFF86C89C8ED098A88ED0A8A54
:1047000098ED090A02F054F9060098ED0A0A02F041
:104710004FF9804668463100090E3A00D2B2815402
:104720007F1C3100090C3A00D2B281547F1C310049
:10473000090A3A00D2B281547F1C3900C9B24654EA
:104740007F1C4146090E3A00D2B281547F1C41467B
:10475000090C3A00D2B281547F1C4146090A3A0042
:10476000D2B281547F1C3900C9B200F801807F1C8D
:104770003A00D2B292B26946DFF8EC0804F058FD74
:104780000EB0BDEC028BBDE8F0810000CF2C002004
:1047900000040048000C004870B500240025DFF834
:1047A000C8080078C0B2FF283AD0DFF8C008017806
:1047B000C9B20906DFF8B8080078C0B251EA004172
:1047C000DFF8940B0078C0B251EA0021DFF88C0BBF
:1047D0000078C0B201430C00DFF8840B0178C9B245
:1047E0000906DFF8800B0078C0B251EA0041DFF81B
:1047F000780B0078C0B251EA0021DFF8C00B0078D6
:10480000C0B201430D00DFF85C6816F124012000FE
:1048100001F0F6FF16F12801280001F0F1FF05E094
:10482000DFF84008002141620021816270BD000074
:104830007C0000202DE9F0472DED028B8EB00400A6
:10484000F0EE408AB0EE608A322100226D462800E8
:1048500002F0D4FD002500260027DFF864AB8AF8BB
:1048600000408AED028ACAED018A9AED020A02F03E
:104870009FF880469AED010A02F09AF88146684650
:104880009AF800102A00D2B281546D1C4146090EDC
:104890002A00D2B281546D1C4146090C2A00D2B2C2
:1048A00081546D1C4146090A2A00D2B281546D1C04
:1048B0002900C9B200F801806D1C4946090E2A0082
:1048C000D2B281546D1C4946090C2A00D2B28154DF
:1048D0006D1C4946090A2A00D2B281546D1C290078
:1048E000C9B200F801906D1C2A00D2B292B269469A
:1048F000DFF88C0B04F09CFC0EB0BDEC028BBDE825
:10490000F08700002C2C002070B500240025DFF873
:10491000700B0078C0B2FF283DD0DFF8A46ADFF842
:10492000640B00783070DFF8600B0178C9B20906BB
:10493000DFF8580B0078C0B251EA0041DFF8500BA5
:104940000078C0B251EA0021DFF8480B0078C0B20D
:1049500001430C00DFF8400B0178C9B20906DFF80B
:104960003C0B0078C0B251EA0041DFF8340B00780C
:10497000C0B251EA0021DFF82C0B0078C0B201432D
:104980000D0016F10801200001F03AFF311D28004A
:1049900001F036FF08E0DFF8280A00210170DFF897
:1049A000B01C81600021416070BD2DE9F84F2DEDF4
:1049B000048B8EB0F0EE409AB0EE608AF0EE418A41
:1049C000B0EE619A3221002201AC200002F016FD07
:1049D0005FF0000B00200090002400250026DFF887
:1049E0006CABCAED009A8AED018ACAED028A8AEDA3
:1049F000039A9AED000A01F0DBFF07009AED010A25
:104A000001F0D6FF80469AED020A01F0D1FF8146FF
:104A10009AED030A01F0CCFF824601A83900090E85
:104A20005A46D2B281541BF1010B3900090C5A4687
:104A3000D2B281541BF1010B3900090A5A46D2B295
:104A400081541BF1010B5946C9B247541BF1010BAC
:104A50004146090E5A46D2B281541BF1010B414620
:104A6000090C5A46D2B281541BF1010B4146090A86
:104A70005A46D2B281541BF1010B5946C9B200F813
:104A800001801BF1010B4946090E5A46D2B28154EE
:104A90001BF1010B4946090C5A46D2B281541BF155
:104AA000010B4946090A5A46D2B281541BF1010B47
:104AB0005946C9B200F801901BF1010B5146090E8D
:104AC0005A46D2B281541BF1010B5146090C5A4689
:104AD000D2B281541BF1010B5146090A5A46D2B297
:104AE00081541BF1010B5946C9B200F801A01BF11A
:104AF000010B5A46D2B292B201A9DFF85C0B04F066
:104B000097FB0EB0BDEC048BBDE8F18FA42A00200A
:104B1000A82A0020B02A00202DE9F0410024002519
:104B200000260027DFF8300B0078C0B2FF2871D0D4
:104B3000DFF8280B0178C9B20906DFF8240B0078EA
:104B4000C0B251EA0041DFF81C0B0078C0B251EA54
:104B50000021DFF8140B0078C0B201430C00DFF82D
:104B60000C0B0178C9B20906DFF8040B0078C0B25B
:104B700051EA0041DFF8FC0A0078C0B251EA002196
:104B8000DFF8F40A0078C0B201430D00DFF8EC0A48
:104B90000178C9B20906DFF8E80A0078C0B251EA24
:104BA0000041DFF8E00A0078C0B251EA0021DFF8E6
:104BB000D80A0078C0B201430E00DFF8D00A0178AD
:104BC000C9B20906DFF8C80A0078C0B251EA00414C
:104BD000DFF8C00A0078C0B251EA0021DFF8B80A55
:104BE0000078C0B201430F00DFF860894146200021
:104BF00001F006FE18F10401280001F001FE18F191
:104C00000801300001F0FCFD18F10C01380001F042
:104C1000F7FD0BE0DFF83409DFF8341A01600021FA
:104C20004160DFF8041D81600021C160BDE8F081B2
:104C3000080A0020D02C0020442B00206C2B0020E0
:104C4000982C0020100A0020CE2C00207C00002090
:104C50002DE9F14F2DED028BBEB0B0EE408AC82198
:104C600000220CAC200002F0C9FB5FF0000B00201A
:104C7000049000200390002002900020019000206A
:104C8000009000200B9000200A9000200990002046
:104C900008900020079000200690002005909DF8C5
:104CA0000001002811D0022819D013D3042820D0E5
:104CB0001AD3062827D021D308282ED028D30A2893
:104CC00035D02FD30B2837D03BE0DFF8D00980ED6B
:104CD000008A36E0DFF8C40980ED018A31E0DFF8B0
:104CE000BC0980ED028A2CE0DFF8B00980ED038A70
:104CF00027E0DFF8A80980ED048A22E0DFF89C09AC
:104D000080ED058A1DE0DFF8940980ED068A18E041
:104D1000DFF8880980ED078A13E0DFF8800980ED6D
:104D2000088A0EE0DFF8740980ED098A09E0DFF8EF
:104D30006C0980ED0A8A04E0DFF8600980ED0B8AD7
:104D4000FFE7DFF858A99AED000A01F031FE049060
:104D50009AED010A01F02CFE03909AED020A01F08F
:104D600027FE02909AED030A01F022FE01909AEDCF
:104D7000040A01F01DFE00909AED050A01F018FEEC
:104D800004009AED060A01F013FE05009AED070AE9
:104D900001F00EFE06009AED080A01F009FE070078
:104DA0009AED090A01F004FE80469AED0A0A01F024
:104DB000FFFD81469AED0B0A01F0FAFD82460CA830
:104DC0000499090E5A46D2B281541BF1010B049981
:104DD000090C5A46D2B281541BF1010B0499090AFD
:104DE0005A46D2B281541BF1010B04995A46D2B2F1
:104DF00081541BF1010B0399090E5A46D2B281541A
:104E00001BF1010B0399090C5A46D2B281541BF1D4
:104E1000010B0399090A5A46D2B281541BF1010BC6
:104E200003995A46D2B281541BF1010B0299090E23
:104E30005A46D2B281541BF1010B0299090C5A4611
:104E4000D2B281541BF1010B0299090A5A46D2B21F
:104E500081541BF1010B02995A46D2B281541BF1C5
:104E6000010B0199090E5A46D2B281541BF1010B74
:104E70000199090C5A46D2B281541BF1010B0199D8
:104E8000090A5A46D2B281541BF1010B01995A46C4
:104E9000D2B281541BF1010B0099090E5A46D2B2CD
:104EA00081541BF1010B0099090C5A46D2B281546E
:104EB0001BF1010B0099090A5A46D2B281541BF129
:104EC000010B00995A46D2B281541BF1010B21000B
:104ED000090E5A46D2B281541BF1010B2100090C74
:104EE0005A46D2B281541BF1010B2100090A5A46DD
:104EF000D2B281541BF1010B5946C9B244541BF183
:104F0000010B2900090E5A46D2B281541BF1010B44
:104F10002900090C5A46D2B281541BF1010B290019
:104F2000090A5A46D2B281541BF1010B5946C9B243
:104F300045541BF1010B3100090E5A46D2B281547F
:104F40001BF1010B3100090C5A46D2B281541BF1FE
:104F5000010B3100090A5A46D2B281541BF1010BF0
:104F60005946C9B246541BF1010B3900090E5A4685
:104F7000D2B281541BF1010B3900090C5A46D2B24E
:104F800081541BF1010B3900090A5A46D2B28154EF
:104F90001BF1010B5946C9B247541BF1010B4146A5
:104FA000090E5A46D2B281541BF1010B4146090C3D
:104FB0005A46D2B281541BF1010B4146090A5A46A6
:104FC000D2B281541BF1010B5946C9B200F80180DD
:104FD0001BF1010B4946090E5A46D2B281541BF10E
:104FE000010B4946090C5A46D2B281541BF1010B00
:104FF0004946090A5A46D2B281541BF1010B59465F
:10500000C9B200F801901BF1010B5146090E5A4636
:10501000D2B281541BF1010B5146090C5A46D2B24F
:1050200081541BF1010B5146090A5A46D2B28154F0
:105030001BF1010B5946C9B200F801A01BF1010B8D
:105040005A46D2B292B20CA9DFF8640904F0F0F823
:105050003EB0BDEC028BBDE8F18F00009C2C00201F
:1050600000080048A02A00200008020802080208E0
:10507000030802082DE9F04F85B0002004900020BD
:105080000390002002900020019000200090002456
:105090000025002600275FF000085FF000095FF0A0
:1050A000000ADFF80C090078C0B2FF2800F0518137
:1050B000DFF800090178C9B20906DFF8FC080078BA
:1050C000C0B251EA0041DFF8F4080078C0B251EAFA
:1050D0000021DFF8EC080078C0B201430491DFF84A
:1050E000E4080178C9B20906DFF8DC080078C0B22C
:1050F00051EA0041DFF8D4080078C0B251EA00213B
:10510000DFF8CC080078C0B201430391DFF8C4088F
:105110000178C9B20906DFF8C0080078C0B251EAC8
:105120000041DFF8B8080078C0B251EA0021DFF88A
:10513000B0080078C0B201430291DFF8A8080178F6
:10514000C9B20906DFF8A0080078C0B251EA0041F0
:10515000DFF898080078C0B251EA0021DFF8900823
:105160000078C0B201430191DFF830B55946049888
:1051700001F046FB1BF10401039801F041FB1BF118
:105180000801029801F03CFB1BF10C01019801F0B1
:1051900037FBDFF860080178C9B20906DFF8580864
:1051A0000078C0B251EA0041DFF850080078C0B280
:1051B00051EA0021DFF848080078C0B201430091AD
:1051C000DFF840080178C9B20906DFF83C0800782A
:1051D000C0B251EA0041DFF834080078C0B251EAA9
:1051E0000021DFF82C080078C0B201430C00DFF882
:1051F00024080178C9B20906DFF81C080078C0B29B
:1052000051EA0041DFF814080078C0B251EA0021E9
:10521000DFF80C080078C0B201430D00DFF8040885
:105220000178C9B20906DFF800080078C0B251EA77
:105230000041DFF8F8070078C0B251EA0021DFF83A
:10524000F0070078C0B201430E001BF11001009876
:1052500001F0D6FA1BF11401200001F0D1FA1BF184
:105260001801280001F0CCFA1BF11C01300001F0FC
:10527000C7FADFF8C0070178C9B20906DFF8B80736
:105280000078C0B251EA0041DFF8B0070078C0B240
:1052900051EA0021DFF8A8070078C0B201430F00EF
:1052A000DFF8A0070178C9B20906DFF89C0700788B
:1052B000C0B251EA0041DFF894070078C0B251EA69
:1052C0000021DFF88C070078C0B201438846DFF880
:1052D00084070178C9B20906DFF87C070078C0B2FC
:1052E00051EA0041DFF874070078C0B251EA0021AA
:1052F000DFF86C070078C0B201438946DFF8640725
:105300000178C9B20906DFF860070078C0B251EA37
:105310000041DFF858070078C0B251EA0021DFF8F9
:1053200050070078C0B201438A461BF120013800C3
:1053300001F066FA1BF12401404601F061FA1BF10D
:105340002801484601F05CFA1BF12C01504601F09F
:1053500057FA05B0BDE8F08F0408020805080208F6
:1053600006080208070802080808020878B591B084
:1053700004000D003C21002202AE300002F03EF895
:105380000020ADF804000321072000F00CFF0B20E3
:1053900000900023DFF8DC2601A902A801F01AFA28
:1053A0004FF47A73BDF8042002A9DFF8CC0602F0AE
:1053B00022FF12B070BD0000F82500200908020885
:1053C000542C002078B591B004000D003C2100223F
:1053D00002AE300002F012F80020ADF80400DFF851
:1053E0009C0603F0F5FE264803F0F2FEDFF8900677
:1053F0000021017096498160002141600D200090DC
:105400000023DFF8802601A902A801F0E3F94FF498
:105410007A73BDF8042002A9DFF85C0602F0EBFE07
:1054200012B070BD38B590B004000D0003A8DFF8CD
:105430005816322203F040FFDFF85006D0E900236F
:10544000CDE9012303A801900023DFF84406027888
:1054500002A903A801F049F90220009000237BA2D1
:1054600002A903A801F0B6F94FF47A73BDF8082039
:105470000199DFF8040602F0BEFE11B030BD000055
:1054800000100208021002080310020804100208AB
:10549000051002080610020807100208081002088A
:1054A000091002080A100208F8B504000D000026D1
:1054B0002068007830283EDB206800783A283ADA05
:1054C000002700200100C9B2A28889B291420FD200
:1054D00021680200D2B2895C302905DB2168020014
:1054E000D2B2895C3A2900DB02E07F1C401CE9E76C
:1054F0003900C9B2206801F025FA0600B6F5807FB0
:105500000FD2DFF88C0541783000C0B200F04BFEBE
:105510004FF47A7302224FA1DFF85C0502F06BFEB4
:1055200012E04FF47A730522DFF86815DFF84805BA
:1055300002F061FE08E04FF47A730522DFF854159B
:10554000DFF8340502F057FEF1BD00002C2C0020DE
:1055500038B590B004000D0003A8DFF83C153222E6
:1055600003F0AAFEDFF83405D0E90023CDE90123DA
:1055700003A801900023DFF81805427802A903A8C8
:1055800001F0B3F802200090002330A202A903A882
:1055900001F020F94FF47A73BDF808200199DFF883
:1055A000D80402F028FE11B030BDF8B504000D009B
:1055B00000262068007830283DDB206800783A28F3
:1055C00039DA002700200100C9B2A28889B29142CD
:1055D0000FD221680200D2B2895C302905DB216834
:1055E0000200D2B2895C3A2900DB02E07F1C401C39
:1055F000E9E73900C9B2206801F0A4F906000C2ED1
:105600000FD23100C9B2DFF88804007800F0CBFD7A
:105610004FF47A7302220FA1DFF85C0402F0EBFD75
:1056200012E04FF47A730522DFF86814DFF84804BB
:1056300002F0E1FD08E04FF47A730522DFF854141C
:10564000DFF8340402F0D7FDF1BD00000D0A0000C0
:10565000000048434F4B00000020020802200208CF
:105660000320020804200208052002080620020880
:105670000720020808200208092002080A20020860
:105680000B2002080C2002080D2002080E20020840
:105690000F2002081020020811200208E82A00202A
:1056A00070B52DED028BCEB004000D0002A8DFF81E
:1056B000F0134FF4967203F00FFE0A20ADF80400C9
:1056C0000A2000900023DFF8DC2301A902A801F0E2
:1056D00081F89FED948ADFF8D063FE2396ED000AEF
:1056E00020EE080ABDEEC00A10EE102A01A902A899
:1056F00000F0FBFF0B2000900023DFF8B02301A98E
:1057000002A801F067F8FE2396ED010A20EE080AD0
:10571000BDEEC00A10EE102A01A902A800F0E5FFB4
:105720000B2000900023E24A01A902A801F052F8E0
:10573000FE2396ED020A20EE080ABDEEC00A10EE26
:10574000102A01A902A800F0D0FF0B20009000232E
:10575000D84A01A902A801F03DF8FE2396ED030AFC
:1057600020EE080ABDEEC00A10EE102A01A902A818
:1057700000F0BBFF0A2000900023CF4A01A902A835
:1057800001F028F8FE2396ED040A20EE080ABDEE8B
:10579000C00A10EE102A01A902A800F0A6FF0A20F4
:1057A00000900023C54A01A902A801F013F8FE23C6
:1057B00096ED050A20EE080ABDEEC00A10EE102A8A
:1057C00001A902A800F091FF0A2000900023BC4A22
:1057D00001A902A800F0FEFFFE2396ED060A20EEC6
:1057E000080ABDEEC00A10EE102A01A902A800F0B6
:1057F0007CFF0A2000900023B24A01A902A800F011
:10580000E9FFFE2396ED070A20EE080ABDEEC00A66
:1058100010EE102A01A902A800F067FF09200090ED
:105820000023A94A01A902A800F0D4FFFE2396EDA7
:10583000080A20EE080ABDEEC00A10EE102A01A9DF
:1058400002A800F052FF0920009000239F4A01A9FE
:1058500002A800F0BFFFFE2396ED090A20EE080A19
:10586000BDEEC00A10EE102A01A902A800F03DFF0B
:10587000092000900023964A01A902A800F0AAFF7F
:10588000FE2396ED0A0A20EE080ABDEEC00A10EECD
:10589000102A01A902A800F028FF09200090002387
:1058A0008C4A01A902A800F095FFFE2396ED0B0A91
:1058B00020EE080ABDEEC00A10EE102A01A902A8C7
:1058C00000F013FF4FF47A73BDF8042002A96A4870
:1058D00002F091FC4EB0BDEC028B70BD80B5FEF7BE
:1058E0005BFFFFF711F8FFF717F9FFF7C3FB7A48E3
:1058F0007A49C0F8A4137A49C0F8B4137949C0F8BA
:10590000C4137949C0F8D4137849C0F8E41378492E
:10591000C0F8F4137749C0F8041402F0F8FB02F061
:10592000E7FB01BD0000C8420000A04270B50020A6
:10593000002400252800C0B2092836DA6E4E28005F
:10594000C0B200013044407801282CD1012004006D
:105950002800C0B200013044406800280ED001F099
:1059600095FA2900C9B2090131444968401A290051
:10597000C9B2090131448968884214D30020290042
:10598000C9B209013144487001F080FA2900C9B256
:105990000901314448602800C0B22900C9B2090198
:1059A0003144C96888476D1CC4E72000C0B270BD8F
:1059B0000028020802280208032802080428020816
:1059C00005280208062802080728020808280208F5
:1059D000092802080A2802080B2802080C280208D5
:1059E0000D2802080E2802080F28020810280208B5
:1059F0001128020812280208132802081428020895
:105A00001528020816280208172802081828020874
:105A1000192802081A2802081B2802081C28020854
:105A20001D2802081E2802081F2802082028020834
:105A30002128020822280208232802082428020814
:105A400025280208262802082728020828280208F4
:105A5000292802082A2802082B2802082C280208D4
:105A60002D2802082E2802082F28020830280208B4
:105A7000312802084C100108E82400200008020820
:105A8000542C0020140D010894090108F412010897
:105A90008C0E0020E4120108C8090108FC1201085C
:105AA0000407010858100108E82A002064100108C2
:105AB000701001087C10010888100108941001087A
:105AC000A0100108AC100108B8100108C4100108AA
:105AD000D0100108DC1001081C0A00206D530008DA
:105AE000C553000825540008A95400085155000862
:105AF000AB550008A15600087809002002000020DC
:105B0000704730B40200DFF8900A002304688588EB
:105B1000635583885B1C8380DFF8803A1B780468B8
:105B20008588635583885B1C8380012030BC704767
:105B3000F8B504000D00002000212E00226833007B
:105B4000DBB2D25C23683700FFB23B445F7857EA90
:105B500002273A0092B2B2F5807F23DA380080B291
:105B600000281FD0DFF8300A21683200D2B2895CE9
:105B700002688388D1548188491C81802168320061
:105B8000D2B21144497802688388D1548188491C73
:105B90008180DFF8080A41783800C0B200F003FBCA
:105BA000012000E00020F2BD30B40200DFF8E80977
:105BB000002304688588635583885B1C8380DFF835
:105BC000DC395B7804688588635583885B1C838037
:105BD000012030BC7047F8B504000D000020002102
:105BE0002E0022683300DBB2D25C23683700FFB29C
:105BF0003B445F7857EA02273A0092B20B2A1FDA39
:105C0000DFF8940921683200D2B2895C0268838887
:105C1000D1548188491C818021683200D2B211445C
:105C2000497802688388D1548188491C8180390071
:105C3000C9B2DFF86809007800F0B5FA012000E089
:105C40000020F2BDF8B504000D000026DFF8500971
:105C500090ED050A00F0ACFE0100DFF83C090A00F7
:105C6000120A03688788DA558288521C828002688B
:105C70008388D1548288521C82800A00120E0368E5
:105C80008788DA558288521C82800A00120C0368C9
:105C90008788DA558288521C82800120F2BDF8B5CF
:105CA00004000D000026DFF8F80890ED080A00F067
:105CB0007FFE0100DFF8E0080A00120A0368878807
:105CC000DA558288521C828002688388D154828887
:105CD000521C82800A00120E03688788DA55828877
:105CE000521C82800A00120C03688788DA55828869
:105CF000521C82800120F2BDF8B504000D00002680
:105D00009FEDA30A00F054FE0100DFF88C080A00A2
:105D1000120A03688788DA558288521C82800268DA
:105D20008388D1548288521C82800A00120E036834
:105D30008788DA558288521C82800A00120C036818
:105D40008788DA558288521C82800120F2BD0000CB
:105D5000F8B504000D0000269FED8D0A00F028FE26
:105D60000100DFF834080A00120A03688788DA5550
:105D70008288521C828002688388D1548288521C97
:105D800082800A00120E03688788DA558288521CC6
:105D900082800A00120C03688788DA558288521CB8
:105DA00082800120F2BD30B40200DFF8EC0700234E
:105DB00004688588635583885B1C8380DFF8E0373F
:105DC00093F8443004688588635583885B1C83801E
:105DD000012030BC704730B40200DFF8BC0700235C
:105DE00004688588635583885B1C8380DFF8B0373F
:105DF00093F8453004688588635583885B1C8380ED
:105E0000012030BC704730B40200DFF88C0700235B
:105E100004688588635583885B1C8380DFF880373E
:105E200093F8463004688588635583885B1C8380BB
:105E3000012030BC704730B40200DFF85C0700235B
:105E400004688588635583885B1C8380002304680D
:105E50008588635583885B1C8380012030BC704734
:105E600030B40200DFF830070023046885886355EA
:105E700083885B1C8380002304688588635583883E
:105E80005B1C8380012030BC704730B40200DFF817
:105E90000807002304688588635583885B1C83801A
:105EA000DFF800371B7804688588635583885B1C9E
:105EB0008380012030BC7047F8B504000D0000203D
:105EC00000212E0022683300DBB2D25C2368370049
:105ED000FFB23B445F7857EA02273A0092B2012AA8
:105EE00003D0380080B2002822D1DFF8AC06216848
:105EF0003200D2B2895C02688388D1548188491CFF
:105F0000818021683200D2B21144497802688388C6
:105F1000D1548188491C8180DFF88806D0ED020ABF
:105F200090ED010A3800C0B2FEF784FC012000E0C9
:105F30000020F2BDF8B504000D000026DFF864066D
:105F400090ED020A00F034FD0100DFF84C060A0073
:105F5000120A03688788DA558288521C8280026898
:105F60008388D1548288521C82800A00120E0368F2
:105F70008788DA558288521C82800A00120C0368D6
:105F80008788DA558288521C82800120F2BD000089
:105F9000000000002DE9F84304000D000026002059
:105FA00000900027A84620684146C9B2084481787D
:105FB00020684246D2B21044C07850EA01202168DD
:105FC0004246D2B2895C22684346DBB21A4492F858
:105FD000019059EA012959EA0049DFF8BC05216816
:105FE0004246D2B2895C02688388D1548188491CB8
:105FF000818021684246D2B2114449780268838880
:10600000D1548188491C818021684246D2B2114412
:10601000897802688388D1548188491C81802168ED
:106020004246D2B21144C97802688388D15481882B
:10603000491C81806946484600F0E2FBDFF86405B0
:10604000DDED000A90ED010A0078FEF7F3FB012078
:10605000BDE8F283F8B504000D000026DFF8440522
:1060600090ED010A00F0A4FC0100DFF82C050A0005
:10607000120A03688788DA558288521C8280026877
:106080008388D1548288521C82800A00120E0368D1
:106090008788DA558288521C82800A00120C0368B5
:1060A0008788DA558288521C82800120F2BD2DE952
:1060B000F84304000D000026002000900027A846A9
:1060C00020684146C9B20844817820684246D2B26D
:1060D0001044C07850EA012021684246D2B2895C5F
:1060E00022684346DBB21A4492F8019059EA01292A
:1060F00059EA0049DFF8A00421684246D2B2895C1F
:1061000002688388D1548188491C81802168424675
:10611000D2B21144497802688388D1548188491CDD
:10612000818021684246D2B211448978026883880E
:10613000D1548188491C818021684246D2B21144E1
:10614000C97802688388D1548188491C8180694656
:10615000484600F055FBDFF84C04D0ED020A9DEDF7
:10616000000A0078FEF766FB0120BDE8F28370B5F7
:1061700004000D00DFF83064012220213000FCF71C
:1061800034FC0A2001F0E6FF4FF47A732A0092B241
:106190002100DFF8180402F02EF800222021300040
:1061A000FCF723FC70BD7CB504000D000821002223
:1061B0006E46300001F022F90026DFF8E00304709B
:1061C0004570694602783300DBB2CA54761C4078C9
:1061D0003200D2B28854761C3200D2B292B26946F2
:1061E000DFF8CC0303F024F873BDDFF8C4030078B4
:1061F000C0B2FF280AD0DFF8A403DFF8B81309788B
:106200000170DFF8B4130978417005E0DFF88C0302
:10621000072101700321417070472DE9F04F87B0CD
:10622000040000275FF000085FF000090025DFF898
:106230008C23D2E90001CDE902010026DFF880239A
:10624000D2E90001CDE90401DFF84CA35046FCF788
:1062500035FCA0880828C0F29B812068A1880844EA
:1062600010F8010C2168A288114411F8021C51EAAF
:106270000021ADF81810A188891E206801F0BAFB32
:10628000ADF81A00BDF81A00BDF81810884240F0A9
:106290007D8120680078C1490978884240F0768184
:1062A000206880782168CF7857EA002720684078F6
:1062B000032805D006286CD0102800F0C38061E1C7
:1062C000206800792168497951EA00210D005FF0CA
:1062D00001084046C0B20F2836DA5FF01409DFF833
:1062E000E4B24046C0B209FB00F0584440683900AF
:1062F00089B2884225D1280080B24146C9B209FB43
:1063000001F15944896888421BDB00210020424684
:10631000D2B209FB02F25A44D268904701280FD149
:106320004046C0B209FB00F0584480682D1A404630
:10633000C0B209FB00F90BEB09008068C71900E047
:1063400002E018F10108C4E7BAF8040000281FD0E1
:10635000BAF80400022190FBF1F201FB12000028C0
:1063600016D1DAF800000190BAF80400022190FB7F
:10637000F1F080B200903B009BB2032220680178CC
:1063800004A801F017FCBDF814100498FFF7EFFE05
:10639000FAE004200100C9B2A288921E91420EDAEE
:1063A00021680200D2B2895C029ABDF80C30D15447
:1063B000BDF80C10491CADF80C10401CEAE75FF06A
:1063C00001084046C0B20F2817DA14227D4B404620
:1063D000C0B2504318444068390089B2884209D19C
:1063E000002102A8C4465FFA8CFC02FB0CF21A449E
:1063F0001269904718F10108E3E7BAF80400002891
:106400001FD0BAF80400022190FBF1F201FB120048
:10641000002816D1DAF800000190BAF80400022131
:1064200090FBF1F080B200903B009BB20622206806
:10643000017804A801F00FFCBDF814100498FFF7D0
:1064400096FEA1E0002006002068007921684979C5
:1064500051EA00210D0007200100C9B2A288921E56
:1064600091420EDA21680200D2B2895C029ABDF82C
:106470000C30D154BDF80C10491CADF80C10401C68
:10648000EAE7280080B240002168897988424DD12E
:10649000BDF80C002168897989B2884246D15FF045
:1064A00001084046C0B20F2840DA5FF01409DFF857
:1064B00014B14046C0B209FB00F0584440683900AE
:1064C00089B288422FD1280080B24146C9B209FB67
:1064D00001F159448968884225DB310089B202A85C
:1064E0004246D2B209FB02F25A441269904701288F
:1064F00018D14046C0B209FB00F058448068400003
:1065000010FA86F64046C0B209FB00F05844806895
:106510002D1A4046C0B209FB00F90BEB0900806858
:10652000C71900E002E018F10108BAE7BAF8040060
:10653000002826D0BAF80400022190FBF1F201FBFA
:10654000120000281DD1206880782168C97851EA9E
:1065500000210F00DAF800000190BAF804000221CF
:1065600090FBF1F080B200903B009BB210222068BB
:10657000017804A801F06FFBBDF814100498FFF730
:10658000F6FD01E0002004E0012002E0002000E030
:10659000002007B0BDE8F08F300900208C0E0020ED
:1065A000A02A0020542C0020000400487025002060
:1065B000000002080200020803000208D4120108C9
:1065C000DC120108D807002001000800C0B2002832
:1065D00001D1012021E00800C0B2FF2801D10A202A
:1065E0001BE00800C0B2FE2801D1642015E00800BD
:1065F000C0B2FD2802D14FF47A700EE00800C0B29C
:10660000FC2802D142F2107007E00800C0B2FB285B
:1066100002D1DFF8980300E0012070472DE9F24F26
:1066200082469346002000210A260027B046B9463C
:10663000009A1588BBF1000F08D5DBF100042D206E
:106640002A0092B20AF802006D1C00E05C462000AD
:10665000002142464B4602F083FE002901D100286A
:1066600008D0A6FB080106FB091107FB08118046AC
:106670008946ECE7404649460A22002302F070FEB4
:1066800006000F00002F01D1002E28D0200000218D
:1066900032003B0002F064FE3030290089B20AF873
:1066A00001006D1CA0465FF00009200000213200AF
:1066B0003B0002F055FEA6FB002306FB013307FB5F
:1066C0000033B8EB020079EB03010400300039001D
:1066D0000A22002302F044FE06000F00D2E70098D1
:1066E00005802800C0B2BDE8F28F2DE9FE4F0600FC
:1066F0000F0090460020ADF800000020002400218B
:106700005FF0000BB7F80090B8F1000F02D5D8F198
:10671000000500E04546424639003000FFF77EFFA5
:10672000B7F800A0002D4FD09DF80800FFF74CFFF0
:1067300001008D4205D20A2045431BF1010B002DBB
:10674000F7D15846C0B2002821D050460200D2B23C
:10675000324412F8012C2D2A06D00200D2B24B4648
:1067600092B29BB29A4208D130220300DBB2F254BB
:106770001AF1010ABBF1010BE3E70200D2B2324485
:1067800012F8012C0300DBB2F254401EDEE70A20AF
:10679000B1FBF0F450468346002C15D00A20B4FB20
:1067A000F0F45846C0B2304410F8010C5946C9B252
:1067B0007054BBF1010B002CEED12E205946C9B20A
:1067C00070541AF1010AE7E7A7F800A05046C0B2DA
:1067D000BDE8FE8FF0B4049C00252E00B6B2A642A0
:1067E0000BD20E88771C0F802F00BFB217FA83F7E9
:1067F000D75DB6B287556D1CEFE7F0BC704700005F
:106800002DE9F34F81B02DED028B9FED658A0024B9
:1068100001250026F7EE008A00273800C0B22028A4
:1068200064DA0398F84010F0010004003800C0B2A8
:10683000172829DA18EE900A00F08CFA82468B4667
:106840002000C0B200F078FA804689463800C0B215
:10685000D0F117005FF0FF31484300F0F3F841EC4E
:10686000110B9FED500B00F006F951EC100B424656
:106870004B4602F08DFE52465B4602F05BFF00F095
:1068800027FA08EE900A2FE03800C0B21F2824DA59
:106890003000C0B200F050FA82468B462000C0B2F1
:1068A00000F04AFA804689463800C0B2173800F036
:1068B000C9F841EC110B9FED3B0B00F0DCF851ECFB
:1068C000100B42464B4602F063FE52465B4602F016
:1068D00031FF02F0EDFF060006E02000C0B2012803
:1068E00002D15FF0FF3005007F1C96E7280040B220
:1068F00000F0A8F8804689463000C0B27F3800F02A
:10690000A1F841EC110B9FED270B00F0B4F851EC0E
:10691000100B42464B4602F03BFE8046894618EE7D
:10692000900A00F017FA42464B4602F031FE00F0A2
:10693000CFF900EE100A049880ED000ABDEC028B3E
:10694000BDE8F78F70B4030000220024002000256A
:106950002A000E00D2B2F6B2B2421FD22A00D2B240
:106960009A5C302A0ADB2A00D2B29A5C3A2A05DA0B
:106970002A00D2B29A5C303A140001E000221400DE
:106980002A00D2B2002A03D12200D2B2100003E0C2
:106990000A22504350FA84F06D1CD9E770BC70474E
:1069A000000000000000000000000040A086010080
:1069B00010B42DED010A00206A460023042B07D2F3
:1069C000D45C1900C9B2C9008C4020435B1CF5E7B8
:1069D00012BC704700F10103810704D010F8011BBD
:1069E000820781B1FAD10268A2F10131914311F01D
:1069F000803104BF50F8042FF6E709BAB1FA81F1EB
:106A000000EBD100401CC01A704730B4002513E0E1
:106A100050F8042BD30744BFA9F101039A18091FAA
:106A2000042942F8045BFAD213468C0744BF158050
:106A30009B1CC90748BF1D7050F8041B0029E7D1F3
:106A400030BC7047C11768B14840401AB0FA80F2B4
:106A50009040D21CC907C2F5846241EA025202EB9F
:106A6000D021400570470268531C036011707047C5
:106A700041EC100B01BD80B553EC112B51EC100B08
:106A800002F034FFF4E72E00F0B540F2FF7581EA22
:106A9000030C0CF0004C15EA11541DBF15EA1357F6
:106AA000AC42AF42E5E0BC41C1F31301C3F31303B1
:106AB000801A994143F4801304D2641E4000494176
:106AC00080185941C90241EA5051B1FBF3F603FB6A
:106AD0001611A2FB0675D7EBC020A94102D2761E83
:106AE00080185941C90241EA5051B1FBF3FE03FB42
:106AF0001E11A2FB0E75D7EBC020A94103D2AEF147
:106B0000010E80185941890241EA9051760546EA02
:106B10008E2EB1FBF3F603FB1611A2FB0675D7EB25
:106B20008020A94102D2761E80185941C90241EA4B
:106B300050514EEA060EB1FBF3F603FB1611A2FB11
:106B40000675D7EBC020A94102D2761E80185941A4
:106B5000C90241EA5051B1FBF3F703FB1711A2FB45
:106B60000735D3EBC020A94167F100070CBF0042F5
:106B700047F0010766F3D5274FEA1E31B80814F530
:106B8000806412DDBD0775F1004250EB0E5051EBF1
:106B9000045111F5801F5CBF41EA0C01F0BD4CF0BF
:106BA0007F6141F0E0410020F0BDBD076D0840EA83
:106BB0000E5041F48011D4F10104B4F120060ADA38
:106BC000C4F120060200E04001FA06F3E140184358
:106BD000B24015430EE0342C13DCC6F1200445EA24
:106BE00040056D0820FA06F2154321FA06F0A1408F
:106BF0000D43002175F1004250F1000051EB0C01F2
:106C0000F0BD00205FEA0C01F0BDCFB992185B41E6
:106C1000B3FA83F704BFB2FA82F6BF190B3FB7F19C
:106C200020062FBF02FA06F3BB40C7F1200622FA66
:106C300006F638BF3343BA401CB1E419641E33E78B
:106C40007F4231F00041B1FA81F404BFB0FA80F61E
:106C5000A4190B3CB4F120062FBF00FA06F1A140A5
:106C6000C4F1200620FA06F638BF3143A0403C1B91
:106C70001AE7AC421ABF05EA1357AF4212E050EAD6
:106C800041061CBF52EA4306BFE750EA41073046BF
:106C900061461CBF41EA0551F0BD52EA430C08BFF2
:106CA000C143F0BD00204FF4001616EB410F98BF12
:106CB00016EB430F08BF16EB410F24BFC14305E09D
:106CC00016EB430F0CBF61464CEA0551F0BD0000C6
:106CD00001F000428B1AA3F16051B1F5801F0ADB6D
:106CE000B1F17F6F1FD242EAC102C10071F10041D0
:106CF00042EB507070470B15C3F10903212B10D2E2
:106D0000890241EA905180020128494141F0004145
:106D100021FA03F0C3F12003994071F10041504181
:106D20007047100070476FF0000013EB103F5CBF1E
:106D3000000E42EAC0507047014648B1B0FA80F1F7
:106D40008840C91CC1F58461090501EBD0214005CB
:106D500070470000C0F3C75181B1FF2906D0C110B0
:106D6000400721F0E04101F16051704741020CBF42
:106D700040F4E0016FF000410020704700F0004156
:106D800000020AD0B0FA80FC00FA0CF001F1605168
:106D9000A1EB0C5101EBD021400570470CB430B58C
:106DA00083B00A4606A90291044600250194009585
:106DB00002AB01A9084878441E3003F00DF9019A8E
:106DC000157000284EBF04460198041B204603B0EE
:106DD00030BC5DF80CFB00BF8FFCFFFF80B50122CB
:106DE00040212348FBF701FE2249234800F04EFAD8
:106DF00000F01EF8012000F005F800F0D1FA00F0D4
:106E00001FFA01BD704711B581B0194C0022402115
:106E10002000FBF7EAFD4FF47A73012201A917481D
:106E200004F03AF9012240212000FBF7DEFD13BDFA
:106E300010B50F4C002240212000FBF7D6FD0022A8
:106E400080212000FBF7D1FD012000F019F805207A
:106E500000F016F8012280212000FBF7C6FD052076
:106E600000F00EF8012240212000FBF7BEFD10BD0E
:106E700000080048782C002044130020002900203E
:106E800010B50400200001F065F910BD014800684C
:106E9000704700BF882C002070B4039CDFF880523C
:106EA000286029716A71AB71EC7100262E7270BC7A
:106EB00070472DE9F84F04000D00160000275FF021
:106EC0000008DFF85C9299F80500082880F2FC8041
:106ED000300099F80610C0B2884205D399F807002F
:106EE0003100C9B2884201D22E200600402099F814
:106EF0000510491C90FBF1F02900C9B2814280F2D3
:106F0000E38099F8040050FA84F0802880F2DC8055
:106F100099F805305B1C99F8050003FB05035B1C21
:106F2000DBB299F804201219D2B299F80500401C7E
:106F300015FB00F1C9B22000C0B200F029F9002110
:106F4000080099F80420C0B2904280F0BD80002073
:106F500015FB00F00200D2B2082392FBF3F21700F7
:106F6000C0B2082290FBF2F302FB13008046FF221E
:106F70006C4BD3F800C03800C0B250FA85FE8020B8
:106F800000FB0EFE5EFA84FED3F800A03800C0B20B
:106F900050FA85FB802000FB0BFB5BFA84F01AF8AB
:106FA00000A0D8F1080B100050FA0BF010EA0A0A02
:106FB0000CF80EA0D3F800C03800C0B250FA85FE1D
:106FC000802000FB0EFE5EFA84F00090D3F800E013
:106FD0003800C0B250FA85FA802000FB0AFA5AFA4B
:106FE00084F01EF800E0D9F800A0B3465FFA8BFBEE
:106FF00099F80600BBEB000099F804B00BFB00FB0E
:107000000AEB0B008A465FFA8AFA10F80A0010FAB7
:1070100008F050EA0E00DDF800E00CF80E00D3F89E
:1070200000C03800C0B250FA85FE802000FB0EFE82
:107030005EFA84F08444D3F800E03800C0B250FA1D
:1070400085FA802000FB0AFA5AFA84F0704490F81E
:10705000800012FA08F202408CF880201A6838008A
:10706000C0B250FA85FC802000FB0CFC5CFA84F076
:1070700002441B683800C0B250FA85FC802000FB37
:107080000CFC5CFA84F0184490F88030D9F800C009
:10709000B6465FFA8EFE99F80600BEEB000E99F830
:1070A000040000FB0EFE0CEB0E008C465FFA8CFC1D
:1070B00010F80C00D8F1080C50FA0CF0034382F8D9
:1070C0008030641C491C3BE7BDE8F18FF8B5070030
:1070D0000C001600124D6879082820DA3078002854
:1070E0001DD032782100C9B23800C0B2FFF7E1FEEE
:1070F000761C2879401CC719287950FA87F0401C63
:10710000812802DB00200700641C40206979491CAB
:1071100090FBF1F02100C9B28142DFDBFFE7F1BD56
:107120003C2C00207C2C0020020001200B00DBB254
:107130001B011344587000200B00DBB21B011344E9
:1071400058600120704738B504000D000120290067
:10715000C9B2090121444870FFF798FE2900C9B25D
:10716000090121444860012032BD020000200B00CB
:10717000DBB21B01134458700120704780B50348EF
:1071800000F024FC00F0CDF801BD0000C8FE0008AE
:1071900070B40400E4B2802C01DB7F2420001400D2
:1071A000E4B2802C01DB7F2422000C00E4B2402CEE
:1071B00001DB3F2421001C00E4B2402C01DB3F2412
:1071C0002300354C050026683678EDB2B54201D271
:1071D000256828702568AD781600F6B2B54201D250
:1071E0002568AA700D0026687678EDB2B54201D206
:1071F000256869702568ED781E00F6B2B54201D2A7
:107200002468E37070BC704723487F2102681170C6
:107210000021026891703F210268517000210068CE
:10722000C17070471C480021026811707F210268FC
:1072300091700021026851703F210068C170704751
:1072400070B54FF480640025144806682A002100B8
:10725000300000F0D3F83F237F2200210020FFF709
:1072600097FF00F05EF870BD70B54FF480640025A4
:107270000A4806682A002100300000F0BFF83F23CA
:107280007F2200210020FFF783FF70BD034A1060BA
:10729000014A116070470000802C00207C2C0020E7
:1072A00010B5040000224FF480713A48FBF79DFBB3
:1072B0002000C0B2FFF7A7FD10BD10B504000122E9
:1072C0004FF480713348FBF790FB2000C0B2FFF70A
:1072D0009AFD10BD10B5040014F00F0050F0B0007E
:1072E000C0B2FFF7DDFF10BD10B504002000C0B232
:1072F00000F005F82000C0B200F00CF810BD10B589
:1073000004002000C0B2000950F01000C0B2FFF726
:10731000C7FF10BD10B5040014F00F00FFF7C0FF49
:1073200010BD70B500242000C0B210282EDA1A4D0E
:10733000286840782100C9B2491CB0EBC10F23DA9C
:107340002868C0782100C9B2B0EBC10F1EDB200055
:10735000C0B2FFF7BFFF28680078FFF7C5FF2868B5
:107360000678286880783100C9B288420CD30B486F
:1073700001682200D2B28020424352FA86F0085CB3
:10738000FFF79BFF761CECE7641CCCE7FFF73CFFA4
:1073900070BD000000080048802C00207C2C0020DC
:1073A00080B5AE20FFF77CFFA220FFF779FFA02079
:1073B000FFF776FFC820FFF773FF2F20FFF770FF5E
:1073C000322000F0C7FEA420FFF76AFF4020FFF73D
:1073D00067FF2520FFF764FF0A2000F0BBFE812035
:1073E000FFF75EFF1220FFF75BFFFFF729FFAF20DB
:1073F000FFF756FF052000F0ADFE01BD62F30F223E
:1074000062F31F42401810F0030308D0C91A1FD3BB
:10741000DB0748BF00F8012D28BF20F8022D13001C
:1074200030B414461546103928BF20E93C00FAD87C
:10743000490728BF20E90C0048BF40F8042D890007
:1074400028BF20F8022D48BF00F8012D30BC70473E
:10745000C91818BF00F8012DCB0728BF00F8012D6F
:107460007047000070B4039CDFF8845328602971D2
:107470006A71AB71EC7101262E7270BC70472DE9F8
:10748000F74F04000D00DFF868639DF80800B1793C
:10749000884204D3F0799DF80810884202D22E2049
:1074A0008DF80800307A002845D10027380031795E
:1074B000C0B288423DD231689DF80820B079121AD6
:1074C0003079424301EB02003900C9B210F8019053
:1074D000002080464046C0B2082828DA3800C0B2F2
:1074E00050FA84F0802805DA4046C0B250FA85F0A0
:1074F000402801DB00205DE1012010FA08F0494638
:10750000C9B2014208D0012218EB0501C9B23819ED
:10751000C0B200F06FF907E0002218EB0501C9B214
:107520003819C0B200F066F918F10108D2E77F1CE3
:10753000BCE730793EE1307A012840F08E807079E6
:10754000082190FBF1F201FB1200012806DB7079A3
:10755000082190FBF1FB1BF1010B03E0707908217E
:1075600090FBF1FB31795846C0B24143491C8DF87C
:10757000011031689DF80820B079121A9DF80100B9
:10758000424301EB020001788DF80010401C01908D
:107590005FF0000840469DF80010C0B2884259D202
:1075A0005FF0000948465946C0B2C9B288424ED27F
:1075B00001994246D2B25846C0B2424301EB0200A2
:1075C0004946C9B210F801A0002007003800C0B237
:1075D000082839DA4046C0B250FA84F0802808DA28
:1075E0004846C0B2C00050FA85F050FA87F04028F3
:1075F00001DB0020DEE04846C0B2C00050FA87F050
:10760000717988421EDA0121B9405046C0B2084261
:107610000CD001225FFA89F915EBC9017918C9B2BA
:1076200018EB0400C0B200F0E5F80BE000225FFAAE
:1076300089F915EBC9017918C9B218EB0400C0B279
:1076400000F0D8F87F1CC1E719F10109AAE718F189
:1076500001089FE79DF80000ACE0307A022840F076
:10766000A8807079082190FBF1F0401C8DF8000093
:1076700030799DF8001010FB01F08DF802003168A0
:107680009DF80820B079121A9DF80200424301EBE0
:107690000200019096F804B000208DF8010000214E
:1076A0000020002210009DF80030C0B298420CD299
:1076B0003079431E9DF801001B1A13FB02F0019B59
:1076C000C0B2185C0100521CECE70800C0B20028F0
:1076D0000BD1BBF1010B5846C0B2002805D09DF874
:1076E0000100401C8DF80100D9E7002738009DF803
:1076F0000010C0B2884259D25FF000084046594697
:10770000C0B2C9B288424FD201993A00D2B23079A0
:10771000424301EB02004146C9B210F801905FF00C
:10772000000A5046C0B208283BDA4046C0B250FAC0
:1077300084F0802808DA3800C0B2C00050FA85F022
:1077400050FA8AF0402801DB002033E03800C0B254
:10775000C00050FA8AF0717988421FDA012111FACB
:107760000AF14846C0B208420CD00122FFB215EB24
:10777000C7011AEB0101C9B218EB0400C0B200F056
:1077800039F80BE00022FFB215EBC7011AEB01013B
:10779000C9B218EB0400C0B200F02CF81AF1010ACB
:1077A000BFE718F10108A9E77F1C9FE75846C0B260
:1077B00000E00020BDE8FE8FF8B504000F001500C2
:1077C0000B484079D0F13F003900C9B288420EDB46
:1077D000287800280BD02A783900C9B22000C0B21E
:1077E000FFF74DFE0600701C04196D1CF0E7F1BD9B
:1077F0003C2C0020F8B504000D0016002000C0B29B
:10780000802803DA2800C0B2402800DB57E03000AF
:10781000C0B2002824D02900C9B20822DFF8CC3138
:107820002800C0B2082790FBF7F78020474357FA9B
:1078300084F72800C0B25FF0080C90FBFCFC8020AD
:1078400000FB0CFC5CFA84F0185C5FF0010C91FB0F
:10785000F2FE02FB1E111CFA01F10143D95524E08E
:107860002900C9B20822DFF884312800C0B20827F5
:1078700090FBF7F78020474357FA84F72800C0B2FF
:107880005FF0080C90FBFCFC802000FB0CFC5CFA19
:1078900084F0185C5FF0010C91FBF2FE02FB1E11FC
:1078A0001CFA01F130EA0101D9552B00DBB22200AC
:1078B000D2B22900C9B22000C0B2FFF769FCF1BD05
:1078C0002DE9F84F05000E00170098460A9C380075
:1078D000C0B22900C9B2401A03F0F7FD8146404604
:1078E000C0B23100C9B2401A03F0EFFD814502DA9F
:1078F0005FF0010B01E05FF0000B5846C0B20028BA
:1079000005D028003500060038004746804638007C
:107910002900C0B2C9B2884205D228003D00070044
:107920003000464680464346DBB23A00D2B23100D0
:10793000C9B22800C0B2FFF72BFC781B8DF80000FD
:107940004046C0B23100C9B2401A03F0BEFD8DF806
:1079500001009DF80000022190FBF1F93000414642
:10796000C0B2C9B2884202D25FF0010A01E05FF002
:10797000FF3A38002900C0B2C9B2884224D3584621
:10798000C0B2002808D02200D2B22900C9B230000B
:10799000C0B2FFF72FFF07E02200D2B23100C9B218
:1079A0002800C0B2FFF726FF9DF80100B9EB0009DF
:1079B000484640B2002805D51AEB06069DF800009F
:1079C00010EB09096D1CD4E7BDE8F18FF8B5040090
:1079D0004FF480652600064807682A003100380009
:1079E00001F06AFCFFF71EFCF1BD0000441300200B
:1079F0007C2C002030B403004FF6FF7000248C4232
:107A000013DA1A5D50400822002A0CD0C50706D5AB
:107A100080B2400880F4204090F0010001E080B284
:107A20004008521EF0E7641CE9E780B230BC7047A2
:107A30002DE9F84305000E0017009846089C5FF0FA
:107A400000092868494689B2465419F10109286895
:107A5000494689B2475419F10109404680B2000AEB
:107A600029684A4692B2885419F1010928684946A2
:107A700089B200F8018019F10109200080B2000AE2
:107A800029684A4692B2885419F101092868494682
:107A900089B2445419F10109494689B22868FFF7AF
:107AA000A9FF010028684A4692B2815419F10109E0
:107AB000080080B2000A2A684B469BB2D05419F1E4
:107AC0000109A5F804900120BDE8F2832DE9F84FE3
:107AD00006000F00904699460A9DDDF82CA0002470
:107AE00000213068220092B28754641C3068220062
:107AF00092B200F80280641C484680B2000A3268E4
:107B000023009BB2D054641C3068220092B200F86B
:107B10000290641C4046C0B2062802D0102807D04C
:107B20001CE0280080B2012801D0002040E015E0D0
:107B3000280080B2000A326823009BB2D054641C33
:107B40003068220092B28554641C2800C0B2400004
:107B5000326823009BB2D054641CFFE75FF0000B37
:107B6000584680B2290089B2B0EB410F0BDA584673
:107B700080B21AF800003168220092B28854641C66
:107B80001BF1010BECE7210089B23068FFF732FFEF
:107B900001003068220092B28154641C080080B257
:107BA000000A326823009BB2D054641CB4800120C8
:107BB000BDE8F28F2DE9F84F05000E00170098463A
:107BC0000A9CDDF82C905FF0000B002029685A46D3
:107BD00092B28E541BF1010B29685A4692B28F540F
:107BE0001BF1010B2100C9B249002A685B469BB218
:107BF000D1541BF1010B5FF0000A504680B2210006
:107C000089B2B0EB410F0CDA504680B219F800008F
:107C100029685A4692B288541BF1010B1AF1010AE5
:107C2000EBE7594689B22868FFF7E4FE01002868AF
:107C30005A4692B281541BF1010B080080B2000A2F
:107C40002A685B469BB2D0541BF1010BA5F804B027
:107C50000120BDE8F28F2DE9F84F05000E00170056
:107C600098460A9CDDF82C905FF0000B5FF0000A4C
:107C70002868594689B246541BF1010B28685946B9
:107C800089B247541BF1010B404680B2000A2968B3
:107C90005A4692B288541BF1010B2868594689B2A2
:107CA00000F801801BF1010B3800C0B2062802D099
:107CB00010281DD02CE0200080B2012801D0002027
:107CC0003EE000208246504680B2210089B2B0EBEF
:107CD000410F0CDA504680B219F8000029685A4664
:107CE00092B288541BF1010B1AF1010AEBE70FE085
:107CF000200080B2000A29685A4692B288541BF1CB
:107D0000010B2868594689B244541BF1010BFFE767
:107D1000594689B22868FFF76DFE010028685A4667
:107D200092B281541BF1010B080080B2000A2A684C
:107D30005B469BB2D0541BF1010BA5F804B00120A7
:107D4000BDE8F28F80B5D448D44901605FF4E131D9
:107D50004160002181600021C160002101610C218E
:107D6000416100218161002101620021416200F036
:107D700005FA002801D003F00BFC01BD80B5C8480E
:107D8000C84901604FF41651416000218160002113
:107D9000C160002101610C2141610021816100214C
:107DA000C161002101620021416200F0E7F9002871
:107DB00001D003F0EDFB01BD80B5BB48BB490160BC
:107DC0004FF416514160002181600021C160002103
:107DD00001610C214161002181610021C16100210B
:107DE00001620021416200F0C9F9002801D003F0CE
:107DF000CFFB01BD38B59EB00400142200216846B7
:107E000003F0C8FB6022002106A803F0C3FB206832
:107E1000A249884252D1202006900020119006A845
:107E200003F0C2FB002801D003F0B2FBA0480168B8
:107E300051F001010160006810F001000590059803
:107E40009C48016851F002010160006810F00200D6
:107E5000059005984FF440600090022001900120A9
:107E60000290032003900820049069469248FAF794
:107E70001DFC924D92482860042068600020A86094
:107E80000020E86080202861002068610020A8614F
:107E90000020E86100202862280003F0F9FD002896
:107EA00001D003F075FB6567AC620022002146201B
:107EB00004F08FF8462004F0A1F8ABE0206879497F
:107EC000884251D10120069000200E9006A803F0B0
:107ED0006BFB002801D003F05BFB7A48016851F48A
:107EE00080410160006810F4804005900598714859
:107EF000016851F002010160006810F00200059075
:107F00000598C020009002200190002002900320DC
:107F100003900720049069466748FAF7C7FB6A4D4B
:107F20006A482860022068600020A8600020E8609D
:107F300080202861002068610020A8610020E8619D
:107F400000202862280003F0A3FD002801D003F0E0
:107F50001FFB6567AC6200220021252004F039F880
:107F6000252004F04BF855E020685049884251D153
:107F7000042006900020109006A803F015FB0028AE
:107F800001D003F005FB5248016851F480210160E3
:107F9000006810F48020059005984648016851F06B
:107FA00004010160006810F00400059005984FF48A
:107FB0004060009002200190002002900320039076
:107FC0000720049069464348FAF770FB424D434846
:107FD0002860022068600020A8600020E8608020FF
:107FE0002861002068610020A8610020E86100206D
:107FF0002862280003F04CFD002801D003F0C8FAE5
:108000006567AC6200220021272003F0E2FF2720F1
:1080100003F0F4FF1FB030BD10B5040020681F4905
:10802000884210D1224801684908490001604FF494
:1080300040612148FAF71BFC606F03F099FD462070
:1080400003F0E3FF27E02068164988420FD11D485E
:10805000016831F480410160C0211748FAF707FC3C
:10806000606F03F085FD252003F0CFFF13E020684B
:108070000E4988420FD11648016831F48021016011
:108080004FF440611348FAF7F2FB606F03F070FDA4
:10809000272003F0BAFF10BDE82400200080004034
:1080A0007025002000380140F825002000480040DD
:1080B0005C1002404C10024000040048C829002017
:1080C0008004024060100240102A00205800024044
:1080D0005810024000080048582A00203000024092
:1080E00080B51848FAF7EAFC02201749087001BD6C
:1080F00080B501221549164800F0E3F8002201215D
:10810000272003F066FF272003F078FF01BD7047AA
:1081100038B504000B480D490A78036885885A551C
:108120008288521C8280828840F2FF139A4201D3D7
:10813000002282800122064800F0C3F80120024993
:10814000087031BD3C0E0020D32C0020D22C002022
:10815000F825002070B50400FEF798FE0500260003
:1081600016F1010F02D0044800783618FEF78EFE93
:10817000401BB042FAD370BD8F0E002010B5040032
:10818000002C01D1012035E0A0690028FFD1E06F6B
:10819000002805D1002084F878002000FFF72AFE8F
:1081A0002420E067206800684008400021680860DB
:1081B000606A002802D0200000F0DEFB200000F002
:1081C0005FFA012801D1012014E02068406830F4F2
:1081D0009040216848602068806830F02A0021685B
:1081E00088602068006850F0010021680860200065
:1081F00000F02FFC10BD2DE9FC4706000D00170014
:108200009846F06F202859D1002D03D0380080B255
:10821000002801D1012052E00020C6F8840021206E
:10822000F067FEF733FE8146A6F85070A6F852704C
:10823000B068B0F5805F05D13069002802D1002414
:10824000AA4602E02C005FF0000AB6F852000028AF
:1082500022D0CDF800804B4600228021300000F073
:1082600061FC002803D02020F067032027E0002CC9
:1082700008D1BAF80000C005C00D316808851AF1B0
:10828000020A03E0207831680885641CB6F85200C1
:10829000401EA6F85200D8E7CDF800804B460022D9
:1082A0004021300000F03EFC002803D02020F06781
:1082B000032004E02020F067002000E00220BDE859
:1082C000F68770B505000C001600D5F88000202850
:1082D00024D1002C03D0300080B2002801D101202D
:1082E0001DE0002028662868DFF8901388420ED031
:1082F0002868406800020AD5286850E8000F50F04E
:10830000806001002A6842E800100028F4D13200A1
:1083100092B22100280000F054FC00E0022070BD61
:108320002DE9F04706003068C7693068D0F8008052
:108330003068D0F8089040F60F043C40002C0BD178
:10834000B80609D55FEA886006D5B06E002802D06D
:108350003000B16E88478FE1002C00F0AA805FEA00
:10836000C97005D4DFF8080618EA000F00F0A180F4
:1083700017F00100C0B200280BD05FEAC85008D542
:10838000012031680862D6F8840050F00100C6F878
:108390008400B8070DD519F00100C0B2002808D03C
:1083A000022031680862D6F8840050F00400C6F854
:1083B000840078070DD519F00100C0B2002808D05C
:1083C000042031680862D6F8840050F00200C6F834
:1083D0008400380710D55FEA886004D419F00100E2
:1083E000C0B2002808D0082031680862D6F884009E
:1083F00050F00800C6F8840038050CD55FEA481034
:1084000009D54FF4006031680862D6F8840050F056
:108410002000C6F88400D6F88400002848D0B806AA
:1084200008D55FEA886005D5B06E002802D030001C
:10843000B16E8847D6F88400050030688068400631
:1084400002D415F0280F2DD0300000F09EFC3068CB
:108450008068400622D53068083050E8000F30F0C0
:1084600040000100306810F1080242E800100028C6
:10847000F1D1706F00280DD0DFF8F804716F8863B8
:10848000706F03F055FC002812D0706F716F896B0C
:1084900088470DE0300003F011FE09E0300003F0E2
:1084A0000DFE05E0300003F009FE0020C6F8840050
:1084B000E2E0306E012840F0BD80F80640F1BA805D
:1084C0005FEAC86040F1B680102031680862306809
:1084D000806840066DD5706F0068D0F804A05046E3
:1084E00080B2002852D05046B6F8581080B2884268
:1084F0004CD2A6F85AA0706F00680068800639D484
:10850000306850E8000F30F480700100326842E8B3
:1085100000100028F4D13068083050E8000F4008FF
:1085200040000100306810F1080242E80010002805
:10853000F1D13068083050E8000F30F04000010001
:10854000306810F1080242E800100028F1D1202024
:10855000C6F8800000203066306850E8000F30F028
:1085600010000100326842E800100028F4D1706F5A
:1085700003F0B4FB02207066B6F85810B6F85A0043
:10858000091A89B2300003F07AFD11E05046B6F8BE
:10859000581080B288420BD1706F00680068800666
:1085A00006D502207066B6F85810300003F067FD5B
:1085B00062E0B6F85800B6F85AA0B0EB0A0AB6F86E
:1085C0005A00002835D0504680B2002831D030689B
:1085D00050E8000F30F490700100326842E800105B
:1085E0000028F4D13068083050E8000F40084000FF
:1085F0000100306810F1080242E800100028F1D1B3
:108600002020C6F88000002030660020B066306868
:1086100050E8000F30F010000100326842E800100E
:108620000028F4D102207066514689B2300003F070
:1086300026FD21E0F8020AD55FEA492007D55FF45C
:10864000801031680862300003F0CAFD14E038067B
:1086500009D55FEA086006D5F06E002802D0300028
:10866000F16E884708E0780606D55FEA486003D5D2
:10867000300000F054FCFFE7BDE8F08700800040C8
:108680002DE9F04704000026DFF8A8192068884289
:10869000FFD0A2682069024360690243E069024397
:1086A00020680368DFF890090340134320680360E3
:1086B0002068436833F44053E06803432068436014
:1086C000D4F818802068884202D0206A50EA08084E
:1086D0002068806830F4306058EA000022689060BA
:1086E0002068DFF8482A904216D1DFF8440A006873
:1086F00010F00300002805D0022805D006D3032877
:1087000006D007E0012760E002275EE004275CE076
:1087100008275AE0102758E02068DFF8182A90420E
:1087200017D1DFF80C0A006810F00C00002806D002
:10873000042808D0082804D00C2806D007E0002719
:1087400043E0022741E004273FE008273DE01027EF
:108750003BE02068DFF8E029904217D1DFF8D0092C
:10876000006810F03000002806D0102808D020281B
:1087700004D0302806D007E0002726E0022724E0B6
:10878000042722E0082720E010271EE02068884206
:108790001AD1DFF89C09006810F44060002809D065
:1087A000B0F5806F0AD0B0F5006F05D0B0F5406F1E
:1087B00006D007E0002708E0022706E0042704E0CF
:1087C000082702E0102700E010272068884246D1E1
:1087D0003800C0B2002806D0022808D0042809D0EA
:1087E00008280BD00DE004F06BF981460DE0DFF8AE
:1087F0004C990AE004F0F7F8814606E04FF400498E
:1088000003E05FF0000901200600B9F1000F00F05D
:10881000A580616803204143894505D361684FF411
:1088200080504143494502D20120060096E04FF4B2
:108830008072606840080021E2FB09016268002341
:1088400000F08EFD0500B5F5407F05D3B5F5801F1E
:1088500002D22068C56081E0012006007EE0E06968
:10886000B0F5004F41D13800C0B2002808D001282F
:108870000AD002280CD004280DD008280FD011E00F
:1088800004F01EF9814611E004F027F981460DE05D
:10889000DFF8A8980AE004F0A6F8814606E04FF455
:1088A000004903E05FF0000901200600B9F1000F64
:1088B00054D06068400810EB49006168B0FBF1F0EB
:1088C0000500102D0ED3B5F5803F0BD24FF6F07199
:1088D0002940C5F3420001438A46504680B22168D0
:1088E000C8603BE00120060038E03800C0B2002834
:1088F00008D001280AD002280CD004280DD008285E
:108900000FD011E004F0DCF8814611E004F0E5F846
:1089100081460DE0DFF824980AE004F064F881460F
:1089200006E04FF4004903E05FF000090120060073
:10893000B9F1000F12D0606819EB50006168B0FB0C
:10894000F1F00500102D07D3B5F5803F04D22800C3
:1089500080B22168C86001E0012006000020A06606
:108960000020E0663000C0B2BDE8F08700000000E3
:1089700020010004058F000890F82410090707D58E
:1089800001684A6832F40042416B0A4301684A6058
:1089900090F82410C90707D501684A6832F40032FC
:1089A000816A0A4301684A6090F82410890707D554
:1089B00001684A6832F48032C16A0A4301684A6039
:1089C00090F82410490707D501684A6832F48022DC
:1089D000016B0A4301684A6090F82410C90607D564
:1089E00001688A6832F48052816B0A4301688A60A8
:1089F00090F82410890607D501688A6832F400527D
:108A0000C16B0A4301688A6090F82410490613D5A7
:108A100001684A6832F48012016C0A4301684A60B6
:108A2000016CB1F5801F07D101684A6832F4C002B9
:108A3000416C0A4301684A6090F82410090607D582
:108A400001684A6832F40022816C0A4301684A6076
:108A5000704738B504000020C4F88400FEF716FA09
:108A600005002068006800071DD57FF07E4000905B
:108A70002B0000225FF40011200000F053F80028C2
:108A800011D0206850E8000F30F08000010022680B
:108A900042E800100028F4D12020E067002084F88C
:108AA000780003203DE02068006840072CD57FF067
:108AB0007E4000902B0000225FF48001200000F037
:108AC00031F8002820D0206850E8000F30F4907072
:108AD0000100226842E800100028F4D12068083024
:108AE00050E8000F400840000100206810F1080223
:108AF00042E800100028F1D12020C4F880000020B6
:108B000084F8780003200CE02020E0672020C4F8DF
:108B100080000020206600206066002084F8780035
:108B2000002032BD2DE9F04105000E0090461F00E7
:108B3000069C2868C0693040B04201D1012000E0A5
:108B400000204146C9B2884238D114F1010FF0D05B
:108B5000FEF79CF9C01B844201D3002C01D10320F5
:108B60002DE0286800684007E3D5802EE1D0402E34
:108B7000DFD02868C06900070DD508202968086281
:108B8000280000F002F90820C5F88400002085F8CC
:108B90007800012013E02868C0690005C9D54FF4AA
:108BA000006029680862280000F0EFF82020C5F86E
:108BB0008400002085F87800032000E00020BDE854
:108BC000F08130B403005965A3F85820A3F85A2067
:108BD000002098669868B0F5805F0BD1186900286E
:108BE00004D140F2FF10A3F85C0023E0FF20A3F8BB
:108BF0005C001FE0986800280AD11869002803D19A
:108C0000FF20A3F85C0015E07F20A3F85C0011E0D2
:108C10009868B0F1805F0AD11869002803D17F20DD
:108C2000A3F85C0006E03F20A3F85C0002E000200F
:108C3000A3F85C000020C3F884002220C3F8800061
:108C40001868083050E8000F50F001000400186860
:108C500010F1080545E800400028F1D19868B0F50A
:108C6000805F06D11869002803D10FF2D1309866D1
:108C700002E00FF2D5209866186900280BD018681A
:108C800050E8000F50F4907004001D6845E8004063
:108C90000028F4D10AE0186850E8000F50F02000D6
:108CA00004001D6845E800400028F4D1002030BCD5
:108CB000704770B504000D0016006565A4F8586093
:108CC0000020C4F884002220C4F88000606F0028CF
:108CD00021D00FF21510616FC8620FF2B110616FF1
:108CE00008630FF2D110616F48630020616F8863E1
:108CF00033009BB2626D206810F12401606F02F0B6
:108D0000A1FF002807D01020C4F884002020C4F858
:108D1000800001202AE0206900280AD0206850E85D
:108D2000000F50F480700100226842E80010002813
:108D3000F4D12068083050E8000F50F00100010025
:108D4000206810F1080242E800100028F1D12068E4
:108D5000083050E8000F50F040000100206810F18A
:108D6000080242E800100028F1D1002070BD01681F
:108D700051E8001F31F0C0010A00036843E80021F8
:108D80000029F4D12021C1677047016851E8001F14
:108D900031F490710A00036843E800210029F4D1FE
:108DA0000168083151E8001F490849000A000168BC
:108DB00011F1080343E800210029F1D1016E0129D6
:108DC0000AD1016851E8001F31F010010A00036860
:108DD00043E800210029F4D12021C0F880100021AF
:108DE000016600218166704738B50400A56A2068D5
:108DF000006880063AD40020A5F85A00286850E898
:108E0000000F30F4807001002A6842E8001000284A
:108E1000F4D12868083050E8000F400840000100F5
:108E2000286810F1080242E800100028F1D12868F3
:108E3000083050E8000F30F040000100286810F1C1
:108E4000080242E800100028F1D12020C5F8800077
:108E5000286E01280AD1286850E8000F30F0100071
:108E600001002A6842E800100028F4D1002068665A
:108E7000286E012805D1B5F85810280003F0FFF836
:108E800002E0280003F0E0F831BD000038B504002E
:108E9000A56A01206866286E012807D1B5F8581028
:108EA000490889B2280003F0EAF802E0280003F03C
:108EB00097FE31BDF8B50400A56AEE6FD5F8807055
:108EC00028688068000607D5212E05D10020A5F866
:108ED00052002800FFF74BFF28688068400607D53E
:108EE000222F05D10020A5F85A002800FFF74DFFDA
:108EF000D5F8840050F01000C5F88400280003F075
:108F0000DDF8F1BD38B50400A56A0020A5F85A00C7
:108F10000020A5F85200280003F0D0F831BD10B5AC
:108F20000400206850E8000F30F040000100226883
:108F300042E800100028F4D12020E0670020E0661D
:108F4000200003F04EFE10BD70B50500B5F85C6062
:108F5000D5F88000222866D12868808C040016EAA3
:108F60000400696D0870686D401C6865B5F85A00AA
:108F7000401EA5F85A00B5F85A00002859D12868B3
:108F800050E8000F30F4907001002A6842E80010A9
:108F90000028F4D12868083050E8000F400840004D
:108FA0000100286810F1080242E800100028F1D101
:108FB0002020C5F880000020A86600206866286888
:108FC0001C4988420ED02868406800020AD52868EB
:108FD00050E8000F30F0806001002A6842E800107D
:108FE0000028F4D1286E012819D1002028662868AD
:108FF00050E8000F30F0100001002A6842E800102D
:109000000028F4D12868C069C00602D5102029685C
:109010000862B5F85810280003F031F809E028007C
:1090200003F012F805E02868008B50F0080029686A
:10903000088370BD00800040F369FFEFF8B50500BC
:10904000B5F85C70D5F88000222867D12868808C3C
:109050000400686D060017EA04003080686D801C0B
:109060006865B5F85A00401EA5F85A00B5F85A00D0
:10907000002859D1286850E8000F30F490700100A2
:109080002A6842E800100028F4D12868083050E827
:10909000000F400840000100286810F1080242E873
:1090A00000100028F1D12020C5F880000020A8661B
:1090B000002068662868224988420ED028684068E7
:1090C00000020AD5286850E8000F30F080600100E7
:1090D0002A6842E800100028F4D1286E012819D12E
:1090E00000202866286850E8000F30F010000100CA
:1090F0002A6842E800100028F4D12868C069C00638
:1091000002D5102029680862B5F85810280002F02E
:10911000B6FF09E0280002F097FF05E02868008B01
:1091200050F0080029680883F1BD000000380140B4
:109130008810024000440040004800400024F40031
:10914000008000402DE9F74F82B000265FF0000A52
:109150005FF0000B54465D46002000900127DDF8CB
:109160000C80DDF80890049810F0070F2BD10498BC
:10917000C008002182468B4603F08CFD4FF47A70C4
:1091800003F0A0FD00200600300080B20021594508
:1091900017D801D3504514D2D8E9000104000D00BE
:1091A00022002B004946002003F01CFD0700380078
:1091B000C0B2012805D019F1080918F10808761C79
:1091C000E2E703F078FD3800C0B205B0BDE8F08FEB
:1091D00070B50400012503F05DFD06004FF47A70C0
:1091E00003F070FD3000C0B200280FD1C4F3CC20D2
:1091F000B0F5807F05D20121C4F3CC2003F0CEFD71
:1092000004E00121C4F3CC2003F0C8FD4FF47A70D0
:1092100003F058FD05000548016831F002010160C6
:1092200003F049FD2800C0B270BD000014200240C8
:109230002DE9F041C0B004000D00160000274FF4E6
:1092400080710022E8464046FEF7D8F82000FFF77C
:10925000BFFFA5208DF8000030008DF801005FF001
:1092600000084046310080B289B288420AD24046A6
:1092700080B2285C6946424692B21144887018F167
:109280000108EEE7B61C300080B20821B6B20836FD
:10929000361A90FBF1F001FB0066320092B269468B
:1092A0002000FFF74FFF002801D0002000E0012040
:1092B00040B0BDE8F081000062B38B0708D0521EB9
:1092C00011F8013B00F8013B00F024808B07F6D138
:1092D000830740F0208000BF103A07D330B4B1E8D4
:1092E0003810103AA0E83810F9D230BC530724BF28
:1092F000B1E80810A0E8081044BF51F8043B40F85A
:10930000043BD20724BF31F8022B20F8022B44BFC4
:109310000B7803707047121F17D35B0009D151F807
:10932000043B20F8023B1B0C121F20F8023BF6D234
:109330000BE051F8043B00F8013B1B0A20F8023B0C
:109340001B0C121F00F8013BF3D238BF121D521E36
:1093500024BF11F8013B00F8013BF8D8704700002A
:10936000BBBBE1B1B2F5803F80F07E80022A1ED9FE
:109370008C46B1FBF2F102FB11C31B0443EA10431C
:10938000B3FBF2FC02FB1C3380B240EA0343B3FBA5
:10939000F2F002FB103240EA0C4000237047022A30
:1093A00005D98446B0FBF2F002FB10C270474AB107
:1093B00005D100F0010249085FEA30007047002241
:1093C0000023704703F03ABD0B000200002100208B
:1093D0007047904271EB030CF6D3B3F5803F2FD268
:1093E000F0B5B3FA83F7B1FA81F4A7F10F0E3D1B84
:1093F0005340CEF1200602FA0EF2F3415340B5F18C
:109400000F0746D80F3C2C444140C4F12006A04031
:10941000F1414140B1FBF3F603FB1611A2FB0645F7
:10942000001BA94102D2761E8018594180EA010230
:1094300021FA0EF362FA0EF200215A403046F0BDD6
:1094400030B4B1FBF3FC03FB1C11A2FB0C45001B69
:10945000A94103D2ACF1010C8018594130BC02463D
:109460000B46604600217047B2F1807F65D3F0B5AE
:10947000B2FA82F7B1FA81F4C7F10F063D1B22FA66
:1094800006F307F1110EF24120355A40B5F10F07EE
:10949000B8D94140C4F12006A040F1414140B1FBA0
:1094A000F3FC03FB1C11A2FB0C45001BA94103D2DA
:1094B000BCF1010C801859410F2F12D30F3FC90383
:1094C00041EA5041B1FBF3F603FB1611A2FB06453E
:1094D000D4EBC030A94102D2761E8018594146EA29
:1094E000CC3C07B34140C7F12006B840F1414140B0
:1094F000B1FBF3F603FB1611A2FB0645001BA941C5
:1095000002D2761E8018594180EA010221FA0EF338
:10951000C7F1200462FA0EF20CFA07F05A402CFA56
:1095200004F13043F0BD80EA010221FA0EF300217C
:1095300062FA0EF260465A40F0BD8C46B1FBF2F181
:1095400002FB11C31B0243EA1063B3FBF2FC02FBF4
:109550001C331B024CEA002043EA1063B3FBF2FC0D
:1095600002FB1C331B024CEA002043EA1063B3FBEE
:10957000F2FC02FB1C331B024CEA002043EA10639E
:10958000B3FBF2FC02FB1C324CEA002000237047C4
:10959000B0B581EA030C0CF0004C40F2FF7515EAFF
:1095A00011541DBF15EA1357AC42AF4239E0E4191C
:1095B00023EA455343F48013C90241F0004141EAD4
:1095C000505EC7021100A7FB020200284FF0000006
:1095D000EEFB01204FF00001E3FB072118BF42F032
:1095E0000102401800214941E3FB0E01A4F580640B
:1095F0000F0302D252004041494154F101046CDD95
:10960000470872F1004250F1000051EB0451A1F5FE
:1096100080115CBF41EA0C01B0BD4CEA055100204D
:10962000B0BD05EA1357AC4214BFAF4241E050EA67
:10963000410E1CBF52EA430E02E061460020B0BD5D
:1096400024423C441BD15FEA070EF6D0090302BF57
:1096500001460020AEF1140EB1FA81F7AEEB07041B
:1096600001FA07FE0C37C7F1200100FA07F7C840DE
:109670004EEA000E23EA455343F48013A2E733F089
:109680000043B3FA83F704BFB2FA82FE77440B3F7C
:10969000E41BB7F1200E2FBF02FA0EF3BB40C7F157
:1096A000200E22FA0EFE38BF43EA0E03BA40641CB5
:1096B00082E750EA410E14BF52EA430E6FF00001F8
:1096C0004FF4001717EB430F8ABF194617EB410FF2
:1096D000B5E74CEA05510020B0BDD4F10104B4F166
:1096E00020070FDAC4F12007520828BF42F0010218
:1096F00010FA07F501FA07F7E1BF2A43E0403843C3
:10970000E1400FE0352C98DCC7F1200452EA40021A
:1097100020FA07F218BF42F0010231FA07F0A14027
:109720000A43002172F1004250F1000051EB0C019C
:10973000B0BD000070B44FF0004591EA030F43F153
:1097400087836B40841A71EB030604D26E40001BC2
:10975000B141121973414FF4001C1CEB410F34BF8F
:109760007CEB430683E00C0DA4EB1356362E00F37E
:109770007C80012E45EAC32341DC43EA525312BFE9
:10978000D20292025B08240545EAC12141EA505108
:10979000D2EBC020994125D407D1B0FA80F610FA57
:1097A00006F162D00020203608E0B1FA81F6B1401F
:1097B000C6F1200220FA02F21143B0404FEAF474DD
:1097C000B4EB465434F001064FEA74040AD8D6F5D7
:1097D0000016760D04F00044F04061FA06F25040A5
:1097E000F1404840C00A40EA415021F0004128BF02
:1097F0005FEA500550F1000044EBD12135E0DB0A6F
:1098000045EAC121C90AB6F120050EDD42EA02424D
:10981000120CC5F1200603FA06F6EB4042EA0605F3
:109820006D42984161F100010DE062FA06F5F240E7
:10983000554063FA06FC82EA0C02F3405A406D423E
:10984000904161EB030111F4801F05D1641E620594
:1098500002D06D004041494121F48011430875F167
:10986000004350F1000041EB045170BC70471CEB09
:10987000410F15D223F0004352EA43060BD04FEAC2
:109880004C0CBCEB410F04D80C0D661E342EB7DD1A
:10989000EBE7801A994150EA410608BF0021E4E74E
:1098A00008BF1CEB430F28BF6FF00001DDE700008D
:1098B000C1F30A5340F2FE329B1A14DDD3F12003A8
:1098C0004FEAE17208DDC90241EA505141F000401F
:1098D000D84080185040704703F2E13010B1D243B5
:1098E00082F0004070470020704700002DE9F04DE5
:1098F0002DED0A8B41EC190B43EC182B51EC180B96
:1099000020F0000431F0004508BF002C84B000F0C6
:10991000088353EC192B0020DFF88C1603F002FBB0
:1099200000F0FF82DFF8141603F0FCFA08D151ECC6
:10993000180B48004015401C02D1090300F0F182C9
:1099400051EC190B48004015401C00F00E8251EC00
:10995000190B31F0004108BF002800F0068251ECDD
:10996000180B48004015401C00F0FF8151EC180B0B
:109970004B0043EAD0734200002B08BF002A04D1F9
:10998000B0EE48AAF0EE68AA19E040F23344A4EB26
:109990005352352A04DB00F0000001F000410CE0D6
:1099A000202A03DD203AD140914000E001D100207F
:1099B00003E0002AC4BFD040904041EC1A0B51ECA8
:1099C000190BC80F0BD053EC182B51EC1A0B03F0EA
:1099D000A9FA04D0AFF300809FED3F9BA3E253ECC4
:1099E000192B23F00041B1F5801F22F000000DD2A9
:1099F0000022002908BF0028009216D06A4651ECC8
:109A0000190B03F09FFA41EC190B0EE0DFF8AC459F
:109A1000DFF82C7504EB115000903B40DFF8240573
:109A2000924643EA000B4BEC19AB51EC190BC80FF3
:109A300036D021F0004053EC192B034643EC192B90
:109A400051EC1A0B4B0043EAD0734200002B08BFC5
:109A5000002A04D1B0EE4A0AF0EE6A0A19E040F298
:109A60003444A4EB5352352A04DB00F0000001F02B
:109A700000410CE0202A03DD203AD140914000E073
:109A800001D1002003E0002AC4BFD040904041EC47
:109A9000100B53EC1A2B51EC100B03F043FA01D1CD
:109AA000002600E00126009801281DD151EC190B79
:109AB000DFF89424DFF8943403F07CFA14D253ECEA
:109AC000192B00204FF08041FFF762FD00279FED2A
:109AD00004BB41EC190B27E0FFFFFFFFFFFFFF7FF7
:109AE000000000000000F03F53EC192B0020DFF8CD
:109AF0006014FFF74DFD9FED78AB53EC1A2BFFF789
:109B000019FEFFF7D5FEA0F120042046FCF79AFFCE
:109B10000022DFF84034FFF73BFD53EC1A2BFFF730
:109B200009FE41EC1B0B670151EC190B53EC1B2B8D
:109B300003F086F941EC1A0B53EC192B51EC1B0B7B
:109B4000FFF7F8FD02460B4651EC1A0BFCF79CFFA1
:109B500041EC190B53EC192BFFF71AFD41EC1C0BD0
:109B600053EC1C2BDFF8F003DFF8F013FFF710FDC8
:109B7000DFF8EC23DFF8EC33FFF7DCFD53EC1C2BB4
:109B8000FFF706FDDFF8E023DFF8E033FFF7D2FD53
:109B900053EC1C2BFFF7FCFCDFF8D423DFF8D433A5
:109BA000FFF7C8FD53EC1C2BFFF7F2FCDFF8C823CE
:109BB000DFF8C833FFF7BEFD53EC1C2BFFF7E8FCC2
:109BC000DFF8BC23DFF8BC33FFF7B4FD53EC1C2BEC
:109BD000FFF7DEFCDFF8B023DFF8B033FFF7AAFDB4
:109BE00053EC1C2BFFF7D4FC53EC1A2B03F028F991
:109BF00004460D460020DFF8B01353EC1B2B03F096
:109C00001FF900224FF08043FFF7C2FC22462B468B
:109C1000FFF790FD53EC192BFFF7BAFC41EC100B4A
:109C2000DFF86C03784400F55A70074453EC1A2BA4
:109C300051EC100BFFF77EFD41EC190B0098FCF77F
:109C400001FFD7E90023FFF775FD41EC1A0B53EC38
:109C5000192BDFF84003DFF84013FFF799FC53ECB2
:109C60001A2BFFF767FD53EC182BFFF791FC00222E
:109C7000DFF8283303F09EF941EC1B0B69D3012276
:109C8000C74B03F0AFF961D9C80F53EC1B2B1ABFB8
:109C90000020C449AB49FFF74DFDFFF709FE002244
:109CA000C14BCDE901238046CDF8008053EC192B40
:109CB00051EC180BFFF76CFC04460D46D7E9020186
:109CC000D7E90423FFF736FD53EC182BFFF760FCB0
:109CD0009FEDB6BB04E000BF000000000000E03FC5
:109CE00053EC1B2BFFF754FC22462B46FFF722FDBB
:109CF00007468B4653EC1A2B51EC180BFFF748FC28
:109D000004460D464046FCF79DFE02460B462046A3
:109D1000294603F095F853EC1B2BFFF739FC3A4624
:109D20005B46FFF707FDDDE9012303F073F941EC22
:109D3000190B31F0004108BF00280AD051EC190B73
:109D400048004015401C06D1090304D19FEDA09B9B
:109D500001E09FED9B9B002E00F0E58051EC190B7C
:109D600081F0004141EC190BDDE051EC190B48008A
:109D70004015401C02D1090340F0D58051EC180B6E
:109D800048004015401C06D1090304D0B0EE489AA3
:109D9000F0EE689AC7E051EC180B4800012440151A
:109DA000401C61D051EC180B4B0043EAD0734200C9
:109DB000002B08BF002A04D1B0EE48AAF0EE68AA32
:109DC00019E040F23345A5EB5352352A04DB00F08D
:109DD000000001F000410CE0202A03DD203AD140D0
:109DE000914000E001D1002003E0002AC4BFD04030
:109DF000904041EC1A0B53EC182B51EC1A0B03F06A
:109E000091F818BF00244B0043EAD0734200002BA6
:109E100008BF002A04D1B0EE4A0AF0EE6A0A19E03F
:109E200040F23445A5EB5352352A04DB00F0000024
:109E300001F000410CE0202A03DD203AD14091409E
:109E400000E001D1002003E0002AC4BFD0409040D0
:109E500041EC100B44B153EC1A2B51EC100B03F0F6
:109E600061F80CBF0024012451EC190B4800401587
:109E7000401C0AD1090308D151EC190BC80F21D19C
:109E800053EC182BDA0F49D040E051EC180B480086
:109E90004015401C1ED109031CD153EC192B23F093
:109EA0000041B1F5801F22F0000021D200220029DC
:109EB00008BF002800921FD06A4651EC190B03F02E
:109EC00041F819E051EC180BC80F01D1002C21E02A
:109ED000E4B10AE0002C1ABF51EC190BC80F0020A6
:109EE00053EC182BDA0F14D180B19FED329B1AE09E
:109EF000324C04EB1150009051EC180BC80F009835
:109F000002D100280ADC01E0002807DD9FED2C9B30
:109F100009E0002818BF9FED2C9B04D19FED2C9BDE
:109F200001E09FED049B04B051EC190BBDEC0A8BD2
:109F3000BDE8F08D000000000000F03F0000F0BF21
:109F4000FFFF0F800000E03FCD3B7F669EA0E63F15
:109F5000000050400000903FF7DE29BFD8F8C23F14
:109F6000F4B3FECC1A99C33F62CB68D96F46C73FA2
:109F7000C6C912DAC471CC3F4AE98A942449D23F57
:109F8000F75F97999999D93FBC5555555555E53F78
:109F9000185B0000FE822B654715F73F0000E0C00C
:109FA0000000E0400000E0BF0000F03FEF39FAFEA3
:109FB000422EE63F000000000000008002FCFFFF90
:109FC0000000000000000000000000000000F0FFA2
:109FD000000000000000F07F2DE9F14FB0B0924684
:109FE00004910DF142013A9A2B9199464A70002052
:109FF0000AE01AF8011B0498309A90470028049050
:10A0000000F0B6860D98401C0D909AF8000050B1F3
:10A010002528EED1002100220791089209910A9289
:10A020000B910C9204E00D9800F0A4BE41F00101E8
:10A030001AF8010F2028F9D023280CD02B2804D09F
:10A040002D2805D0302809D00BE041F00201EFE7C0
:10A0500041F00401ECE741F00801E9E741F01001AB
:10A06000E6E72A280FD1D9F8002052F8040BC9F8E6
:10A07000002000280F9003D540420F9041F00401CA
:10A080000AF1010A14E00F92DFF828380AE00F986D
:10A09000984205DA00EB800402EB4402303A0F925A
:10A0A0000AF1010A9AF80020A2F130000A28EED342
:10A0B0009AF800002E2803D04FF0FF320E9229E0CC
:10A0C0001AF8010F2A2809D1D9F8000050F8042BFA
:10A0D000C9F800000E920AF1010A1BE02D280CBFFE
:10A0E0000AF1010A002000220E92DFF8C8470BE0B7
:10A0F00040B90E9AA24205DA02EB820503EB450352
:10A10000303B0E930AF1010A9AF80030A3F13002B5
:10A110000A2AEDD3ADF84010DFF89C07784400F52B
:10A12000F3609AF8001003F069F908B11AF8010B0E
:10A130008DF842009DF84200682805D19AF8000089
:10A1400068280CD1622106E06C2804BF9AF8000050
:10A150006C2804D171218DF842100AF1010A12A86D
:10A1600006901AF801BBBBF125012CD01C3900F078
:10A17000D081091F022940F2CC81133900F02385D8
:10A18000093900F0C681891E00F0B885491E00F02B
:10A190006585491E022940F2BC81091F00F05E85D9
:10A1A000491F00F02881491E00F00D85491E00F06E
:10A1B000D080C91E0DD0891E00F00585C91E00F093
:10A1C000028500F0A6BD25238DF84830012100F05E
:10A1D000ABBDD9F8000050F8044BC9F80000002CC2
:10A1E000059440F0A3802B994878002800F09980CE
:10A1F0004FF0FF340FF6843003F00CF9201A40F0D2
:10A20000B78500F092BD6D1E40F0A9853096079D80
:10A2100012AF75B1309E17F8012B02A9304600F03D
:10A2200073FE002801D46D1EF5D10028309640F051
:10A230009F850A9D3020002D8DF804000CDD309E96
:10A24000012301AA02A9304600F06EFE002840F06A
:10A250008F856D1EF4D13096059F089D75B1309E97
:10A2600017F8012B02A9304600F04EFE002801D459
:10A270006D1EF5D10028309640F07A850B9D302078
:10A28000002D8DF804000CDD309E012301AA02A9E7
:10A29000304600F049FE002840F06A856D1EF4D17A
:10A2A000309605980899099D471875B1309E17F8A2
:10A2B000012B02A9304600F027FE002801D46D1EB4
:10A2C000F5D10028309640F053850C9D3020002DAC
:10A2D0008DF804000CDD309E012301AA02A930464E
:10A2E00000F022FE002840F043856D1EF4D1309628
:10A2F0009DF8400041077FF588AE2020002C8DF8A6
:10A3000004007FF782AE309D012301AA02A92846EE
:10A3100000F00AFE002840F02B85641EF4D1309531
:10A3200073E60FF66440059000F0FFBC0E9D002D13
:10A3300004D52046FCF74EFB044607E02A4620469B
:10A3400003F088F8002814BF041B2C46089400F082
:10A35000ECBCD9F8001051F8040BC9F8001020F03B
:10A360000004002121F0FF3512ABCDE90245059331
:10A37000DDE9022306993C2413B90AB90E9898B175
:10A3800002F00F053035641EEEB23A2EA8BF273515
:10A39000120942EA03721B090D5508BF002A03D0B7
:10A3A00005980D19A842EBD308190590C4F13C0299
:10A3B0000E98089282420ADABDF84010821A4FF6CF
:10A3C000EF7001400A92ADF8401000F0AEBC0028DA
:10A3D00040F1AB849DF8400000F01400102840F0DC
:10A3E000A4840F9B07990A985B1A1B1A9A1A002AD1
:10A3F00040F39B84E5E32B99487820B14FF0FF347C
:10A400000FF65430F8E69DF84200622861D06828C3
:10A4100017D06A283FD06C2806D0712847D07428FE
:10A420002CD07A281DD064E0D9F8001051F8040B24
:10A43000C9F80010002868D14FF0FF340FF6303013
:10A44000DAE6D9F8001051F8040BC9F8001020B969
:10A450004FF0FF340FF61830CEE60D99018000F072
:10A4600064BCD9F8001051F8040BC9F8001000289A
:10A470004BD14FF0FF340FF6F820BDE6D9F80010AD
:10A4800051F8040BC9F8001000283ED14FF0FF34FA
:10A490000FF6DC20B0E6D9F8001051F8040BC9F82B
:10A4A000001080B94FF0FF340FF6C420A4E6D9F8AD
:10A4B000001051F8040BC9F8001020B94FF0FF3418
:10A4C0000FF6AC2098E60D9AD317C0E9002300F0F0
:10A4D0002CBCD9F8001051F8040BC9F8001020B9B1
:10A4E0004FF0FF340FF6882086E60D99017000F0DA
:10A4F0001CBCD9F8001051F8040BC9F8001020B9A1
:10A500004FF0FF340FF6682076E60D99016000F0F9
:10A510000CBCD9F80020D21D22F00702C9F8002097
:10A52000D2E900010832C9F80020CDE90201C80FC4
:10A5300002D007982D210AE0BDF84000810702D51E
:10A5400007982B2103E0C00705D50798202112AA00
:10A550001154401C0790DDE90223079912A8CDE9A8
:10A560002C2308444BF020016129059021AC0BD02D
:10A570000E99002902D506210E9105E001BF4BF08E
:10A580002001672901220E92DDE9022359004915B5
:10A59000491C0DD11A030BD0ABF1610503211A2D13
:10A5A000089102D20FF6E41110E00FF6E4110DE06D
:10A5B00059004915491C0DD11A030BD1ABF16105A6
:10A5C00003211A2D089119D30FF6CC110322FEF79F
:10A5D00073FEAAE3DDE90201CDE92E01DDE92E23B8
:10A5E00023F00047B7F5801F22F000060DD20022AD
:10A5F000002F08BF002E009203D116E00FF6941131
:10A60000E4E76A4602F09EFC0FE0DFF8DC08DFF8C2
:10A61000DC1800EB17500090DDE92E234FF0FF30DF
:10A620001940DFF8CC7810403943CDE902014BF0F6
:10A63000200061280DD1059830210170821CBBF1EA
:10A64000610F05920CBF7821582141700798801C3A
:10A650000790DDE9020120F0000231F0004308BF5D
:10A66000002A02D10026002568E14BF02008B8F14D
:10A67000610F40F0B4800E98002847BF212101915E
:10A68000401C0190019FDDE92C017F1C002200236A
:10A69000DDE9024502F08EFC00998DF8842038BF78
:10A6A00085F00045091F002F00910DF1850653DD4F
:10A6B000204629460022002302F094FC4CD2480098
:10A6C000400D00F11C0212D0002A10DD40F2FF7391
:10A6D0009A4206DBDFF81C1805F000400143002019
:10A6E00011E06FF31E5141EA025120460BE024F0C5
:10A6F000000035F0004108BF00280FBF29461C228A
:10A70000294602F0D3FE04460D46FFF7D1F8FF1F9D
:10A71000002F804609DDFCF795F902460B462046DE
:10A72000294602F08DFB04460D46F01D0721B8F1C5
:10A73000000F0CDD491E5EBF08F00F0200F8012D6E
:10A740004FEA2818F3D502E0002200F8012D491E37
:10A75000FAD5C61D002FABDC0DF18500361A019825
:10A760008642D8BF304600280DF1850430D4B0426F
:10A7700006DA0DF185010A5C082AA8BF0F2100DA6C
:10A780000021024621AB134400E0401E13F801599A
:10A79000521E8D42F9D00F2904D10DF185018B5C39
:10A7A0005B1C8B54002A04D50099091D21AC401C68
:10A7B0000091411E0CD46218ABF13A061378303385
:10A7C000DDB23A2DA8BFF318491E02F80139F5D5BC
:10A7D0000E99002940F1B080421E0E92ACE0009923
:10A7E000DFF8142747F29750414391FBF2F2DDE97D
:10A7F0002C45009225F00045D2F1070204DD2046E9
:10A80000294600F04EFB0BE052420020DFF8EC1628
:10A8100000F047FB02460B4620462946FCF734F978
:10A820000446B8F1660F0E9806BF009F0A37062748
:10A830003F18142FC8BF142730200D468DF8840010
:10A840000DF18506002F39DD2046294602F0CCFEA9
:10A8500001460A4606F1080304200A26B2FBF6F672
:10A8600006EB860EA2EB4E02303203F8012C0A22D0
:10A87000B6FBF2F202EB820EA6EB4E063036401E1D
:10A8800003F8026DE9D1083F002F03F10806D9DD76
:10A890000846FCF751FA02460B462046294602F0CC
:10A8A000CFFA0022DFF85836FEF772FE04460D4656
:10A8B000CAE700BFCBCCCC0C846A00000DF1850048
:10A8C000361A0DF1850404E00098401E761E0090B3
:10A8D000641C20783028F7D0B8F1660F02D10099B7
:10A8E000491C04E0B8F1650F0CBF012100210E984E
:10A8F00008188642B8BF701E00281DD4B04204DA82
:10A90000215C3429C8BF392100DC30210246631E96
:10A910009D1800E0401E15F80169521E8E42F9D0C4
:10A92000392902D1A15C491CA154002A04D50099FF
:10A93000491C1C46401C00910646009D02F068FE22
:10A94000406A0778DDF8388030B2002802DC012642
:10A950000FF248644BF02000662808BF6D1C16D02B
:10A96000672846D128B210F1040F48DB404546DA8B
:10A970009DF840006D1C010703D430B24045B8BFBC
:10A98000804628B2B8EB000848BF4FF000080FFA25
:10A9900085FBBBF1000F00F3B5800898411C0891BE
:10A9A000302205990A54B8F1000F03DC9DF84000ED
:10A9B000010704D50898411C089105990F5418EB1C
:10A9C0000B0FB8BFC8F100052DB268420B90A84428
:10A9D00032B29045B8BF4646059B089836B20996F4
:10A9E000324621461844FEF767FCA8EB06000C909F
:10A9F000D2E0BBF1610F17D14FF0700B19E030B20C
:10AA0000404504DA9DF840100A0758BF8046B8F167
:10AA1000010848BF4FF00008BBF1670F14BF4FF0AB
:10AA2000450B4FF0650B04E0BBF1410F08BF4FF041
:10AA3000500B0898411C0891B8F1000F059914F8C3
:10AA4000012B0A5403DC9DF8400001071AD5089831
:10AA5000411C0891B8F1000F05990F5412DD761EC4
:10AA600030B280450598089BB8BF464632B22146B1
:10AA70001844FEF721FC089936B271180891A8EB2A
:10AA800006000B9005980899084429B2002980F81F
:10AA900000B003D42B224270821C04E02D224270AD
:10AAA0000D46821C6D4200212CAB28460AE004466C
:10AAB0000A2094FBF0F000EB8005A4EB450403F8BA
:10AAC000014B491C00B20028F1DC012906DC4BF0E7
:10AAD0002000652804BF302002F8010B00292CABB0
:10AAE00008D1302002F8010B06E0491E585C3030D6
:10AAF00002F8010B0029F8DC059908980844121A9D
:10AB0000099249E030B229B288421CDA0598089BC4
:10AB100032B221461844FEF7CFFB089936B27118BD
:10AB2000ABEB0606B8F1000F08910B9603DC9DF81D
:10AB30004000020704D5059847540999491C09911A
:10AB4000CDF8308028E00598089B2AB221461844A9
:10AB5000FEF7B2FB0898761B5844B8F1000F089036
:10AB600003DC9DF840100A0703D5411C08910599A4
:10AB70000F5430B280450598089BB8BF464632B2A4
:10AB800004EB0B011844FEF797FB089836B2301817
:10AB90000890A8EB06000B909DF8400000F0140010
:10ABA000102840F0C280079A08990B988A180999D2
:10ABB00082180C988A1882180F98824280F2B58009
:10ABC000821A0A92B1E09DF84200622808D06828F3
:10ABD0000ED06A2814D06C281FD0712810D01CE029
:10ABE000D9F8001051F8040BC9F80010C0B21AE0EF
:10ABF000D9F8001051F8040BC9F8001080B212E027
:10AC0000D9F80020D21D22F00702C9F80020D2E9AD
:10AC100000010832C9F8002006E0D9F8001051F808
:10AC2000040BC9F800100021CDE902019DF8400095
:10AC300001075AD5DDE90223002B08BF002A54D0B2
:10AC40004BF02000782850D1079812A930220A54DE
:10AC5000401C431C079301F800B046E09DF84200F9
:10AC6000622808D068280ED06A2814D06C281FD01B
:10AC7000712810D01CE0D9F8001051F8040BC9F865
:10AC8000001040B21AE0D9F8001051F8040BC9F8CE
:10AC9000001000B212E0D9F80020D21D22F0070205
:10ACA000C9F80020D2E900010832C9F8002006E006
:10ACB000D9F8001051F8040BC9F80010C117CDE9FC
:10ACC0000201002902D507982D210AE0BDF84000B5
:10ACD000810702D507982B2103E0C00705D5079807
:10ACE000202112AA1154401C079012A80799014470
:10ACF000059102A8594600F04FF816E00120079090
:10AD0000D9F8000050F8041BC9F800008DF848106D
:10AD10000BE025210122BBF1000F8DF848100792AE
:10AD200003D08DF849B0022107910F9A07980A992C
:10AD30000C9C121A0898521A0B99121A0998521A56
:10AD4000121A9DF84000141B41073FF560AA20200D
:10AD5000002C8DF804007FF75AAA309E2546012367
:10AD600001AA02A9304600F0DFF800283FF44BAA00
:10AD70004FF0FF3031B0BDE8F08F00007072696EA7
:10AD800074665F733A206261642025732061726784
:10AD9000756D656E740000002DE9FC4307466F2950
:10ADA0003E6908BF082405D041F02000782814BF70
:10ADB0000A2410243C25D7E90023642918BF6929F7
:10ADC0009046994605D1002B03D5D8F1000869EBD0
:10ADD0004909B9F1000F08BFB8F1000F0CD1386B69
:10ADE00050B9082C39D197F83800010735D53020F3
:10ADF0003B2586F83B0030E08DF800104046494680
:10AE00002246E317FEF7ACFA3032D0B26D1E3A2874
:10AE1000019504DB9DF80000A0F151018A187255DC
:10AE2000404649462246E317FEF79AFA80465FEA13
:10AE3000010908BFB8F1000F03D0F8687119884202
:10AE4000DCD3082C09D197F83800010705D5705DCF
:10AE5000302802D06D1E30207055C5F13C02BA6119
:10AE60007119F960386B824208DA821A3A624FF639
:10AE7000EF70398F01403987BDE8F38300280ED584
:10AE800097F8380000F01400102808D17B6B79691E
:10AE9000386A5B1A1B1A9A1A002AC8BF3A62BDE8C0
:10AEA000F3832DE9D04306460F4614464FF00008C1
:10AEB000DFF8509012E0E00707D542464B46304697
:10AEC0003946FEF765FB06460F4640464946424670
:10AED0004B46FEF75DFB641080468946002CEAD1A4
:10AEE00030463946BDE8D08302FCFFFFFFFF0F80EC
:10AEF0000000E03F0000F07FA08601000000F03F6E
:10AF000084D797410000244010B503460C461146F3
:10AF1000A0689847A06020B1E06A401CE062002071
:10AF200010BD4FF0FF3010BDF8B505460E46174670
:10AF30001C4600205CB117F8011BB068A847B06040
:10AF400030B1F06A401CF0620020641EF3D1F2BD03
:10AF50004FF0FF30F2BD00007072696E74665F736F
:10AF60003A20256E20646973616C6C6F77656400AC
:10AF70007072696E74663A2062616420256E206189
:10AF80007267756D656E7400000000006E616E0082
:10AF90004E414E00696E6600494E4600300000008A
:10AFA00010B50400002C01D1012074E0606A002873
:10AFB00006D16068B0F5827F06D00020E06103E032
:10AFC00000202061002060610020A06294F85D00F4
:10AFD000002805D1002084F85C00200002F044FB2A
:10AFE000022084F85D002068006830F0400021688D
:10AFF0000860E06840F20171884201D3002101E05D
:10B000004FF48051E068B0F5706F05D0E068B0F59E
:10B01000E06F01D00020A062606810F48270A26826
:10B0200012F404421043227C12F002021043227DEB
:10B0300012F001021043A26912F400721043227F41
:10B0400012F03802104394F8202012F080021043CE
:10B05000A26A12F40052104322681060A269120C16
:10B0600012F0040294F8240010F01000024394F847
:10B07000340010F008000243E06810F470600243EE
:10B0800011F48050024320684260002020660120B5
:10B0900084F85D00002010BD2DE9F84306000D0086
:10B0A00017001C00FBF7F2FE8046B94696F85D00DB
:10B0B000012801D00220ECE0002D03D0380080B23E
:10B0C000002801D10120E4E096F85C00012801D1BC
:10B0D0000220DEE0012086F85C00032086F85D0097
:10B0E00000203066B563B787F78700203064002002
:10B0F000A6F844000020A6F8460000203065002095
:10B10000F064B068B0F5004F0BD13068006830F0E3
:10B110004000316808603068006850F48040316851
:10B12000086030680068400605D43068006850F058
:10B13000400031680860F06840F20171884235D300
:10B140007068002803D0484680B2012809D1B06B4E
:10B1500000883168C860B06B801CB063F08F401EFF
:10B16000F087F08F002873D03068806880070AD598
:10B17000B06B00883168C860B06B801CB063F08F22
:10B18000401EF087EDE7FBF781FEB0EB0800A04220
:10B1900002D314F1010F01D1002CE2D1012086F875
:10B1A0005D00002086F85C00032072E070680028D3
:10B1B00003D0484680B2012817D1F08F02280AD365
:10B1C000B06B00883168C860B06B801CB063F08FD2
:10B1D000801EF08709E0B06B007831680873B06BAF
:10B1E000401CB063F08F401EF087F08F00282FD0F6
:10B1F00030688068800718D5F08F02280AD3B06BBA
:10B2000000883168C860B06B801CB063F08F801E0E
:10B21000F087EAE7B06B007831680873B06B401CC8
:10B22000B063F08F401EF087DFE7FBF72FFEB0EB37
:10B230000800A04202D314F1010F01D1002CD4D197
:10B24000012086F85D00002086F85C00032020E0E5
:10B2500042462100300000F003F9002801D02020F0
:10B260003066B068002808D1002000903068C068BF
:10B2700000903068806800900098012086F85D009A
:10B28000002086F85C00306E002801D0012000E02C
:10B290000020BDE8F2832DE9FC4705000E001700F1
:10B2A0009846DDF82890FBF7F1FD0400B8EB0404A4
:10B2B00019EB0404FBF7EAFD824668480068400188
:10B2C000000D00FB04F00090286880683040B04218
:10B2D00001D1012000E000203900C9B2884243D0EA
:10B2E00018F1010FF0D0FBF7D1FDB0EB0A00A0423E
:10B2F00001D2002C2FD12868406830F0E000296886
:10B3000048606868B0F5827F0DD1A868B0F5004F3D
:10B3100003D0A868B0F5806F05D12868006830F0C8
:10B32000400029680860A86AB0F5005F0BD1286862
:10B33000006830F40050296808602868006850F4FC
:10B34000005029680860012085F85D00002085F81C
:10B350005C00032009E00098002801D100200400CF
:10B360000098401E0090AFE70020BDE8F6872DE969
:10B37000FE4F06000F0014009846DDF830900020C4
:10B380008DF80000FBF782FD0500B8EB050519EB11
:10B390000505FBF77BFD8246306810F10C0B2F484A
:10B3A000016823204143090D01FB05F1019130683B
:10B3B00080683840A0424ED0B7F5C06F07D1002C4E
:10B3C00005D19BF800008DF800009DF8000018F1F1
:10B3D000010FECD0FBF75AFDB0EB0A00A84201D2F6
:10B3E000002D2FD13068406830F0E00031684860AF
:10B3F0007068B0F5827F0DD1B068B0F5004F03D012
:10B40000B068B0F5806F05D13068006830F040005A
:10B4100031680860B06AB0F5005F0BD13068006831
:10B4200030F40050316808603068006850F4005013
:10B4300031680860012086F85D00002086F85C0015
:10B44000032009E00198002801D10020050001989F
:10B45000401E0190ABE70020BDE8FE8F540700209E
:10B460007CB504000D00160000962B0000224FF45E
:10B47000C0512000FFF77BFF002805D0206E50F060
:10B480002000206603201FE000962B000022802170
:10B490002000FFF700FF002805D0206E50F02000AC
:10B4A0002066032010E000962B0000224FF4C061BC
:10B4B0002000FFF75CFF002805D0206E50F0200030
:10B4C0002066032000E0002076BD002848BF4042EF
:10B4D000704780B502F004F900F011F802F012F99B
:10B4E00002F0F8F9FCF72EFC02F024FA02F094F8CE
:10B4F000FCF744FCFCF760FC02F046FBFEE710B5ED
:10B5000096B04421002205AC2000FBF777FF142100
:10B5100000226C462000FBF771FF4FF4007002F030
:10B520000FFD002801D000F033F81820059001200D
:10B530000A9001200B9000200C9060200D900220BA
:10B540000F900120109001201190282012900720C8
:10B550001390022014900220159005A800F042FEDE
:10B56000002801D000F014F80F2000900320019073
:10B5700000200290002003900020049004216846DF
:10B5800001F074F9002801D000F002F816B010BDE7
:10B5900072B6FEE710B5044610460A46014620463C
:10B5A000FBF72CFF204610BD2DE9F84F05005FF09A
:10B5B000000800272868000527D5686C00280DD0F2
:10B5C000B0F5000F03D0B0F5400F0DD00DE0DFF85F
:10B5D0002403016851F48031016008E00021281D36
:10B5E00000F092F9804602E001E0012080464046EA
:10B5F000C0B2002808D1DFF80C130A6832F4400208
:10B60000686C02430A6000E04746286880037AD5E8
:10B610005FF00009DFF8E0A2DAF80000C0000DD406
:10B62000DAF8000050F08050CAF80000DAF80000A4
:10B6300010F080500090009801208146DFF8BCB2E5
:10B64000DBF8000050F48070CBF80000FBF71EFC24
:10B650000600DBF80000C00506D4FBF717FC801BD2
:10B660000328F6D3032080464046C0B200283FD1CD
:10B67000DFF88CB2DBF8000010F440700400002CFE
:10B6800015D0E86D844212D0DBF8000030F4407031
:10B690000400DBF8000050F48030CBF80000DBF849
:10B6A000000030F48030CBF80000CBF80040E00719
:10B6B0000FD5FBF7EBFB0600DBF80000800708D492
:10B6C000FBF7E4FB801B41F289318842F4D303206D
:10B6D00080464046C0B2002808D1DBF8001031F4A3
:10B6E0004071E86D0143CBF8001002E0474600E0EE
:10B6F00047464846C0B2012805D1DAF8000030F0CC
:10B700008050CAF800002878C00707D5DFF8F41188
:10B710000A6892089200286A02430A602878800723
:10B7200007D5DFF8E0110A6832F00C02686A0243BC
:10B730000A602878400707D5DFF8C8110A6832F098
:10B740003002A86A02430A602878800607D5DFF82D
:10B75000B4110A6832F44062E86A02430A60286859
:10B76000800507D5DFF89C110A6832F44022E86BA7
:10B7700002430A602868400507D5DFF888110A6887
:10B7800032F44012286C02430A602878400607D53C
:10B79000DFF870110A6832F44052286B02430A60E5
:10B7A0002878000607D5DFF85C110A6832F44042B9
:10B7B000686B02430A602868C00507D5DFF84411AA
:10B7C0000A6832F44032A86B02430A602868800499
:10B7D00020D5DFF830110A6832F04062A86C0243CD
:10B7E0000A60A86CB0F1006F06D1DFF808010168AB
:10B7F00051F4801101600DE0A86CB0F1806F09D1A7
:10B800000121281D00F080F880464046C0B2002883
:10B8100000D047462868000320D5DFF8E8100A6802
:10B8200032F04062E86C02430A60E86CB0F1006FED
:10B8300006D1DFF8C000016851F4801101600DE00D
:10B84000E86CB0F1806F09D10121281D00F05CF88F
:10B8500080464046C0B2002800D0474628684003D2
:10B8600020D5DFF8A0100A6832F04062286D02434C
:10B870000A60286DB0F1006F06D1DFF8780001682A
:10B8800051F4801101600DE0286DB0F1806F09D195
:10B890000121281D00F038F880464046C0B200283B
:10B8A00000D047462868400415D5DFF858100A68CC
:10B8B00032F04052686D02430A60686DB0F1805FFB
:10B8C00009D10221281D00F01FF880464046C0B271
:10B8D000002800D047462868000407D5DFF8241068
:10B8E0000A6832F08042A86D02430A603800C0B294
:10B8F000BDE8F28F0C10024058100240007000406A
:10B9000090100240881002402DE9F04105000C0023
:10B9100000275949086810F0030F12D0086810F08A
:10B9200003002A68904209D12868002806D00868D8
:10B93000C0F30210401C6968884232D00120070021
:10B940002FE02868012804D01BD303280FD007D389
:10B9500017E04A480068800701D40120070012E080
:10B9600046480068400501D4012007000BE0434829
:10B970000268920304D40068400301D40120070048
:10B9800001E0012007003800C0B2002809D10A6890
:10B9900032F07302286802436868401E52EA0012BF
:10B9A0000A603800C0B2002861D1DFF8D080D8F832
:10B9B000000030F08060C8F80000FBF767FA06006E
:10B9C000D8F80000000106D5FBF760FA801B0328B9
:10B9D000F6D3032007003800C0B2002847D1002C5E
:10B9E0000BD127490A6827480240A86852EA00227A
:10B9F000E86852EAC0620A601CE0012C0DD12049BF
:10BA00000A6821480240A86852EA002228694008D2
:10BA1000401E52EA40520A600CE019490A681B486D
:10BA20000240A86852EA002268694008401E52EAB3
:10BA300040620A60D8F8000050F08060C8F800004A
:10BA4000FBF724FA0600D8F80000000106D4FBF743
:10BA50001DFA801B0328F6D3032007003800C0B26C
:10BA6000002804D106490A68A86902430A60380020
:10BA7000C0B2BDE8F08100000C100240001002408E
:10BA800010100240FF80FF07FF809FFFFF80FFF93B
:10BA900030B40100002901D1012067E00868624A42
:10BAA00090420AD20A68614882181420B2FBF0F072
:10BAB000800048645E48086409E00A685D488218AE
:10BAC0001420B2FBF0F0800048645B480864022058
:10BAD00081F82500086802686FF30E128B68C86849
:10BAE0000343086903434869034388690343C869FA
:10BAF0000343086A03431A43086802608868B0F584
:10BB0000804F2AD0086C4A4B984213D14B480368A7
:10BB10000F2491F8445015F01C05AC40A34303607A
:10BB200003684C6891F8445015F01C05AC40234361
:10BB3000036012E0424803680F2491F8445015F066
:10BB40001C05AC40A343036003684C6891F8445063
:10BB500015F01C05AC40234303600020C86301209E
:10BB600081F82500002081F82400002030BC7047B7
:10BB700010B40100002901D1012053E008680068D9
:10BB8000400840000A6810600868274A90420AD2BC
:10BB90000A68264882181420B2FBF0F0800048643E
:10BBA0002348086409E00A68224882181420B2FB7E
:10BBB000F0F0800048642048086400200A681060A3
:10BBC000012091F8442012F01C0290400A6C506051
:10BBD000086C174A90420AD1184802680F2391F85E
:10BBE000444014F01C04A3409A43026009E0144846
:10BBF00002680F2391F8444014F01C04A3409A43B8
:10BC000002600020C8620020086300204863002012
:10BC100088630020C863002081F82500002081F897
:10BC20002400002010BC704708040240F8FFFDBF4C
:10BC300000000240F8FBFDBF00040240A8000240E3
:10BC4000A80402402DE9F04104000D0016001F0079
:10BC50005FF0000894F82400012801D102203BE0A5
:10BC6000012084F8240094F8250001282DD1022019
:10BC700084F825000020E063206800684008400048
:10BC8000216808603B0032002900200000F0F8F82D
:10BC9000206B002806D02068006850F00E00216854
:10BCA00008600BE02068006830F00400216808603C
:10BCB0002068006850F00A00216808602068006869
:10BCC00050F001002168086004E0002084F824009E
:10BCD000022080464046C0B2BDE8F081010000224B
:10BCE00091F82500022806D00420C863002081F8BE
:10BCF000240001201BE00868006830F00E000B688B
:10BD0000186008680068400840000B68186001204F
:10BD100091F8443013F01C0398400B6C58600120DC
:10BD200081F82500002081F824001000C0B270477F
:10BD300038B50400002594F82500022804D004201A
:10BD4000E063012005001FE02068006830F00E006D
:10BD50002168086020680068400840002168086089
:10BD6000012094F8441011F01C018840216C4860B7
:10BD7000012084F82500002084F82400A06B00280E
:10BD800002D02000A16B88472800C0B232BD70B538
:10BD90000400206C056820680668042094F84410AC
:10BDA00011F01C0110FA01F10D4219D0710717D5DD
:10BDB00021680968890605D42168096831F0040101
:10BDC0002268116094F8441011F01C018840216C25
:10BDD0004860206B002852D02000216B88474EE03D
:10BDE000022094F8441011F01C0110FA01F10D42E8
:10BDF0001FD0B1071DD521680968890608D42168BC
:10BE0000096831F00A0122681160012184F82510C7
:10BE100094F8441011F01C018840216C4860002007
:10BE200084F82400E06A002829D02000E16A8847CD
:10BE300025E0082094F8441011F01C0188400542C8
:10BE40001DD030071BD52068006830F00E00216837
:10BE50000860012094F8441011F01C018840216C06
:10BE600048600120E063012084F82500002084F868
:10BE70002400606B002802D02000616B884770BDF1
:10BE800030B4012490F8445015F01C05AC40056C0A
:10BE90006C60046863608468102C04D10468A2603C
:10BEA0000468E16003E00468A1600468E26030BCFB
:10BEB0007047000010B410F00703DFF868412268F3
:10BEC0004FF6FF010A40DFF8601151EA03210A43EF
:10BED000226010BC7047DFF84C010068C0F30220FC
:10BEE00070470000010049B200290AD4012210F075
:10BEF0001F018A40DFF8341103005BB25B0941F88F
:10BF000023207047010049B200290DD4012210F00E
:10BF10001F018A40464903005BB25B0941F82320B8
:10BF2000BFF34F8FBFF36F8F704710B4020052B250
:10BF3000002A05D40A013F4B040064B21A5508E0F8
:10BF40000A013D4B040064B214F00F04234403F8CB
:10BF5000042C10BC704770B4030013F00704D4F134
:10BF60000700052801D3042001E0D4F10700251DB6
:10BF7000072D01D2002500E0E51E012616FA00F08B
:10BF8000401E0140A94016FA05F56D1E2A401143D6
:10BF9000080070BC704710B50400601EB0F1807FCF
:10BFA00001D301200EE0601E244908600F215FF0DC
:10BFB000FF30FFF7BAFF0020214908600720214920
:10BFC0000860002010BD10B504002000FFF772FFCC
:10BFD00010BD2DE9F04104000D0016000027FFF709
:10BFE0007AFF8046320029004046FFF7B4FF010087
:10BFF000200040B2FFF799FFBDE8F08110B50400C2
:10C00000200040B2FFF76EFF10BD10B50400200005
:10C0100040B2FFF777FF10BD10B504002000FFF716
:10C02000BAFF10BD0CED00E00000FA0500E100E0F1
:10C0300080E100E000E400E018ED00E014E000E042
:10C0400018E000E010E000E010B50400206841496D
:10C050000968884202D1012001F067FE20683E494C
:10C060000968884202D1012001F0BEFF20683B49E7
:10C070000968884202D10120FCF74AF810BD38B5A2
:10C0800004000D00206833490968884203D1280064
:10C0900080B201F04AFE20682F490968884203D126
:10C0A000280080B201F0A0FF20682C49096888426E
:10C0B00003D1280080B2FCF72BF831BD10B5040085
:10C0C000206824490968884202D100202449087068
:10C0D000206821490968884202D10220204908705D
:10C0E00020681E490968884202D104201C49087052
:10C0F00002211C48FBF718F810BD1CB5184C20781D
:10C100000090194B00220021032001F095FF2078B8
:10C1100000280ED101F008FE14480188491C018056
:10C120000188142903DB0021018001F0E7FD01F003
:10C13000E9FD20782078022803D101F054FF01F0B6
:10C1400043FF20782078042803D1FBF7E0FFFBF7BA
:10C15000CFFF13BDE824002070250020F825002023
:10C16000D72C002058070020840B0108C42C002085
:10C1700070B505000C001600D5F8800020282DD1E0
:10C18000002C03D0300080B2002801D1012026E02D
:10C190000120286600206866320092B22100280043
:10C1A000FCF787FD01000800C0B2002813D1286EFB
:10C1B00001280ED110202A681062286850E8000F6C
:10C1C00050F0100002002B6843E800200028F4D152
:10C1D00001E0012001000800C0B200E0022070BDB3
:10C1E000704700002DE9FE4F0500002D01D1012010
:10C1F0003AE3DFF80499D9F8004014F00C04DFF8B2
:10C200001889D8F8007017F003072878C00640F1A5
:10C21000C680002C03D00C2C7AD1012F78D1DFF806
:10C22000D4A8DAF80000800704D5A869002801D155
:10C23000012019E3DAF80000000704D5DAF800005D
:10C2400010F0F00005E0DFF860090068000910F068
:10C25000F000296A88421ED2286A00F05FFC00289C
:10C2600001D0012000E3DAF8000050F00800CAF81D
:10C270000000DAF8001031F0F001286A0143CAF832
:10C280000010DFF82809016831F47F41EA6951EABA
:10C29000022101601FE0DAF8000050F00800CAF83F
:10C2A0000000DAF8001031F0F001286A0143CAF802
:10C2B0000010DFF8F808016831F47F41EA6951EABB
:10C2C00002210160002C06D1286A00F027FC00281A
:10C2D00001D00120C8E200F086FBDFF8D418D9F8BD
:10C2E0000020C2F30312895C11F01F01C840DFF87F
:10C2F0000C180860DFF80808006801F0BBFF8DF833
:10C3000000009DF80000002849D09DF80000ABE235
:10C31000A86900282DD0DFF8DC97D9F8000050F08C
:10C320000100C9F80000FAF7B1FD0600D9F80000D5
:10C33000800706D4FAF7AAFD801B0328F6D3032052
:10C3400092E2D9F8000050F00800C9F80000D9F8CE
:10C35000001031F0F001286A0143C9F80010DFF83D
:10C360004C08016831F47F41EA6951EA0221016019
:10C3700015E0DFF88097D9F8000040084000C9F8C0
:10C380000000FAF783FD0600D9F80000800706D503
:10C39000FAF77CFD801B0328F6D3032064E228789B
:10C3A000C00754D5082C03D00C2C0BD1032F09D176
:10C3B000DFF840070068800349D56868002846D147
:10C3C000012051E26868B0F5803F06D1DFF824070C
:10C3D000016851F48031016018E06868B0F5A02F61
:10C3E0000AD1DFF81007016851F48021016001686B
:10C3F00051F48031016009E0DFF8F806016831F49A
:10C4000080310160016831F4802101606868002892
:10C410000ED0FAF73BFD0600DFF8D806006880036F
:10C4200015D4FAF733FD801B6528F5D303201BE2F2
:10C43000FAF72CFD0600DFF8BC060068800306D57D
:10C44000FAF724FD801B6528F5D303200CE2287839
:10C45000800752D5042C03D00C2C15D1022F13D1F8
:10C46000DFF890060068400504D5E868002801D18F
:10C470000120F9E1DFF83407016831F0F8512A6949
:10C4800051EA0261016038E0E86800281FD0DFF857
:10C490006496D9F8000050F48070C9F80000FAF7EB
:10C4A000F5FC0600D9F80000400506D4FAF7EEFCCA
:10C4B000801B0328F6D30320D6E1DFF8F0060168DD
:10C4C00031F0F8512A6951EA0261016015E0DFF8A4
:10C4D0002496D9F8000030F48070C9F80000FAF70B
:10C4E000D5FC0600D9F80000400506D5FAF7CEFCC9
:10C4F000801B0328F6D30320B6E1287800072ED549
:10C500006869002815D0DFF8A096D9F8000050F02F
:10C510000100C9F80000FAF7B9FC0600D9F80000DC
:10C5200080071CD4FAF7B2FC801B0328F6D3032043
:10C530009AE1DFF87496D9F8000040084000C9F885
:10C540000000FAF7A3FC0600D9F80000800706D522
:10C55000FAF79CFC801B0328F6D3032084E128789B
:10C56000400740F181805FF00009DFF848A6DAF863
:10C570000000C0000DD4DAF8000050F08050CAF876
:10C580000000DAF8000010F08050019001980120BE
:10C590008146DFF824B6DBF80000C00513D4DBF8D1
:10C5A000000050F48070CBF80000FAF76FFC060032
:10C5B000DBF80000C00506D4FAF768FC801B0328EE
:10C5C000F6D3032050E1A868012806D1DFF8EC0576
:10C5D000016851F00101016017E0A86805280AD13F
:10C5E000DFF8D805016851F004010160016851F0DD
:10C5F0000101016009E0DFF8C4050168490849004C
:10C600000160016831F004010160A868002810D0C1
:10C61000FAF73CFC0600DFF8A4050068800719D48F
:10C62000FAF734FC801B41F289318842F3D30320AE
:10C630001AE1FAF72BFC0600DFF880050068800796
:10C6400008D5FAF723FC801B41F289318842F3D3E5
:10C65000032009E14846C0B2012805D1DAF80000FC
:10C6600030F08050CAF80000287880062ED5686A1D
:10C67000002815D0DFF84895D9F8000050F00100E7
:10C68000C9F80000FAF702FC0600D9F8000080079C
:10C690001CD4FAF7FBFB801B0328F6D30320E3E04E
:10C6A000DFF81C95D9F8000040084000C9F80000E8
:10C6B000FAF7ECFB0600D9F80000800706D5FAF778
:10C6C000E5FB801B0328F6D30320CDE0A86A0028F1
:10C6D00000F0C980A86A022840F0A380D8F80000C2
:10C6E000070017F00300E96A884222D117F07000B2
:10C6F000296B491EB0EB011F1BD117F4FE40696B7B
:10C70000B0EB012F15D117F07840A96BB0EBC16FDA
:10C710000FD117F4C000E96B4908491EB0EB415F27
:10C7200007D117F0C060296C4908491EB0EB416F72
:10C7300057D00C2C53D0DFF8BCA3DAF8000040012E
:10C7400001D5012090E0DAF8000030F08070CAF8DE
:10C750000000FAF79BFB8146DAF80000800107D55C
:10C76000FAF794FBB0EB09000328F5D303207BE034
:10C77000D8F80010DFF84C040140E86A0143286B48
:10C78000401E51EA0011686B51EA0021E86B400835
:10C79000401E51EA4051286C4008401E51EA406159
:10C7A000A86B51EAC061C8F80010DAF8000050F038
:10C7B0008070CAF80000D8F8000050F08070C8F807
:10C7C0000000FAF763FB0600DAF8000080014AD4A3
:10C7D000FAF75CFB801B0328F6D3032044E001201A
:10C7E00042E0DFF81093D9F8000080013BD4D9F87B
:10C7F000000050F08070C9F80000D8F8000050F038
:10C800008070C8F80000FAF741FB0600D9F8000074
:10C81000800128D4FAF73AFB801B0328F6D30320C3
:10C8200022E00C2C1DD0DFF8CC92D9F8000030F0BB
:10C830008070C9F80000FAF729FB0600D9F800005B
:10C84000800106D5FAF722FB801B0328F6D30320CC
:10C850000AE0D8F80010DFF870030140C8F80010B3
:10C8600001E0012000E00020BDE8FE8F2DE9F0414D
:10C8700004000D00002C01D10120B2E0DFF84C7360
:10C88000386810F00700A8420BD23868C008C00012
:10C8900028433860386810F00700A84201D0012012
:10C8A0009FE0207880070DD5DFF84C12086810F063
:10C8B000F000A268904205D20A6832F0F002A06847
:10C8C00002430A602078C00742D56068032806D179
:10C8D000DFF82002006880011CD4012081E060683C
:10C8E000022806D1DFF80C020068800312D4012070
:10C8F00077E06068002806D1DFF8F801006880075B
:10C9000008D401206DE0DFF8EC010068400501D497
:10C91000012066E0DFF8E081D8F80010890889007E
:10C9200060680143C8F80010FAF7B0FA0600D8F8BA
:10C93000000010F00C006168B0EB810F08D0FAF72E
:10C94000A5FA801B41F289318842F0D3032048E0E8
:10C95000207880070CD56849A0680A6812F0F002B8
:10C96000904205D20A6832F0F002A06802430A60E1
:10C97000386810F0070085420BD23868C008C00044
:10C9800028433860386810F00700A84201D0012021
:10C9900027E02078400706D557490A6832F4E0625C
:10C9A000E06802430A602078000707D55248016812
:10C9B00031F46051226951EAC201016000F013F8BC
:10C9C000DFF8EC114C4A1268C2F30312895C11F0D3
:10C9D0001F01C840494908604948006801F04AFC05
:10C9E000C0B2BDE8F0812DE9F041002600204249A7
:10C9F000096811F00C01DFF820C1DCF8007017F0B5
:10CA00000307002903D00C291AD1012F18D1DFF810
:10CA1000E4E0DEF800805FEA087806D4DFF888E119
:10CA2000DEF800E0CEF3032E03E0DEF800E0CEF304
:10CA3000031E674E56F82E6000290CD130000AE024
:10CA4000042903D1DFF88CE1704604E0082902D103
:10CA5000DFF884E170460C292DD1DCF800E01EF0EF
:10CA6000030E73469E46BEF1020F03D0BEF1030FC4
:10CA700003D005E0DFF85CE103E0DFF85CE100E013
:10CA8000B646DCF80020C2F30212521C1500DCF896
:10CA90000020C2F3062202FB0EFEBEFBF5F2DCF81C
:10CAA00000C0CCF3416C1CF1010C5FEA4C0C6446F5
:10CAB000B2FBF4FC6046BDE8F081104800687047A6
:10CAC00080B5FFF7FAFF45490B4A1268C2F302220C
:10CAD000895C11F01F01C84002BD80B5FFF7EDFF72
:10CAE0003E49054A1268C2F3C222895C11F01F0157
:10CAF000C84002BD00100240081002405407002048
:10CB0000300700202849086810F07E400A6852F477
:10CB100000020A60704700000C1002407CB504005F
:10CB20000025244E3068C00003D501F003FA01004F
:10CB30000FE0306850F080503060306810F0805066
:10CB40000090009801F0F6F90100306830F0805054
:10CB50003060B1F5007F09D1812C15D3A12C02D30F
:10CB60000220050010E0012005000DE0812C02D319
:10CB70000320050008E0802C02D10220050003E01C
:10CB8000702C01D10120050010480268D208D200A3
:10CB90002A430260006810F00700A84201D001207B
:10CBA00000E0002076BD0000941002400410024016
:10CBB000040D01085810024000700040901002401F
:10CBC000981002408C809D01FCFFEEFE0020024088
:10CBD000FC0901080024F40000127A00CC120108BC
:10CBE000704770472DE9F84F82468B4614001D00B0
:10CBF0000026DFF884713878012801D1022047E04F
:10CC0000012038704CF25038404600F05BF8814605
:10CC10004846C0B2002837D100207860DFF85C01B8
:10CC20000168490506D5016831F480610160022080
:10CC3000387701E000203877BAF1000F07D12200E1
:10CC40002B00584600F071F8012006000FE0BAF101
:10CC5000010F02D0BAF1020F09D12100584600F0AD
:10CC600071F8BAF1020F02D15FF48020060040464D
:10CC700000F028F88146002E04D0DFF80401016896
:10CC8000B143016000F09FF8002038704846C0B200
:10CC9000BDE8F28F00203A490A68002A09D53C4ACB
:10CCA0003C4B13603C4B13600968002901D50121FE
:10CCB0000800C0B270473248016851F0004101607D
:10CCC0000020704770B50400FAF7E0F805002D4A1F
:10CCD0001068C00309D514F1010FF8D0FAF7D6F89F
:10CCE000401BA042F3D303201EE0116826480140F8
:10CCF000002913D0204843680B43436011F0404F94
:10CD000005D0224B1E6811F0404006431E6088008B
:10CD100002D021F040401060012005E01068C007FB
:10CD200001D501201060002070BD10B414490C68BA
:10CD300054F001040C600260BFF36F8F011D0B60A3
:10CD400010BC704770B4402304000D000C4A1668F4
:10CD500056F480261660EFF3108272B62E682660B5
:10CD6000241D2D1D5B1E1E00F6B2002EF6D182F38F
:10CD7000108870BC7047000034070020002002407B
:10CD80001420024010200240FAC302001820024082
:10CD90000820024023016745AB89EFCD10B4DFF8CE
:10CDA0009820136833F47E73C40014F4FF642343A3
:10CDB0001360136853F002031360136853F4803355
:10CDC000136010BC7047DFF86800017F0A00D2B220
:10CDD000012A03D00A00D2B2032A11D1DFF854206D
:10CDE000136833F400731360136853F40063136023
:10CDF000136833F400631360136853F40073136013
:10CE00000A00D2B2022A03D00A00D2B2032A0CD1FD
:10CE1000084A136853F480531360136833F4805343
:10CE20001360136853F48063136000220277704725
:10CE30003407002000200240142002407047000008
:10CE400070B44FF0004591EA030F7CF57BAC6B406A
:10CE5000841A71EB030603D2001BB141121973410E
:10CE60004FF4001C1CEB410F34BF7CEB430442E049
:10CE70000C0DA4EB1356352E4FDC45EAC323DB0A19
:10CE800045EAC121C912B6F120050DDD63FA05F6A8
:10CE9000EB4086EA0305124218BF45F00105C018B1
:10CEA00051F100010CD213E062FA06F5F240554050
:10CEB000F3415A40B340F3405A408018594107D3D8
:10CEC00049085FEA30005FEA350528BF45F00105F3
:10CED00001F58011420875F1004250F1000041EB6C
:10CEE00004514E0016F5001F70BC38BF704700207B
:10CEF000090D090570471CEB410F10D252EA430699
:10CF00000BD0BCEB410F05D80C0DAB43661E342E85
:10CF1000B6DD02E0AB438018594170BC704770BC6D
:10CF20007047000090420CD141EA030C50EA4C0CCF
:10CF300007D0994205D14FF4001C1CEB410F38BFBC
:10CF40008942704710B5144600F002F8226010BD07
:10CF5000C1F30A5343B14A0012F5001F28D2A3F2CD
:10CF6000FE32A1EB0251704750EA410C20D001F093
:10CF7000004C31EA0C01B1FA81F204BFB0FA80F33F
:10CF8000D2180B3AB2F120032CBF00FA03F1914002
:10CF900041EA0C013EBFC2F1200C20FA0CF3194308
:10CFA0009040524240F2FD33D21A01EB03517047D8
:10CFB000002270474FF4001C1CEB410F94BF1CEB88
:10CFC000430F09E041EA030C50EA4C0C52EA0C0C06
:10CFD00003D2994208BF9042704714BF8B428242ED
:10CFE000704700004FF4001C1CEB410F94BF1CEB7A
:10CFF000430F09E041EA030C50EA4C0C52EA0C0CD6
:10D0000003D28B4208BF8242704714BF99429042BC
:10D0100070470000F8B52DED0A8B41EC1A0B480063
:10D020004015109D401C43EC182B23D051EC1A0BDB
:10D0300031F0004108BF00281CD051EC180B48000B
:10D040004015401C16D051EC180B31F0004108BFC0
:10D0500000280FD051EC1A0B0022DFF84833FFF7FD
:10D06000A9FF80F0A38055EC184B9FED800B05F0D5
:10D070000042ACE051EC1A0B48004015401C02D1B4
:10D08000090340F0898151EC180B48004015401C01
:10D0900001D1090353D151EC180B31F0004308BF03
:10D0A000002A08D151EC1A0B48004015401C46D10B
:10D0B000090344D10DE048004015401C12D109037A
:10D0C00010D151EC1A0B48004015401C37D1090310
:10D0D00035D1AFF30080BDEC0A8B4FF0FF306FF01D
:10D0E0000041F4BD51EC1A0B31F0004108BF00289B
:10D0F00028D151EC180B4800400D05EB000234D14B
:10D1000051EC180B31F0004108BF002806D02A4628
:10D1100051EC180B00F0CAF941EC180B51EC180B4C
:10D1200020F0000231F0004308BF002A05D048007B
:10D130004015401C03D1090301D1AFF3008051EC2D
:10D14000180B2BE151EC1A0B48004015401C26D15E
:10D15000090324D153EC1A2B51EC180BBDEC0A8BAC
:10D1600001B0BDE8F040FCF713BA002AC8DD40F278
:10D17000FF70824209DB9FED9F0B53EC102B01F0F7
:10D1800000410B4343EC182BC8E76FF31E5141EAF3
:10D19000025155EC184B0D4645EC184BBEE755ECCB
:10D1A000184B9FED320B05F0004210E001227E4B40
:10D1B000FFF718FF11D89FED8F0B51EC100B55ECBA
:10D1C000184BAFF3008005F0004040EA010251EC3B
:10D1D000100BBDEC0A8B1146F4BD53EC1A2B7348AF
:10D1E0007349FCF7D5F941EC100B53EC102B9FED74
:10D1F000719B03F0004251EC190B0C46144353ECA5
:10D20000192B51EC100B2346FCF794FAFCF750FB5A
:10D210000446F9F717FC41EC1B0B53EC1B2B4FF0AA
:10D2200078406649FCF7B4F902460B4651EC1A0BFC
:10D23000FFF706FE06460F4653EC1B2B604861497C
:10D24000FCF7A6F902460B4630463946FFF7F8FDD3
:10D2500041EC1A0B21F0004100225B4BFFF7AAFEC4
:10D2600008D2B0EE48AAF0EE68AA55E0000000002F
:10D270000000000053EC1A2B51EC1A0BFCF788F954
:10D2800041EC1B0B53EC1B2B50485149FCF780F928
:10D29000504A514BFCF74EFA53EC1B2BFCF778F934
:10D2A00041EC1C0B53EC1B2B4C484D49FCF770F91F
:10D2B0004C4A4D4BFCF73EFA53EC1B2BFCF768F93C
:10D2C00053EC192BFCF736FA53EC1A2BFCF760F9E8
:10D2D00041EC190B53EC1C2BFCF72CFA9FED43ABE4
:10D2E00053EC1A2BFCF726FA06460F4651EC1C0BA2
:10D2F00053EC192BFFF7A4FD53EC1A2BFCF71AFA89
:10D3000002460B4630463946F9F7BEFB53EC182B64
:10D31000FCF73EF941EC1A0B51EC1A0B2A194800A4
:10D32000400D02EB000319D0002B17DD40F2FF7017
:10D33000834209DB9FED2F0B53EC102B01F00041D2
:10D340000B4343EC1A2B16E06FF31E5141EA0351D5
:10D3500055EC1A4B0D4645EC1A4B0CE051EC1A0BF0
:10D3600031F0004108BF002805D051EC1A0B00F045
:10D370009DF841EC1A0B51EC1A0B20F0000231F031
:10D38000004308BF002A05D048004015401C03D1C7
:10D39000090301D1AFF3008051EC1A0BBDEC0A8BED
:10D3A000F4BD000000C89CC000C89C40FE822B65F4
:10D3B0004715F73F000000000000E03F422EE63F27
:10D3C000F2E4D5BCE7E84B3E0000903C112E5781BB
:10D3D000A03F503F5843128C8F71BC3F4BE8A54192
:10D3E000B752013F0BBDF3DAE8708C3F000000003C
:10D3F0000000F03F000000000000F07FC9B202789A
:10D400008A421AB11CBF10F8012FF9E718BF00209B
:10D410007047000080B500B906A005490B681BB134
:10D4200022220021984701E000F054FF222002BD93
:10D43000B42C0020636F6E73747261696E7420681F
:10D44000616E646C65723A20626164206D6573730D
:10D4500061676500C9B2830706D0521E22D310F857
:10D46000013B9942F7D11FE0083A13D302F10402BD
:10D4700041EA012141EA014150F8043B121F21BF5A
:10D480004B40A3F1013C2CEA030C1CF0803FF3D08D
:10D49000C9B2001F083210F8013B521E28BF91EAA2
:10D4A000030FF8D818BF0120401E7047124254D411
:10D4B00040F2FF7C1CEA11530FD0634531D09B181A
:10D4C00063453CBF01EB0251704701F0004141EA66
:10D4D0000C510020AFF30080704750EA410320D088
:10D4E00001F0004C91EA0C011CD0B1FA81F30B3B26
:10D4F0009A420DD9D21A994051EA0C01C3F1200C7D
:10D5000020FA0CFC61449840531C40F2FF7CD7E7A2
:10D51000914041EA0C01C2F1200C20FA0CF31943AE
:10D5200090407047B0FA80F31533202BE0D3202AC7
:10D53000EED3203A203B9A4209D9D21A00FA03F1DD
:10D5400041EA0C010020531C40F2FF7CB8E700FACE
:10D5500002F141EA0C0100207047524240F2FF7C88
:10D560001CEA11530DD06345DBD0B2EB030C3CBF7A
:10D57000A1EB025170470CF1010221EA035141F481
:10D58000801150EA410CCCD001F0004C352A27DC48
:10D5900030B481EA0C01B2F1200309DAC2F12003B0
:10D5A000044601FA03F5D0402843D1409C400CE0EA
:10D5B000C3F12002450020FA03F418BF44F001042F
:10D5C00021FA03F091400C43002174F1004550F121
:10D5D000000051EB0C01244230BC7FF47BAF70475C
:10D5E0006146002076E70000400D491840EA81209E
:10D5F0000CD2490DA1F58061491C40F0004005DBCB
:10D60000D1F11F0154BFC840C017704700207047B8
:10D6100000487047540E002080B52C482C4901600A
:10D620004FF482714160002181604FF4E061C1607C
:10D6300000210161002141614FF4007181610021ED
:10D64000C161002101620021416200218162072144
:10D65000C1620021016308214163FDF7A1FC00289C
:10D6600001D0FDF795FF01BD10B586B0040014226E
:10D67000002101A8FDF78EFF20681549884222D1BC
:10D680001448016851F480410160006810F4804042
:10D69000009000981048016851F002010160006894
:10D6A00010F00200009000984FF4204001900220FA
:10D6B000029000200390032004900520059001A90A
:10D6C0000648F4F7F3FF06B010BD00000029002063
:10D6D00000380040581002404C100240000400483E
:10D6E00010B500240320FEF76EFC0F2000F0C2FDF1
:10D6F000002802D00120040001E000F0EFFD20002E
:10D70000C0B210BD70B586B0142200216846FDF786
:10D7100041FF6B48016851F004010160016811F09C
:10D72000040105910599016851F0800101600168CB
:10D7300011F0800105910599016851F00101016026
:10D74000016811F0010105910599016851F002018C
:10D750000160016811F0020105910599016851F01D
:10D7600008010160006810F0080005900598554C0C
:10D77000002243F2C1312000F5F737F900224FF4BF
:10D78000F8515FF09040F5F730F94F4D0022042139
:10D790002800F5F72AF94D4E002238213000F5F720
:10D7A00024F942F2C1300090012001900020029043
:10D7B0000020039069462000F4F778FF4CF21E0029
:10D7C0000090032001900020029069462000F4F7A9
:10D7D0006DFF0B200090032001900020029069460D
:10D7E0003B48F4F763FF48F2FF00009003200190EC
:10D7F0000020029069465FF09040F4F757FF202028
:10D800000090002001900120029069462000F4F76A
:10D810004DFF0720009000200190012002906946F2
:10D820003000F4F743FF4FF4A6400090032001902E
:10D830000020029069463000F4F738FF4FF4F850AA
:10D840000090012001900020029000200390694682
:10D850005FF09040F4F72AFF4FF4805000900120D1
:10D860000190002002900320039069462000F4F705
:10D870001DFF042000900120019000200290002054
:10D88000039069462800F4F711FF1820009001204A
:10D890000190002002900020039069463000F4F7C8
:10D8A00005FF20200090012001900020029003201D
:10D8B000039069463000F4F7F9FE06B070BD00BF72
:10D8C0004C10024000080048000C004800040048CA
:10D8D000001C004880B51648016851F00201016043
:10D8E000016811F0020100910099016851F00101F5
:10D8F0000160006810F001000090009800220021F3
:10D900000D20FEF766FB0D20FEF778FB00220021BC
:10D910000F20FEF75EFB0F20FEF770FB00220021B8
:10D920004520FEF756FB4520FEF768FB01BD00BF12
:10D930004810024018B591B01422002101A8FDF74B
:10D9400029FE042200216846FDF724FE2C22002136
:10D9500006A8FDF71FFE484C484820600020606084
:10D960007F20A060FF20E060002020610020606137
:10D970000020A0610020E061200000F0CBFC002826
:10D9800001D0FDF705FE00208DF8040000208DF881
:10D99000050000208DF8060000200490002005906E
:10D9A000012201A9200000F01AFD002801D0FDF796
:10D9B000EFFD01208DF8000001208DF8010001200D
:10D9C0008DF8020000208DF8030001226946200036
:10D9D00000F0B3FD002801D0FDF7DAFD00208DF83E
:10D9E000180000208DF8190000208DF81A00002082
:10D9F00007900020099000200A9000200B90002042
:10DA00000D9000200E9001208DF83C004FF48070A6
:10DA10001090012206A9200000F01EFE002801D06F
:10DA2000FDF7B6FD12B010BD10B598B0040060222D
:10DA300000216846FDF7AEFD20681049884219D1E3
:10DA40005FF4003000904FF4007017906846FDF7C7
:10DA5000ABFD002801D0FDF79BFD0948016851F49A
:10DA600000410160002200212920FEF7B2FA29209E
:10DA7000FEF7C4FA18B010BD942B00200028004017
:10DA80009010024010B5040001F0EFF8012010BD25
:10DA900038B50400DFF85814087800280ED10120AA
:10DAA0000870DFF850048088DFF84C1408802100EB
:10DAB000C9B2DFF84804F9F746FB22E0DFF8380482
:10DAC000DFF83054AA8803889A4212D100200870E7
:10DAD000AA8829680220F5F70FF892A10220F5F72D
:10DAE00021F80121280001F065F92800F4F7E6FF8C
:10DAF00007E0A98801802100C9B2DFF80004F9F726
:10DB000022FB012032BD10B50400FEF7F6FA012019
:10DB100010BD10B50400DFF8E8130320F5F710F886
:10DB20000421DFF8D803F9F70EFB012010BD010036
:10DB3000012070470100012070470100012070475B
:10DB400080B500F0AFFF01F023FA01BD1CB500F075
:10DB500039F801F0AAFAF5F777F8F7F7BFFEDFF822
:10DB6000A443002000900FF2291300225FF0FF3140
:10DB7000200000F0A1FFDFF89013200001F058F81A
:10DB8000200000F0BFFF13BDF8B50024FFF7D8FF59
:10DB9000FFF7DCFF00F096F8012803D14FF4FA609C
:10DBA000FAF7D8FA002500F01DF806002E4301F020
:10DBB00087FA07003743F7F7B9FE38430400F5F753
:10DBC00019F9EFE780B500F099F800F09BF80FF233
:10DBD000B500DFF8381308600FF2D100DFF830131A
:10DBE000086001BD70B50020002400252800C0B2E7
:10DBF00007283ADAC14E2800C0B20001304440780C
:10DC0000012830D12800C0B2042801D0012004002E
:10DC10002800C0B200013044406800280ED0F9F757
:10DC200035F92900C9B2090131444968401A29006F
:10DC3000C9B2090131448968884214D300202900FF
:10DC4000C9B2090131444870F9F720F92900C9B275
:10DC50000901314448602800C0B22900C9B2090155
:10DC60003144C96888476D1CC0E7A44A92F8410056
:10DC7000002803D104211000F9F765FA2000C0B292
:10DC800070BD000080B500219C48F9F74DFA01BD38
:10DC900010B504009F490320F4F744FF052197487D
:10DCA000F9F742FA00F001F810BD704738B50400EA
:10DCB0000D004FF47A732A0092B221009648FAF7C9
:10DCC0009AFA31BD38B500250024FEF71BFF01008C
:10DCD000880110D4C8000ED488000CD448000AD49F
:10DCE000002908D4480102D50120040003E00801FE
:10DCF00001D5012004002000C0B232BD80B5FAF782
:10DD000021F801BD80B5012284498348FAF7D9FA88
:10DD1000002201214620FEF75CF94620FEF76EF94D
:10DD200001BD00000D0A000070472DE9F04104001C
:10DD3000002500217A4A16887A4FF869002823D1F5
:10DD40006C48828812FA84F2B2F5966F01D30022F1
:10DD500082805FF000084146220089B292B291426F
:10DD60000ED2016882881144424692B26E4BC4467C
:10DD70001FFA8CFC13F80C308B5418F10108EAE7F9
:10DD800081886118818077E03000230080B29BB2E7
:10DD9000984229D2A01B05005648838813FA85F3C0
:10DDA000B3F5966F01D3002383805FF000084146EE
:10DDB0002B0089B29BB2994212D201688388194420
:10DDC00043469BB2DFF860C1C6461FFA8EFE1EFABC
:10DDD00086FE1CF80EC001F803C018F10108E6E742
:10DDE00081886918818046E0D6F164000500414BC6
:10DDF000988810FA84F010FA85F0B0F5966F01D388
:10DE00000020988000200100AC4689B21FFA8CFCEB
:10DE1000614513D21968B3F804C0614484461FFAFF
:10DE20008CFCDFF804E180461FFA88F818FA86F8BF
:10DE30001EF808E001F80CE0401CE4E75FF0000881
:10DE40004046210080B289B2884210D21868998871
:10DE50000844414689B2DFF8D0C0C6461FFA8EFE9C
:10DE60001CF80EC000F801C018F10108E8E7998815
:10DE70002819411899801480F86900280AD1642271
:10DE800029492548FEF774F93868006830F0040025
:10DE90003968086001211948F9F746F9BDE8F081B1
:10DEA0000100224801600020704780B520480168C9
:10DEB00051F480410160016831F4804101601648ED
:10DEC000FAF7AAF8002002BD38B504000D00104A88
:10DED0001068002804D0290089B2200012689047F9
:10DEE0000020124909688847002032BD0000000068
:10DEF000CC2C0020D0070020BE2C0020580700208A
:10DF0000A00B0108042C002080A90300A02C0020F5
:10DF1000B02C0020680B0108E8240020CB2C002046
:10DF2000BC2C0020C829002064290020902C00204F
:10DF300040100240DFF88000006810F4C0607047B5
:10DF40000200B2F5007F26D1DFF86C00036813F4FD
:10DF5000C063B3F5007F2CD0036833F4C06353F47F
:10DF600000730360DFF85400036832204343DFF896
:10DF70005000B3FBF0F0401C0100DFF848000368DC
:10DF80005B0503D5002901D0491EF6E7006840056E
:10DF90000FD503200EE0DFF82000036813F4C06300
:10DFA000B3F5806F05D0036833F4C06353F4806326
:10DFB00003600020704700000070004054070020FC
:10DFC00040420F001470004080B5012217491848E4
:10DFD000FAF777F9002201212520FDF7FAFF252025
:10DFE000FEF70CF801BD704738B504000D480F4925
:10DFF0000A78036885885A558288521C82808288F4
:10E0000040F2FF139A4201D3002282800122084885
:10E01000FAF757F901200449087002210548F9F779
:10E0200092F831BD440E0020D52C0020D42C0020C5
:10E0300070250020380900202DE9F84785B005003B
:10E040000E0014001F000020ADF802005FF0000A6F
:10E05000DFF80C22107AA84202D27FF0040055E0CB
:10E06000D0683040B04202D07FF005004EE05068EA
:10E07000002806D0002C04D00DF1020101A852683E
:10E0800090470DF1380843463A004FF40071DFF82D
:10E09000DC0101F020F9814600F0CFF86946BDF8B7
:10E0A000020010EB090080B200F076F810F1010FC9
:10E0B00028D05FF0000A5046BDF8021080B28842B6
:10E0C00010D201A8514689B2405CDFF89811BDF822
:10E0D00000208854BDF80000401CADF800001AF183
:10E0E000010AE8E743463A004FF40071DFF8740193
:10E0F000BDF800C0604401F0EEF800F0A3F800F0B5
:10E1000008F803E000F09EF87FF0020006B0BDE8DA
:10E11000F08770B50024002500F099F8002837D169
:10E1200000F08BF84E4E308A718A88422ED0B0783B
:10E1300001280ED13188308A091AB1820220B070CC
:10E1400000203080B08A002803D10020B070002069
:10E150003082B07800280CD1308A718A884204D28B
:10E16000718A308A091AB18203E0308AD0F5806062
:10E17000B0823C48318A0844050000F079F8B18A41
:10E180002800394A92689047040001E000F05AF8EC
:10E19000200040B270BD000070B402005FF0FF309C
:10E1A0002F4B5C8A1D8AAC4216D15C8AD4F5806400
:10E1B00015002600ADB2B6B2B5422BD315001E8AAB
:10E1C000ADB2B54226D201259D705D8A1D801D8AA3
:10E1D0002C0000255D821DE01C8A5D8AAC4216D2AF
:10E1E0005C8AD4F5806415002600ADB2B6B2B542A3
:10E1F00010D315001E8AADB2B5420BD201259D7019
:10E200005D8A1D801D8A2C0000255D8202E01D8A2A
:10E210005C8A2C1B15002600ADB2B6B2B54209D2FD
:10E220005D8A0D805D8A15FA82F5AD05AD0D5D82C2
:10E230000023180000B270BC70470948C18A491C0D
:10E24000C18270470648C18A491EC182704704488E
:10E25000C08A002801D1002000E0012070470000A2
:10E26000EC2B002044170020401001082C1E002039
:10E270007047000038B504000025134908780028CD
:10E280001DD04FF47A700978B0FBF1F00F4909689E
:10E29000B1FBF0F0FDF7C0FE00280DD1102C08D224
:10E2A000002221005FF0FF30FDF793FE0848046074
:10E2B00007E00120050004E00120050001E0012045
:10E2C00005002800C0B232BD8F0E00205407002088
:10E2D00030070020012001F0EFB8000081B00B48AA
:10E2E000016851F001010160006810F00100009028
:10E2F00000980748016851F080510160006810F0F3
:10E3000080500090009801B0704700BF601002403C
:10E310005810024070B504000125002C5CD094F820
:10E320002100002805D1002084F820002000FFF7FC
:10E330007BFB022084F821002068C068C00642D41C
:10E34000CA2021684862532021684862200000F0FA
:10E350002AFB06003000C0B200281AD1206881686C
:10E36000DFF8E80601402068816020688168626803
:10E3700020690243A0690243114320688160E0687C
:10E380002168086120680069A16850EA014021689D
:10E390000861200000F02DFB05002800C0B2002815
:10E3A0000DD12068C06C800880002168C864206896
:10E3B000C16CE2696069024311432068C164FF20B7
:10E3C0002168486201E0002005002800C0B2002852
:10E3D00002D1012084F821002800C0B270BD2DE9CF
:10E3E000F04705000E00140095F82000012801D127
:10E3F00002206DE0012085F82000022085F8210030
:10E40000CA2029684862532029684862280000F021
:10E41000CAFA80464046C0B200284AD1002C20D11A
:10E4200028688068400601D40020F070307800F041
:10E430001FFB8246707800F01BFB8146B07800F02D
:10E4400017FB5FFA8AFA5FFA89F95FEA092959EA44
:10E450000A49C0B250EA0909F07859EA80594F4692
:10E4600010E028688068400601D40020F070307801
:10E470007178090251EA0041B0780143F07851EA1D
:10E4800080510F00DFF8C805384029680860286807
:10E49000806830F480202968886028688168F26884
:10E4A00030690243114328688160280000F0A1FA16
:10E4B0008046FF20296848624046C0B2002802D149
:10E4C000012085F82100002085F820004046C0B2D8
:10E4D000BDE8F087F8B505000E0014002868806AD2
:10E4E0007060286800694004400CB06028680768C4
:10E4F000DFF85C0507403800000C10F03F0030707A
:10E500003800000A10F07F00707017F07F00B070C4
:10E510003800800D10F00100F070002C0BD1307825
:10E5200000F0B4FA3070707800F0B0FA7070B07823
:10E5300000F0ACFAB0700020F2BD2DE9F04105000A
:10E540000E00140095F82000012801D1022058E0A7
:10E55000012085F82000022085F82100002C07D139
:10E560007078C00604D5707810F0EF000A30707033
:10E57000002C16D1F07800F07BFA8046707800F01D
:10E5800077FA0700B07800F073FA5FFA88F8FFB204
:10E590003F0257EA0847C0B20743307857EA40378E
:10E5A00009E0F07877783F0257EA0047B0780743F0
:10E5B000307857EA4037CA202968486253202968D2
:10E5C0004862280000F0EFF980464046C0B20028BB
:10E5D00008D1DFF88004384029684860280000F03E
:10E5E00008FA8046FF20296848624046C0B20028E9
:10E5F00002D1012085F82100002085F82000404646
:10E60000C0B2BDE8F081F8B505000E00140028681E
:10E610004768DFF8400407403800000CF07038000D
:10E62000000A10F01F00707017F03F00B070380043
:10E63000400B10F007003070002C0BD1F07800F088
:10E6400025FAF070707800F021FA7070B07800F060
:10E650001DFAB0700020F2BD2DE9F84305000E0050
:10E66000140095F82000012801D10220E5E00120E6
:10E6700085F82000022085F82100002C2DD1286883
:10E680008068400601D40020F070306A0028FFD076
:10E69000307800F0EDF98046707800F0E9F9070075
:10E6A000B07800F0E5F9814696F8240000F0E0F932
:10E6B0005FFA88F8FFB23F0257EA08475FFA89F924
:10E6C00059EA0707F17857EA8157C0B257EA00675D
:10E6D000306A07437069074317E02868806840067E
:10E6E00001D40020F070307877783F0257EA004775
:10E6F000B0780743F07857EA805796F8240057EA35
:10E700000067306A074370690743D6F80480F069F0
:10E7100050EA0808CA2029684862532029684862DC
:10E72000B06AB0F5807F39D12868806830F4807095
:10E73000296888602868C06810F0800070F4C07094
:10E740002968C860F8F7A2FB81462868C068C0073E
:10E7500012D4F8F79BFBB0EB090040F2E931884294
:10E76000F3D3FF2029684862032085F821000020A8
:10E7700085F82000032060E02868C7612868C0F899
:10E7800044802868806850F4807029688860286810
:10E79000806850F480502968886038E02868806874
:10E7A00030F40070296888602868C06810F0800024
:10E7B00070F420702968C860F8F768FB8146286803
:10E7C000C068800712D4F8F761FBB0EB090040F293
:10E7D000E9318842F3D3FF2029684862032085F895
:10E7E0002100002085F82000032026E02868076229
:10E7F0002868C0F848802868806850F4007029684C
:10E8000088602868806850F4005029688860DFF8C4
:10E810004802016851F480210160DFF8400201687C
:10E8200051F480210160FF2029684862012085F8A9
:10E830002100002085F820000020BDE8F28370B59B
:10E8400004000D0094F82000012801D1022062E0AC
:10E85000012084F82000022084F82100CA202168C9
:10E860004862532021684862B5F5807F24D1206832
:10E87000806830F48070216888602068806830F497
:10E88000805021688860F8F701FB06002068C068A6
:10E89000C00736D4F8F7FAFA801B40F2E931884213
:10E8A000F4D3FF2021684862032084F8210000206F
:10E8B00084F8200003202EE02068806830F4007087
:10E8C000216888602068806830F400502168886082
:10E8D000F8F7DCFA06002068C068800711D4F8F762
:10E8E000D5FA801B40F2E9318842F4D3FF20216839
:10E8F0004862032084F82100002084F820000320CF
:10E9000009E0FF2021684862012084F821000020EE
:10E9100084F82000002070BD10B504005FF4802052
:10E920004F49086020688068C0040ED52068C06820
:10E93000C0050AD52068C06810F0800070F4C0706F
:10E940002168C860200000F049FE206880688004CB
:10E950000ED52068C06880050AD52068C06810F010
:10E96000800070F420702168C860200000F082FFF1
:10E97000012084F8210010BD38B504003948216811
:10E98000C860F8F783FA05002068C068800608D4DC
:10E99000F8F77CFA401B40F2E9318842F4D30320B7
:10E9A00000E0002032BD70B5040000262068C06879
:10E9B00040061BD45FF0FF302168C860F8F766FAA4
:10E9C00005002068C068400610D43000C0B203289B
:10E9D0000CD0F8F75BFA401B40F2E9318842F0D3E3
:10E9E00003200600032084F82100EAE73000C0B2CB
:10E9F00070BD70B5040000251B48016831F080012E
:10EA000001601A4E306880060AD42000FFF7B4FF78
:10EA1000002817D0032084F821000320050011E00E
:10EA2000306830F0200030602000FFF7A5FF00289C
:10EA300004D0032084F8210003200500306850F042
:10EA4000200030602800C0B270BD0000BFFF8FFF03
:10EA50007F7F7F003FFFFF0000040140080401406A
:10EA6000140401405FFF03000C2800400828004008
:10EA70000100002208000300DBB20A2B02D3521C63
:10EA80000A38F8E750EA0210C0B270470100C9B274
:10EA900009090A2211FB02F110F00F004018C0B260
:10EAA0007047000080B50020DFF800130860DFF831
:10EAB00000030068804702BD2DE9F04104000D000D
:10EAC00016001F00DDF81880002C18D03800002830
:10EAD00015D0002020602800DFF8D412496A88474A
:10EAE000606000202072002060720020A072E76049
:10EAF000C4F81080E67200206061002000E0012070
:10EB0000BDE8F0812DE9F04704005FF00008002C1B
:10EB10003BD0200000F002F9002836D1607A0028AE
:10EB200033D160680700DFF88892D9F82000804769
:10EB30000600B74200D23700276000202072012073
:10EB400060720020A072DFF864A2DAF800000028EA
:10EB500006D1D9F810008047200000F019F916E01E
:10EB6000D9F8180080470500206828182060206820
:10EB7000DAF800100968884203D2200000F008F992
:10EB800005E0200000F0EDF801E00120804640465D
:10EB9000C0B2BDE8F0872DE9F04105000026002D48
:10EBA00040D0DFF80882D8F80070D8F80040012083
:10EBB000A872D8F80000002836D000206872D8F873
:10EBC0000000A8421AD10020D8F800100872D8F826
:10EBD00000004069002809D0D8F800004069C8F852
:10EBE0000000D8F8000000F0A6F818E0DFF8C00137
:10EBF000C06880470020C8F8000010E0002C0ED04C
:10EC0000AC4209D16069002802D064697C6102E0ED
:10EC1000002004007C6102E027006469EEE7002028
:10EC2000060001E0012006003000C0B2BDE8F0811E
:10EC300070B504000D000026002C02D10120060052
:10EC400010E028005A49496A88476060200000F0B7
:10EC500065F8002806D02000FFF79DFF2000FFF791
:10EC600051FF06003000C0B270BD2DE9F843504D91
:10EC7000686980470600286980470700B7EB0608E7
:10EC8000DFF82891D9F8000000280FD0D9F800004B
:10EC900004002068804504D22068B0EB08002060A2
:10ECA00001E0002020606469002CF2D1D9F8000056
:10ECB000002824D0D9F800000068002806D0A869F0
:10ECC0008047D9F800100968814218D2D9F80000AD
:10ECD0000400D9F800004069C9F800000020207243
:10ECE000002060722069E1688847E07A0128DDD160
:10ECF000A07A0028DAD12000FFF704FFD6E7D9F880
:10ED00000000002808D0D9F80000007A002803D1BC
:10ED1000D9F8000000F00FF8BDE8F18302002348A5
:10ED20000168002905D0914201D1012002E0496922
:10ED3000F7E70020704770B504001D4D286A804732
:10ED4000060001202072A86980472168301881429E
:10ED500003D2A8698047301820602068A9688847D6
:10ED600070BD10B411490A6809684B6951690029DE
:10ED700009D019680468A14202D21A005B69F5E75C
:10ED80005061436102E050610021416110BC704755
:10ED900038B5050005480468002C01D00021217217
:10EDA0006C6105600068FFF7C6FF31BDA42C002030
:10EDB0002C0A01082DE9FC4704000D005FF0FF3626
:10EDC00000226E4BD3E90001CDE900015FF000099C
:10EDD0004846A18880B2884224D22068494689B238
:10EDE000405C3D2805D02068494689B2405C3F28F8
:10EDF00000D117E02068494689B2405C41280EDB0B
:10EE00002068494689B2405C5B2808DA2068494698
:10EE100089B2405C203021684A4692B2885419F188
:10EE20000109D5E700273800C0B2412880F2A2804E
:10EE3000DFF84C8121003800C0B2000140440830A6
:10EE400000F019FD0600002E00F192803800C0B2DB
:10EE5000000140444068002800F08A803800C0B2B9
:10EE6000000140444068002808D14FF47A73A2881A
:10EE700021004448F9F7BFF901207CE0DFF808A140
:10EE80005046F3F71BFE0020010089B2A288921BB6
:10EE9000914223DA21683144020092B2895C3F2911
:10EEA0000AD021683144020092B2895C3D2903D026
:10EEB000BAF80410802900DB10E021683144020018
:10EEC00092B2895CDAF80020BAF80430D154BAF86A
:10EED0000410491CAAF80410401CD5E73900C9B237
:10EEE00009014144898916FA81F6B1464846A1884C
:10EEF00080B2884226D22068494689B2405C0D28FB
:10EF00000CD1484680B2A188491E884206DA2068A2
:10EF1000494689B2084440780A2813D0BDF8040055
:10EF200080280CD22068494689B2405C0099BDF81F
:10EF300004208854BDF80400401CADF8040019F109
:10EF40000109D3E7114805702800C0B2401E01280E
:10EF500002D9801E09D009E0002168463A00D2B2E9
:10EF6000120142445268904700E0FFE7012002E0AE
:10EF70007F1C58E70020BDE8F68700BF2413010876
:10EF80001C0A0020E8240020140A0020D12C0020B4
:10EF900010B586B0DFF84840002201A92000FFF735
:10EFA00099FA002269462000FFF72DFBDFF83400B4
:10EFB0009DF8061081709DF8051041709DF80410B1
:10EFC00001709DF80010C1709DF8021001719DF84C
:10EFD000011041719DF80310817106B010BD000051
:10EFE000942B0020602C002010B504000122102179
:10EFF0005448F3F7FAFC012010BD70B50400524DDF
:10F00000524E30786978884207D05148697850F874
:10F01000210000F02BF8687830702100C9B24D480B
:10F02000F8F791F8012070BD10B504004A48C07887
:10F03000012802D14948F7F7F0F803214548F8F7CD
:10F0400082F84648F3F73AFD012010BD10B50400E0
:10F050003F483D49497850F8210000F007F8210069
:10F06000C9B23C48F8F76FF8012010BD10B5040094
:10F070003B483C4901604460002181600021C1603F
:10F08000002101610C214161002181610021C161E8
:10F090000021016200214162F9F770F8002801D0D7
:10F0A000FCF776FAFEF790FF10BD80B5F7F79DF8F4
:10F0B00027482549497850F82100FFF7D7FF01BDBF
:10F0C00070B50020002400252800C0B2042836DADC
:10F0D000204E2800C0B200013044407801282CD1D5
:10F0E000012004002800C0B200013044406800281C
:10F0F0000ED0F7F7CBFE2900C9B2090131444968A7
:10F10000401A2900C9B2090131448968884214D3E0
:10F1100000202900C9B2090131444870F7F7B6FE52
:10F120002900C9B20901314448602800C0B2290051
:10F13000C9B209013144C96888476D1CC4E7200081
:10F14000C0B270BD000400488C0E0020CD2C002001
:10F150000409002038090020942C0020440E0020CF
:10F160007025002000380140020000201168097855
:10F1700030290CDB116809783A2908DA11684B1C30
:10F1800013600A23097803FB00103038EEE770475C
:10F190002DE9F04F91B00400DDF868801B9D1C9EA6
:10F1A000DFF808030768700603D5DFF8040300687A
:10F1B0000700022B01DB252B01DB002088E0F00794
:10F1C00002D55FF0300C01E05FF0200C5FF0000E24
:10F1D000B00706D5002A04D52D2086465242B8F144
:10F1E00001085FF00009002A06D13020EA460AF83B
:10F1F000090019F1010910E0002A0ED010009A460A
:10F20000B0FBFAFB0AFB1B00385CEA460AF809006F
:10F2100019F10109B2FBF3F2EEE74D4500DA4D4674
:10F22000B8EB0508F0070DD44046B0F101080128FD
:10F2300008DB20202070641C491E002901D1200019
:10F2400046E0F1E77046C0B2002807D084F800E03D
:10F25000641C491E002901D1200039E04046B0F16C
:10F260000108012808DB84F800C0641C491E00293D
:10F2700001D120002CE0F1E72800451E814508DA85
:10F2800030202070641C491E002901D120001FE09D
:10F29000F2E74846B0F1010901280ADB684610F898
:10F2A00009002070641C491E002901D120000FE0D4
:10F2B000EFE74046B0F10108012808DB202020706C
:10F2C000641C491E002901D1200001E0F1E7200063
:10F2D00011B0BDE8F08F2DE9F74F88B005001E0092
:10F2E0000998012801DA0020DDE0AA460A98007892
:10F2F000002806D1BAEB05000999491E8842C0F2E0
:10F30000CC80BAEB05000999491E884280F2C5807D
:10F310000A980078252806D00A9800788AF8000014
:10F320001AF1010AB5E0002080460A98401C0A90B4
:10F330000A980078302801D158F001085FF0FF3BAF
:10F34000D9460A980078302807DB0A9800783A28CE
:10F3500003DA0AA8FFF708FF8146CDF81CB0CDF804
:10F3600018B00A2005900A980078582843D06328DE
:10F370000AD0642844D0692842D0732816D0752852
:10F3800040D0782839D03EE0B9F10109B9F1010F38
:10F3900005DB20208AF800001AF1010AF4E7306842
:10F3A000361D8AF800001AF1010A72E03068361D35
:10F3B0000400002C01D13F4804002000F7F70AFBAD
:10F3C00004904846B0F101090499814205DA2020F1
:10F3D0008AF800001AF1010AF3E7002007000498F8
:10F3E000874207DA20788AF80000641C1AF1010AC3
:10F3F0007F1CF4E74DE058F040081020059026E00F
:10F4000058F0020823E00A980078252804D0252027
:10F410008AF800001AF1010ABAEB05000999491EA1
:10F42000884214DA0A980078002806D00A980078F2
:10F430008AF800001AF1010A02E00A98401E0A90B8
:10F44000BAEB05000999491E884200DA21E00698C6
:10F450006C2803D13068361D039009E05FEA88709C
:10F4600003D53068361D039002E03068361D0390E6
:10F47000CDF8088007980190CDF80090059B039A7D
:10F480000999491EBAEB0500091A5046FFF780FE9C
:10F4900082460A98401C0A9028E700208AF800005B
:10F4A000BAEB050528000BB0BDE8F08F4C0E00202C
:10F4B000500E00202C13010880B5AFF30080024AE3
:10F4C00011001820ABBEFBE72600020080B5DFF874
:10F4D0007003DFF870130160002141601F2181601B
:10F4E00040F2FF31C1600021016100214161002132
:10F4F00081610021C161FEF70DFF002801D0FCF7FA
:10F5000047F801BD38B5DFF84043207800280FD117
:10F51000FFF7DCFFDFF828534FF480712800FFF776
:10F520008EF9280000F09AFA00F01CF801202070F3
:10F53000002032BD10B50400200000F055F8002076
:10F5400010BD80B5DFF8F8020168C96811F08001CC
:10F5500071F4C0710268D1604FF48071FFF76FF9E8
:10F56000002002BD10B5DFF8E442211D14F118009F
:10F5700000F01DF92060206810BDDFF8D00200689F
:10F58000704780B586B001A9684600F010F9AF4910
:10F590000968401A07B000BD10B586B00024AA481B
:10F5A0000078012804D101A9684600F000F90400A0
:10F5B000200006B010BD0320704700B58021A1FBDC
:10F5C00000017D220023F9F7CBFE00BD7D21A1FBC8
:10F5D0000001C00940EA4160C909704710B5040044
:10F5E0009B480068804710BD2DE9F04F99B004009A
:10F5F0004021002209AD2800F7F700FF5FF0000866
:10F600005FF0000A002600275FF0000B8F4D04A872
:10F61000291D1422F9F760FEA8690390FFF791FFF6
:10F6200040F2FF30059D451B20008005800D4519E7
:10F63000A40A9DF80E908748844204D38648041992
:10F6400019F10109F7E79DF81080B4F5616F04D353
:10F65000B4F5616418F10108F7E79DF811703C2CCE
:10F6600002D33C3C7F1CFAE79DF81200210051FABE
:10F6700080F6280080B2B0F5806F03DBB5F58065B9
:10F68000761CF6E7300080B23C2802D33C3E7F1C5B
:10F69000F8E7380080B23C2803D33C3F18F101085A
:10F6A000F7E7404680B2182804D3B8F1180819F1DA
:10F6B0000109F6E79DF80F00042190FBF1F201FB30
:10F6C0001200002817D165499DF80D00084410F874
:10F6D000010C4A4680B292B2904223D21FFA89F9B5
:10F6E00048469DF80D20114411F8011C90FBF1F9DA
:10F6F00001FB190916E05A499DF80D00084410F85D
:10F70000010C4A4680B292B290420BD21FFA89F99C
:10F7100048469DF80D20114411F8011C90FBF1F9A9
:10F7200001FB1909DFF83CA140F2FF31280080B24B
:10F73000091ACAF804105FF02060CAF81C008AF8A1
:10F7400002608AF801708AF800808AF824909DF897
:10F7500013008AF803000020CAF820005FF0004080
:10F76000CAF814004FF48070CAF828000020CAF8C4
:10F770000C000020CAF81000002251463048FEF765
:10F780006BFF002810D0DAF8040002909AF802000B
:10F7900001909AF8010000909AF800309AF824201D
:10F7A000314909A8F7F7FAFA19B0BDE8F08FF8B5B2
:10F7B00004000D000026224F002221003800FEF731
:10F7C00022FF002229003800FEF784FEE17840F293
:10F7D000B5504143C91C8908E078042290FBF2F33C
:10F7E00002FB1300002801D1204A00E0204A637880
:10F7F0003D2043433C3B022093FBF0F041186078EE
:10F80000401EC0B240001300C34013F00303C91AE6
:10F81000A078401E41180F484143AB786E783C20D9
:10F820004643F3182E784FF4616000FB06335918F5
:10F83000890201F2FF316868091A0800F2BD000070
:10F84000942B002000280040D62C0020B82B00204C
:10F85000A02C00208051010080AEFEFF4412010860
:10F8600038120108182B0020140B010850554400D1
:10F87000A0AA990070472DE9FE4F04000D0000205A
:10F88000002600270021ADF804105FF001085FF0AA
:10F8900000095FF0000A21680978212901D10121BE
:10F8A0008A465FF0000B584600B2A988884272DA97
:10F8B00020685146C9B2405C29685A4612B2895C38
:10F8C000884265D1012080465046C0B2401C0600E7
:10F8D000002081460020ADF80400300000B2A1886D
:10F8E00088424ADA2068310009B2405C7C281ED187
:10F8F000BDF90400002804D10120814616EB0B005D
:10F90000070001A800903B001BB22A002100701CD8
:10F9100000B200F059F880464046C0B2012806D136
:10F920005146C9B2584600B200F03DF839E04846A9
:10F93000C0B200280FD12068310009B2405C2968AC
:10F940005A4612B21144320012B2895C884202D087
:10F950000020804611E04846C0B2002801D1761C44
:10F96000BBE73000BDF9041000B2884203DABDF9EC
:10F9700004000600B1E7761CAFE74046C0B201289C
:10F9800006D15146C9B2584600B200F00CF808E062
:10F990001BF1010B87E75146C9B25FF0FF3000F061
:10F9A00002F8BDE8FE8F02000800C0B2002802D1B4
:10F9B000100000B207E0100000B2002802D45FF08F
:10F9C000FF3000E000207047F0B50400059D0120E5
:10F9D000002637003FB207FA84F7B1F804C0674544
:10F9E0003ADA0F68A4460FFA8CFC6744B4460FFA63
:10F9F0008CFC17F80C707C2F03D137192F8000B2C4
:10FA00002BE09788B4460FFA8CFC0CFA83FC674510
:10FA100006DAB2F904707F1C2F805FF0FF373800E0
:10FA20000F68A4460FFA8CFC6744B4460FFA8CFCAE
:10FA300017F80C70D2F800C09E460FFA8EFEF44400
:10FA4000B6460FFA8EFE1CF80EC0674502D05FF076
:10FA5000FF373800761CBCE700B2F0BD010091F81A
:10FA60002000012801D102201BE0012081F82000A4
:10FA7000022081F82100CA200A68506253200A68D7
:10FA800050620868806850F020000A689060FF208B
:10FA90000A685062012081F82100002081F82000CE
:10FAA0000020704700000000000000000000F0BFD0
:10FAB0000000000000000080000000000000008046
:10FAC0000000000000000000000000C05294EEBFE3
:10FAD00000000048204E51BE000000F86467BCBC26
:10FAE0000000000000000000000000208133EDBF96
:10FAF00000000080B3DB14BE000000506706A3BC0A
:10FB00000000000000000000000000D0E9DCEBBFB6
:10FB100000000008C39259BE00000080B0D3B8BCFA
:10FB2000000000000000000000000070F98FEABF34
:10FB3000000000C0A51028BE000000E8BFC0B0BC97
:10FB4000000000000000000000000070284CE9BF29
:10FB500000000060134B42BE000000C03D20B8BC56
:10FB6000000000000000000000000050FA10E8BF94
:10FB7000000000C05FF62BBE000000905C71A7BCC7
:10FB8000000000000000000000000020FCDDE6BFD7
:10FB9000000000C0F8F154BE00000018E9F6B9BC3E
:10FBA0000000000000000000000000D0C3B2E5BF6C
:10FBB00000000070E43254BE00000050DB06B4BC0C
:10FBC000000000000000000000000010EF8EE4BF05
:10FBD00000000020F36252BE000000C02A879ABCD9
:10FBE0000000000000000000000000B02272E3BF2F
:10FBF000000000F0E8E056BE00000028352DBDBC36
:10FC00000000000000000000000000000A5CE2BFED
:10FC1000000000B0FA8E41BE00000040AE6FBDBCD7
:10FC2000000000000000000000000000564CE1BF92
:10FC3000000000F015CD5FBE00000000141C90BC59
:10FC4000000000000000000000000040BD42E0BFD6
:10FC500000000030F93457BE000000E06C1E93BC79
:10FC60000000000000000000000000E0F57DDEBFA5
:10FC7000000000B08A535EBE00000080DA77AABCA4
:10FC80000000000000000000000000C09D81DCBFFB
:10FC900000000000FFA226BE0000006057E2B0BCDA
:10FCA000000000000000000000000060F98FDABFD3
:10FCB000000000580A8151BE000000F05F60B8BC2F
:10FCC00000000000000000000000000098A8D8BF5D
:10FCD000000000607A7F45BE000000D05433A3BC12
:10FCE0000000000000000000000000600FCBD6BF45
:10FCF000000000D091CB40BE000000406D1BA0BCB6
:10FD00000000000000000000000000A0FBF6D4BFCF
:10FD100000000098C5CE52BE000000003A397EBCFB
:10FD20000000000000000000000000E0FE2BD3BF38
:10FD30000000004073872BBE00000000926879BC71
:10FD4000000000000000000000000040C069D1BFBA
:10FD500000000058F16353BE00000080438D7CBC5E
:10FD6000000000000000000000000080D85FCFBF4E
:10FD7000000000181F8354BE000000B03F42A2BC28
:10FD800000000000000000000000008067FCCBBF06
:10FD900000000060FAFF53BE00000050E00DB8BC48
:10FDA00000000000000000000000000098A8C8BF8C
:10FDB000000000607A7F35BE000000C0543393BC61
:10FDC000000000000000000000000000DC63C5BF70
:10FDD00000000058D6FF54BE00000000396490BCFB
:10FDE0000000000000000000000000C0AD2DC2BFF8
:10FDF00000000080A45915BE000000E0484BABBCD9
:10FE00000000000000000000000000801A0BBEBFD0
:10FE100000000050BF3C5ABE000000A0B364B6BC56
:10FE200000000000000000000000008004D6B7BF02
:10FE300000000040BBCF36BE0000008076CEA8BCDC
:10FE400000000000000000000000008032BBB1BFD5
:10FE5000000000402A0043BE00000028C60CBDBCC4
:10FE60000000000000000000000000009473A7BF25
:10FE7000000000182B3B59BE000000C0E55DA5BC8A
:10FE8000000000000000000000000000EE4397BFEB
:10FE9000000000A0E6C340BE00000020958DB5BC68
:10FEA00000000000000000000000000000000080D2
:10FEB0000000000000000080000000000000008042
:10FEC0000000000000000000000000000000000032
:10FED0000000000000000000000000000000000022
:10FEE0000000000000000000000000000000000012
:10FEF0000000000000000000000000000000000002
:10FF000000000000000000000000000000000000F1
:10FF100000000000000000000000000000000000E1
:10FF200000000000000000000000000000000000D1
:10FF300000000000000000000000000000000000C1
:10FF400000000000000000000000000000000000B1
:10FF500000000000000000000000000000C0F0FCF5
:10FF6000FFFEF8C0000000000000000000000000DC
:10FF70000000000000000000000000000000000081
:10FF80000000000000000000000000000000000071
:10FF90000000000000000000000000000000000061
:10FFA0000000000000000000000000000000000051
:10FFB0000000000000000000000000000000000041
:10FFC0000000000000000000000000000000000031
:10FFD000000000000000000000C0F0FCFFFFFFFF79
:10FFE000FFFFFFFFFFFCF0C000000000000000006A
:10FFF0000000000080C0C0C0C0E0F0F0F0F0703839
:020000040801F1
:100000003C3C3C3C3F3F0F03000000000000000070
:1000100000000000000000000000000000000000E0
:1000200000000000000000000000000000000000D0
:1000300000000000000000000000000000000000C0
:1000400000000000000000000000000000000000B0
:100050000000000000C0F0FCFFFFFFFFFF3F0F0F9C
:1000600003070F3FFFFFFFFFFFFC30383C3C1C0E37
:100070008FCFC7C3C3C3E37371303030383C0C003B
:1000800000000070F8CCCC0C0C0000C0F03C0CFC64
:10009000FC000000C0F01C0C0C8CFCF00000000008
:1000A00000000CFCFC0000C03C0C00C0FCFC0C0080
:1000B00000FCFCCCCCCCCC0C000C8CFCFC1C0C0C48
:1000C0000C00000000000000000000000000000024
:1000D00000C0F0FCFFFF7F3F0F07C3C04030301867
:1000E000CCCCC7C3033330100C8CCCC4C3C3E3F3F4
:1000F0003130303038380C000000000000000000C3
:1001000000000C0C0C0C0F03030C0F030303030F74
:100110000F000000030F0C0C0C0F03010000000087
:100120000000000F0F0C030000000C0F0F00000078
:100130000F0F0F0C0C0C000000000F0F0000000050
:1001400000000000000000000000000000C0F0FC03
:100150003F3F0F0703000C00C3C13030CCCC03334A
:100160003300000C0C0003030300000001030F0F19
:100170003C78C0000000000000000000000000000B
:10018000000000000000000000000000000000006F
:10019000000000000000000000000000000000005F
:1001A000000000000000000000000000000000004F
:1001B000000000000000000000000000000000003F
:1001C00000000000000000000000C0300F0303002A
:1001D000000000000000000000000003000000001C
:1001E000000000000000000000000000000000000F
:1001F000000000030C30C000000000000000000000
:1002000000000000000000000000000000000000EE
:1002100000000000000000000000000000000000DE
:1002200000000000000000000000000000000000CE
:1002300000000000000000000000000000000000BE
:1002400000000000000000000000000000000000AE
:10025000000000000000000000000000000000009E
:10026000000000000000000000000000000000008E
:10027000000000000000000000000000000000007E
:10028000000000000000000000000000000000006E
:10029000000000000000000000000000000000005E
:1002A000000000000000000000000000000000004E
:1002B000000000000000000000000000000000003E
:1002C0000000000000000000060000000000000028
:1002D000000F00000F00000F00000F0000000000E2
:1002E000000000000000000000000000000000000E
:1002F0000000000000000700001E00E01F00FF1FBC
:10030000F8FF03FF1F00FF01000F000000000000C6
:1003100000000000000000000000000000000000DD
:10032000000000000E000000C07F00F8FF01FCFF8D
:1003300007FCFF073E800F0E000E0E000E0E000E93
:100340001E800FFCFF07FCFF07F8FF01C07F0000C5
:1003500000000E00000070000E38000E38000E1C69
:10036000000E0E000EFEFF0FFEFF0FFEFF0FFEFF42
:100370000F00000E00000E00000E00000E00000036
:100380000E00000060000F78800F7CC00F7CE00F33
:100390001EF00F0EF80E0E7C0E0E3E0E1E1F0EFEF1
:1003A0000F0EFC070EF8030EF0010E0000000E0009
:1003B00000003080013880033C80073C800F1E0025
:1003C0000F0E0E0E0E0E0E0E0E0E1E1F0FFEFF0F48
:1003D000FCFB07FCF903F0E0010000000F00000047
:1003E00000F00000F80000FE0080EF00C0E700F021
:1003F000E1007CE0003EE000FEFF0FFEFF0FFEFF8D
:100400000FFEFF0F00E00000E0000E000000008083
:1004100001F88703FE8707FE870FFE070F0E030E06
:100420008E030E8E030E8E070F8EFF070EFF070E34
:10043000FE0300FC000000000E000000C07F00F082
:10044000FF01F8FF07FCFF073E0E0F0E070E0E0719
:100450000E0E070E1E0F0F3EFF0F3CFE0738FE0369
:1004600030F8010000000E0000000E00000E000039
:100470000E00000E000F0EE00F0EF80F0EFE0F8E96
:10048000FF00CE0F00FE0300FE00003E00001E0035
:10049000000000000E000000F0E001F8FB03FCFB90
:1004A00007FEFF0F1E1F0F0E0E0E0E0E0E0E0E0E6F
:1004B0001E1F0FFEFF0FFCFB07FCFB03F0E001001B
:1004C00000000E000000F08301F88703FC8F07FE98
:1004D0009F0F1E1E0F0E1C0E0E1C0E0E1C0E1E8ECF
:1004E0000FFCFF07FCFF03F8FF01C07F00000000C6
:1004F000000000000000005F00000007000700147B
:100500007F147F14242A7F2A122313086462364939
:100510005522500005030000001C2241000041222A
:100520001C00082A1C2A0808083E08080050300051
:100530000008080808080060600000201008040295
:100540003E5149453E00427F4000426151494621AB
:1005500041454B311814127F1027454545393C4A17
:100560004949300171090503364949493606494967
:10057000291E0036360000005636000000081422FE
:1005800041141414141441221408000201510906E4
:10059000324979413E7E1111117E7F494949363EEB
:1005A000414141227F4141221C7F494949417F0904
:1005B0000901013E414151327F0808087F00417F17
:1005C00041002040413F017F081422417F404040CC
:1005D000407F0204027F7F0408107F3E4141413E7C
:1005E0007F090909063E4151215E7F0919294646C6
:1005F0004949493101017F01013F4040403F1F20EF
:1006000040201F7F2018207F6314081463030478A0
:100610000403615149454300007F41410204081031
:100620002041417F0000040201020440404040405C
:10063000000102040020545454787F484444383860
:1006400044444420384444487F3854545418087E65
:10065000090102081454543C7F0804047800447DC6
:1006600040002040443D00007F10284400417F406E
:10067000007C041804787C08040478384444443826
:100680007C14141408081414187C7C08040408480A
:1006900054545420043F4440203C4040207C1C20C3
:1006A00040201C3C4030403C44281028440C505012
:1006B000503C4464544C44000836410000007F0024
:1006C00000004136080008082A1C08081C2A0808EF
:1006D0006070787C7E1C362A361C303E3F3E3007E8
:1006E000087F09077C444444387C7C4444387C7C43
:1006F0007C44387C7C7C7C381E3276321E000002C2
:10070000050200004E48345F43616C69623A200084
:1007100000000000000000000000000000000000D9
:1007200000000000000000000000000000000000C9
:1007300000000000000000000000000000000000B9
:1007400000000000000000000000000000000000A9
:100750000000000000000000000000000000000099
:100760000000000000000000000000000000000089
:100770000000000000000000000000000000000079
:100780000000000000000000000000000000000069
:100790000000000000000000000000000000000059
:1007A0000000000000000000000000000000000049
:1007B0000000000000000000000000000000000039
:1007C0000000000000000000000000000000000029
:1007D0000000000000000000000000000000000019
:1007E0000000000000000000000000000000000009
:1007F00000000000000000000000000000000000F9
:1008000000000000000000000000000000000000E8
:1008100000000000000000000000000000000000D8
:1008200000000000000000000000000000000000C8
:10083000FEE7FEE7FEE7FEE7FEE77047704770471A
:1008400080B500F05FF824480168491C0160234826
:100850000168491C01600168C92918D300210160A1
:100860001F490878002802D10120087001E000200B
:1008700008700878012805D1012201211948F2F7F2
:10088000B4F804E0002201211648F2F7AEF801BDE9
:1008900080B51548FBF77BFA01BD80B51348FBF71F
:1008A00076FA01BD80B51248F7F73AFD01BD80B573
:1008B0001048F7F735FD01BD80B50F48FEF72CF85D
:1008C00001BD80B50D48FBF762FA01BD80B50C484B
:1008D000F7F726FD01BD0000A82C00208C2C00207D
:1008E000CA2C002000080048582A0020102A0020A6
:1008F00070250020F8250020942B0020C829002016
:10090000E824002003480168034A1278891801602E
:10091000704700BF882C00208F0E0020F0B40246E4
:10092000106895681318506803EB5004C0071CD575
:100930004D441AE013F8017B05F8017B491EF9D1FB
:1009400098B113F8011BC6F38106032E08BF13F8F4
:10095000016B01EB06214942801C294405D011F8A6
:10096000016B05F8016B401EF9D1A3420ED013F8BC
:10097000016B16F0030104BF13F8011BC91C3009F9
:100980000F28DBD113F8010B0F30D7E7F0BC02F1D1
:100990000C007047494420536C6176653A20000092
:1009A0000000000000000000000000000000000047
:1009B0000000000000000000000000000000000037
:1009C0000000000000000000425220536C61766578
:1009D0003A200000000000000000000000000000BD
:1009E0000000000000000000000000000000000007
:1009F000000000000000000000000000A0860100D0
:100A0000400D0300801A060000350C0040420F0024
:100A100080841E0000093D0000127A000024F400CA
:100A200000366E010048E801006CDC0205F50008A4
:100A30000000000035F5000843F5000865F50008E2
:100A40007BF5000883F5000899F50008B7F5000864
:100A5000BBF50008CDF50008303132333435363778
:100A600038396162636465666768696A6B6C6D6E6C
:100A70006F707172737475767778797A0000000000
:100A800030313233343536373839414243444546C4
:100A90004748494A4B4C4D4E4F505152535455566E
:100AA0005758595A0000000010B5074979441831C9
:100AB000064C7C44163404E00A68081D114488473B
:100AC0000146A142F8D110BD2C00000048000000F2
:100AD0004EF68851CEF20001086840F470000860BC
:100AE000BFF34F8FBFF36F8F4FF00070E1EE100A2E
:100AF00070470000175FFFFF441E0000940E0020A7
:100B00000000000019FEFFFF3C0900001E0C000061
:100B100000000020616C61726D206661696C3A2092
:100B200025642D25643A25643A25643A25640D0A26
:100B30000000000000F00DF8002801D0FFF7B4FF1E
:100B4000AFF300800020AFF30080FAF7C2FC00F0A2
:100B500002F80120704700F001B80000074638464F
:100B6000FEF7AAFCFBE70000755F6170705F636FC2
:100B70006D6D3A2074782074696D65722063620D22
:100B80000A000000755F6170705F636F6D3A2075D9
:100B9000617274202564206572726F72210D0A00E3
:100BA000755F6170705F636F6D6D3A20736574205F
:100BB000727463210D0A000073616F766965746752
:100BC000726F75702E636F6D2E766E00535654489B
:100BD0005F53564D5F444C535F56315F315F310078
:100BE00061742B72646C617374666F726C6F673DB5
:100BF0000000000061742B72646C617374666F7224
:100C00006F706572613D000061742B72646C61737A
:100C100074666F726576656E743D000061742B7248
:100C2000646C617374666F726770733D00000000DE
:100C300061742B726573746F7265736C6176653F56
:100C40000000000053565F454E56495F574D5F4EBA
:100C500048340000456E7465722050617373776F7D
:100C600072640000312E4D6F6462757320525455CA
:100C700000000000362E496E666F726D6174696FF8
:100C80006E000000534554204D4F444255532052AE
:100C900054550000312E49442020202020203A20A5
:100CA00000000000322E42617564726174653A2062
:100CB0000000000043414C49422053454E534F52DF
:100CC00000000000312E43616C6962204E48345FA1
:100CD0004E0000005741524E494E47204E48345F67
:100CE0004E00000052414E47452053455454494E52
:100CF000470000005375636365737366756C6C79A8
:100D000021000000000000000000000001020304B8
:100D100006070809526573746F7265204F4B210DE9
:100D20000A00000061742B6D7174746D61696E3D11
:100D30000000000061742B6D7174746D61696E3F09
:100D40000000000061742B6D7174746261636B75D7
:100D5000703D000061742B6D7174746261636B751A
:100D6000703F000061742B726573657470756C73ED
:100D7000653F000061742B666C6F777468726573F1
:100D8000683D000061742B666C6F777468726573E0
:100D9000683F000061742B7175616E7468726573D1
:100DA000683D000061742B7175616E7468726573C3
:100DB000683F000061742B626174746872657368C7
:100DC0003D00000061742B62617474687265736821
:100DD0003F00000061742B65726173656D656D3F46
:100DE0000000000061742B667776657273696F6E20
:100DF0003F00000061742B6C6F67696E6465783F1B
:100E00000000000061742B72646C6173746C6F6716
:100E10003F00000061742B6C6576656C63616C69E2
:100E2000623D000061742B6C6576656C63616C6972
:100E3000623F000061742B6C6576656C7468726546
:100E400073683D0061742B6C6576656C74687265BF
:100E500073683F0061742B657862617474687265B1
:100E600073683D0061742B657862617474687265A3
:100E700073683F0061742B776D6368616E6E656C9B
:100E80003D00000061742B776D6368616E6E656C68
:100E90003F00000061742B6D6F64696E666F723D78
:100EA0000000000061742B6D6F64696E666F723FA5
:100EB0000000000061742B7072657373696E666F59
:100EC000723D000061742B7072657373696E666F9A
:100ED000723F000061742B7265736574736C617688
:100EE000653F000061742B63616C69626E68343F1A
:100EF000000000000148804701480047050F010835
:100F0000511201080248016851F4700101607047F4
:100F100088ED00E054656D7020203A20000000004C
:100F2000332E4F666673657400000000342E5761DF
:100F3000726E696E67000000322E43616C69622038
:100F40007048000043414C4942204E48345F4E00F7
:100F5000322E4E48342B2050313A2000332E4E484A
:100F6000342B2050323A2000342E436F6E66697263
:100F70006D00000043414C494220504800000000F1
:100F8000322E50482050313A20000000332E504875
:100F90002050323A2000000043414C4942204B2B64
:100FA00000000000322E4B2B2050313A2000000070
:100FB000332E4B2B2050323A20000000312E4E4869
:100FC000345F4E3A20000000322E54656D70203A96
:100FD00020000000312E4D6F6465203A2000000093
:100FE000322E55707065723A20000000332E4C6F1F
:100FF0007765723A20000000312E555F4E4834204C
:101000003A200000322E4C5F4E4834203A20000037
:10101000332E555F54656D703A200000342E4C5FBE
:1010200054656D703A2000002A56657273696F6EC0
:1010300000000000576562736974653A00000000A3
:10104000A1DE0008ABDE0008C9DE0008526573654A
:1010500074204F4B210D0A00535F4E48345F5031CE
:101060003A200000204D5F4E48345F50313A200056
:1010700020535F4E48345F50323A2000204D5F4E7F
:1010800048345F50323A200020535F50485F50315F
:101090003A200000204D5F50485F50313A20000058
:1010A00020535F50485F50323A200000204D5F507F
:1010B000485F50323A20000020535F4B5F50313A76
:1010C00020000000204D5F4B5F50313A20000000AF
:1010D00020535F4B5F50323A20000000204D5F4BA1
:1010E0005F50323A2000000061742B736572693DD5
:1010F0000000000061742B736572693F00000000FE
:1011000061742B73696D736572693F0061742B7331
:10111000777365727665720061742B647574793DBE
:101120000000000061742B647574793F00000000BA
:1011300061742B667265716D696E3D0061742B661A
:101140007265716D696E3F0061742B7361766562C3
:101150006F783F0061742B6E756D77616B653D0034
:1011600061742B726561646C6F673D0061742B70F4
:10117000756C73653D00000061742B70756C736550
:101180003F00000061742B64656275673D000000DC
:1011900061742B64656275673F00000061742B6D9C
:1011A00072657365743F000061742B7573657275A9
:1011B000726C3D0061742B757365726674703D00CE
:1011C00061742B746573746C6F673F0061742B726C
:1011D0006561646C6F673F0061742B736C61766549
:1011E0003D00000061742B736C6176653F00000068
:1011F00061742B6F6E74656D683F000061742B6FB6
:10120000666674656D683F0061742B6964736C6118
:1012100076653F0061742B6964736C6176653D008F
:1012200061742B6272736C6176653F0061742B622E
:1012300072736C6176653D001F1C1F1E1F1E1F1FF1
:101240001E1F1E1F1F1D1F1E1F1E1F1F1E1F1E1FB6
:10125000AFF30080FFF73CFCFFF76CFC4E48345FB7
:101260004E2E00006D672F4C000000004C6F67672A
:10127000696E000053455454494E4700322E436175
:101280006C696200352E52616E6765004E48343AD3
:1012900020000000312E526573657400206D672FA9
:1012A0004C00000070483A20000000004B2B3A2010
:1012B000000000004F46465345540000496E666FDB
:1012C000722E00002A4D6F64656C00000000000063
:1012D0000102030480260020000000008027002077
:1012E000000000004552524F520000000000000074
:1012F00000000000000000000C00000000000000E2
:101300000C00000061742B7274633D0061742B72D9
:1013100074633F0061742B6770733F0061742B65C9
:101320006E64000000280020000000003C4E554C78
:101330004C3E0000252E2A6600000000686A6C748E
:101340007A4C00004F4646004F4E00002089430073
:101350004B3A2000423A2000FFF7FEBFFFF7FEBFE6
:10136000FFF7FEBFFFF7FEBFFFF7FEBFFFF7FEBFB1
:10137000FFF7FEBFFFF7FEBFFFF7FEBFFFF7FEBFA1
:10138000FFF7FEBFFFF7FEBFFFF7FEBFFFF7FEBF91
:10139000FFF7FEBFFFF7FEBFFFF7FEBFFFF7FEBF81
:1013A000FFF7FEBFFFF7FEBFFFF7FEBFFFF7FEBF71
:1013B000FFF7FEBFFFF7FEBFFFF7FEBFFFF7FEBF61
:1013C000FFF7FEBFFFF7FEBFFFF7FEBFFFF7FEBF51
:1013D000FFF7FEBFFFF7FEBFFFF7FEBFFFF7FEBF41
:1013E000FFF7FEBFFFF7FEBFFFF7FEBFFFF7FEBF31
:1013F000FFF7FEBFFFF7FEBFFFF7FEBFFFF7FEBF21
:10140000FFF7FEBFFFF7FEBFFFF7FEBFFFF7FEBF10
:10141000FFF7FEBFFFF7FEBFFFF7FEBFFFF7FEBF00
:10142000FFF7FEBFFFF7FEBFFFF7FEBFFFF7FEBFF0
:10143000FFF7FEBFFFF7FEBFFFF7FEBFFFF7FEBFE0
:10144000FFF7FEBFD0033132333400014008F4010E
:101450000000732E000801011A1003D0070000C518
:101460001052022912640850036D2F000803101057
:101470000388130000E9105204102128500367303C
:1014800000080510120A08129B10120608520504E3
:1014900012B310617812FE01F26200011003440CD5
:1014A00001080E79123101B2200120100000456EB2
:1014B00074657220746F205365747570000020107D
:1014C0000557616974696E670B4110200320446FF2
:1014D0006E650952001030034572726F721F10045E
:1014E0000044130108480421D8435C12089207E520
:1014F00092010C25481264242540253C43140F30EA
:101500002118124C442138210CF2016C482201347C
:10151000C3540C18900302180001056061182402DE
:101520000330000184F201744822020CE264482076
:101530000112000211D27C3012031812090CC320D0
:101540000F1812041825ECD22C18120518120B0CC7
:10155000D28448120618120C0CD274781207182282
:101560000D30D11811012603B052941861011003F7
:10157000020400030F1152A41869881203181210F4
:101580000CF201B4481304110CE2C4F031C3D001D1
:10159000000038C0157C1A04E3D30044181101136D
:1015A00005140C528CD88205481305150CC3501332
:1015B0001811481305160CE25418100246000517BE
:1015C0000CD6942011C823051848820F30129C2491
:1015D00011081305190CD25C1815DC13051A0CD26E
:1015E00068A8110813051B0CF20174C013061C0C2B
:1015F000F201A4C0F00104061D00C0F00104061EA3
:1016000000C0F00104061F00C02E060C03C3800FAB
:101610003011081306210CD28C1811C0F0010406F9
:101620002200C01306230CF20198C01307240CF209
:1016300001ACC0F00104072500C0F001040726003A
:10164000C0F00104072700C01307280CF601A4808E
:101650001307290CF601B080F00104072A00C0131B
:10166000072B0CFE01B4780313082C0CD2BC4811D4
:10167000C013082D0C92C8182D080411C013082E91
:101680000CFA01D4D023092F18D17811481309304E
:101690000CD2E06011481309310CD2EC1811F01390
:1016A00009320CF201E460130A330CF201F8A82E9F
:1016B0000A3D06F300041060130A350CC31010C075
:1016C0001160130A360CD21C181108130A370CF6D5
:1016D00001BC20130B380CD32810D880031C000B3E
:1016E00039000161181DF003130B3A0CE6C4C81150
:1016F00030F2023B30120530F2033C481002180071
:101700000C3D0CD6F408F004010318020D10000182
:10171000E20114B3093D12600285DA0008242D307D
:10172000048F91DA4C0721108F07DB4C072101123F
:10173000131052043112E8198F2FDB4C0721014F8F
:1017400035DB4C076101123B102C02CC0B0108A4C5
:1017500004E002940E00208F8004FD5A0008FD5A18
:101760008421084004035B0008315B8852010412A5
:10177000A91043D75B8C52020443455C3C2D5405B1
:101780006DA006529F14219452061452F914211090
:1017900052081443515D142540520A6452A7142183
:1017A00024520B1452D7142D5406520C1443075EC6
:1017B000142138520D145237142138520E1452612C
:1017C00014213843001014128B1412B9043138421A
:1017D000108C1003355F0008950421385203141053
:1017E0000355600008AF0412B0D912607D1EC0FD21
:1017F000051E8039042A4075124B0C1DF807130092
:10180000961812DA0812E10412C25E5627604A01E5
:10181000C021044FE9EF2C09611047FBEF58210C60
:1018200025E01729F05451201003E09304004D10D7
:1018300061401E10790447053B9C211025F0831759
:101840003B40210447A73B94210C2D9C0947E73BD3
:101850009021102D7C09179D3C8C5150100360EA9B
:101860000000B11092061012B71022076111012D6D
:10187000CC0917653D8051202DCC0912E9106B4829
:101880002C38C802803F8028441EE880038B080063
:10189000E852F41069C434010011019469C43401A0
:1018A000240D01906D88075234105205104F440DDD
:1018B000780969C45254106D6803520C50520810D4
:1018C000431811706209605110520A1052303052A0
:1018D0000B10523C10520C10526460520D105248C2
:1018E00020620E805110520F105260106DEC0352A6
:1018F000744052111052841052121052941052130C
:101900001052A41052141012B410217C521510520F
:10191000C410521610126C7021DC5217105278103D
:101920005218105E04040A521910520C10521A1068
:10193000528430521B10529010521C10129C1025D1
:101940002C521D1056D490521E1052E490521F106B
:1019500056A800690552B41052211052F440522288
:101960001052C02052231052CC1052241043040EA7
:10197000605225101EE0AC04255C62265011102533
:101980004C52271043080C1052281047140E505286
:101990002910522410522A1012341025BC522B1038
:1019A000524410622C405530522D10431C0C805272
:1019B0002E1056D830522F1052E41052301052547C
:1019C0005052311052641052321056F0605233109F
:1019D00056FC006D590D5674005235105284105249
:1019E000361047940E5052371052A41052381052ED
:1019F000B4F06DF40652C410523A1052D4106DE493
:101A0000065230E06DDC06430812906D96065214C3
:101A100010523E10522010523F10522C10524010C3
:101A200052E490524110161C502DBC034B2C202325
:101A3000432C22081003580A01088004F00108CE44
:101A40006C000452FF01E3866A141D600400020367
:031A50002D010362
:04000005080112518B
:00000001FF
